window,t_start_us,t_end_us,duration_ms,event_count,active_pixels,feature_count,feature_density_per_kpixel,spatial_coverage_percent,mean_score,std_score,max_score,processing_ms,meaningful
0,0,44064,44.064,227,190,31,0.7175925925925926,4.62962962962963,6.161290322580645,1.1386685544982444,9,1.1164149982505478,True
1,44064,88129,44.065,997,605,537,12.430555555555555,22.22222222222222,6.998137802607077,2.1778460211863937,17,0.9137319939327426,True
2,88129,132195,44.066,1084,718,532,12.314814814814815,27.77777777777778,6.75,1.9762452056316178,15,0.7189509997260757,True
3,132195,176260,44.065,1352,832,710,16.435185185185183,28.703703703703702,6.915492957746479,2.044204992843748,15,0.666776999423746,True
4,176260,220326,44.066,674,558,176,4.0740740740740735,15.74074074074074,5.8125,1.1301963325015703,10,0.56188199960161,True
5,220326,264391,44.065,196,182,12,0.2777777777777778,2.7777777777777777,5.166666666666667,0.372677996249965,6,0.5221709943725727,True
6,264391,308456,44.065,865,629,313,7.245370370370371,20.37037037037037,6.281150159744409,1.6257303946565673,12,0.6468560022767633,True
7,308456,352522,44.066,806,550,368,8.518518518518519,23.14814814814815,6.326086956521739,1.6091362498867001,12,0.6810880004195496,True
8,352522,396587,44.065,1624,877,873,20.208333333333332,25.925925925925927,7.548682703321878,2.474655259665695,20,0.5272819980746135,True
9,396587,440652,44.065,1906,1045,1000,23.148148148148145,27.77777777777778,7.509,2.749166964736773,21,0.4463239965843968,True
10,440652,484718,44.066,2307,1147,1124,26.018518518518515,28.703703703703702,8.169928825622776,2.839813473510052,20,0.42553900129860267,True
11,484718,528783,44.065,2803,1327,1369,31.689814814814817,30.555555555555557,8.224251278305333,3.069936560847178,20,0.49713800399331376,True
12,528783,572848,44.065,3365,1507,1563,36.18055555555556,28.703703703703702,8.54638515674984,2.9807858865886807,19,0.500303998705931,True
13,572848,616914,44.066,3164,1495,1519,35.16203703703704,28.703703703703702,8.212639894667545,3.037002146341207,19,0.47676100075477734,True
14,616914,660979,44.065,3070,1497,1504,34.81481481481481,30.555555555555557,8.035239361702128,3.048274310572001,20,0.4544890034594573,True
15,660979,705045,44.066,2994,1396,1389,32.15277777777778,31.48148148148148,8.362131029517638,3.173963563554829,21,0.43814700620714575,True
16,705045,749110,44.065,3566,1562,1603,37.10648148148148,36.111111111111114,8.66500311915159,3.2430266543521777,20,0.49323100392939523,True
17,749110,793175,44.065,3819,1664,1710,39.58333333333333,37.03703703703704,8.655555555555555,3.139832958478444,20,0.5116790052852593,True
18,793175,837241,44.066,3721,1665,1626,37.638888888888886,37.96296296296296,8.758917589175892,3.2951841275993776,20,0.4866219969699159,True
19,837241,881306,44.065,3774,1685,1703,39.4212962962963,32.407407407407405,8.661186142102173,3.2280247077423434,20,0.4701939978986047,True
20,881306,925371,44.065,3930,1728,1751,40.532407407407405,34.25925925925926,8.607652769845803,3.120596950910335,19,0.49488300282973796,True
21,925371,969437,44.066,3574,1596,1661,38.449074074074076,33.333333333333336,8.678506923540036,3.2546287787025063,20,0.5267400047159754,True
22,969437,1013502,44.065,3791,1677,1747,40.43981481481482,34.25925925925926,8.582140812821981,3.1755508104632852,21,0.675319999572821,True
23,1013502,1057567,44.065,3867,1727,1826,42.26851851851852,32.407407407407405,8.546549835706463,3.165094336649886,19,0.5586620027315803,True
24,1057567,1101633,44.066,4054,1795,1883,43.58796296296296,32.407407407407405,8.661710037174721,3.224269795820474,20,0.5654220003634691,True
25,1101633,1145698,44.065,3398,1649,1678,38.842592592592595,31.48148148148148,8.180572109654351,3.086195826361318,21,0.585144996875897,True
26,1145698,1189764,44.066,3378,1628,1692,39.16666666666667,36.111111111111114,8.18676122931442,3.0069839365259674,20,0.47628299944335595,True
27,1189764,1233829,44.065,3907,1796,1891,43.77314814814815,37.03703703703704,8.395029085140138,3.1291530435000867,20,0.5075470035080798,True
28,1233829,1277894,44.065,3293,1597,1594,36.898148148148145,41.666666666666664,8.331869510664994,3.2831115154105284,23,0.45278199831955135,True
29,1277894,1321960,44.066,3659,1678,1802,41.71296296296297,38.888888888888886,8.450610432852386,3.1642165780821503,21,0.4907120019197464,True
30,1321960,1366025,44.065,3132,1511,1546,35.78703703703703,38.888888888888886,8.29301423027167,3.121335062165231,22,0.44852499559056014,True
31,1366025,1410090,44.065,3902,1787,1870,43.28703703703703,38.888888888888886,8.53903743315508,3.0968890952240242,20,0.48083200090331957,True
32,1410090,1454156,44.066,2839,1424,1409,32.61574074074074,37.03703703703704,8.18665720369056,3.0463545743461533,20,0.4361730025266297,True
33,1454156,1498221,44.065,3394,1643,1718,39.76851851851852,36.111111111111114,8.186263096623982,3.1088513659436785,21,0.46563600335502997,True
34,1498221,1542287,44.066,3185,1561,1610,37.26851851851852,37.96296296296296,8.191304347826087,3.231740705582325,21,0.4355729979579337,True
35,1542287,1586352,44.065,3078,1500,1589,36.78240740740741,37.03703703703704,8.159848961611075,3.1108529609398587,20,0.44239000271772966,True
36,1586352,1630417,44.065,3867,1790,1876,43.425925925925924,37.03703703703704,8.402985074626866,3.1167187316518086,20,0.4708639971795492,True
37,1630417,1674483,44.066,4566,2013,2153,49.83796296296297,37.03703703703704,8.54296330701347,3.154062096318345,20,0.5261570040602237,True
38,1674483,1718548,44.065,4551,1960,2079,48.125,37.03703703703704,8.905723905723907,3.2643306638253895,23,0.5067149977548979,True
39,1718548,1762613,44.065,4457,1944,2008,46.48148148148149,38.888888888888886,8.77390438247012,3.2587113245627304,23,0.510741003381554,True
40,1762613,1806679,44.066,4064,1850,1905,44.09722222222223,39.81481481481482,8.47979002624672,3.051394579498944,22,0.49989500257652253,True
41,1806679,1850744,44.065,3499,1687,1668,38.61111111111111,39.81481481481482,8.320143884892087,3.1272994576411075,22,0.5239890015218407,True
42,1850744,1894809,44.065,2895,1521,1442,33.379629629629626,35.18518518518518,7.904299583911234,3.0035569923849756,21,0.5121420035720803,True
43,1894809,1938875,44.066,3191,1631,1565,36.22685185185185,36.111111111111114,7.94888178913738,3.0204743870404536,21,0.6957220030017197,True
44,1938875,1982940,44.065,3468,1690,1759,40.71759259259259,35.18518518518518,8.025014212620807,2.8295222824983113,20,0.4939270002068952,True
45,1982940,2027006,44.066,3147,1531,1449,33.541666666666664,34.25925925925926,8.55072463768116,3.1476789063807886,20,0.47710799844935536,True
46,2027006,2071071,44.065,3624,1724,1729,40.023148148148145,34.25925925925926,8.378831694621168,3.1140704989305403,22,0.4797989968210459,True
47,2071071,2115136,44.065,3671,1724,1758,40.69444444444444,34.25925925925926,8.398179749715586,3.1325726609645406,21,0.4967240020050667,True
48,2115136,2159202,44.066,4191,1833,1965,45.48611111111111,34.25925925925926,8.598473282442749,3.2450545986967327,22,0.6537630033562891,True
49,2159202,2203267,44.065,4052,1806,1887,43.68055555555556,37.03703703703704,8.559618441971383,3.1825773490291445,21,0.5322919969330542,True
50,2203267,2247332,44.065,3959,1773,1842,42.638888888888886,37.03703703703704,8.65526601520087,3.1908267948903974,22,0.5294760048855096,True
51,2247332,2291399,44.067,3981,1771,1842,42.638888888888886,37.96296296296296,8.704125950054289,3.2407681160436383,21,0.5364170065149665,True
52,2291399,2335464,44.065,4329,1871,1998,46.25,37.03703703703704,8.707207207207206,3.1403375340775144,21,0.5839869991177693,True
53,2335464,2379528,44.064,4098,1802,1900,43.98148148148148,36.111111111111114,8.696315789473685,3.2217822960955793,21,0.5553489972953685,True
54,2379528,2423594,44.066,4630,1953,2060,47.68518518518518,33.333333333333336,8.821844660194175,3.209937315291773,20,0.5412739992607385,True
55,2423594,2467659,44.065,4399,1916,1927,44.60648148148148,31.48148148148148,8.75454073689673,3.0985288512971416,21,0.5010669992771,True
56,2467659,2511725,44.066,4129,1798,1885,43.63425925925926,32.407407407407405,8.773474801061008,3.2968334409594724,23,0.5119080014992505,True
57,2511725,2555790,44.065,3339,1592,1623,37.56944444444445,30.555555555555557,8.312384473197781,3.1308121375840057,20,0.4844550057896413,True
58,2555790,2599855,44.065,1967,1154,1010,23.37962962962963,29.62962962962963,7.322772277227723,2.6353980738302667,18,0.45019699609838426,True
59,2599855,2643921,44.066,991,720,406,9.398148148148149,23.14814814814815,6.211822660098522,1.4416254263949395,11,0.3041950039914809,True
60,2643921,2687986,44.065,328,301,23,0.5324074074074074,6.481481481481482,5.304347826086956,0.5465132647815883,7,0.25378799909958616,True
61,2687986,2732051,44.065,491,389,110,2.5462962962962967,12.037037037037036,5.945454545454545,1.1507812653415752,10,0.2576710030552931,True
62,2732051,2776117,44.066,1203,759,641,14.837962962962962,25.0,6.937597503900156,2.0483637167261115,15,0.324945998727344,True
63,2776117,2820182,44.065,1994,1101,1067,24.699074074074076,29.62962962962963,7.571696344892221,2.445519827256935,18,0.3510290043777786,True
64,2820182,2864248,44.066,2992,1428,1524,35.27777777777778,29.62962962962963,8.375984251968504,3.183326911499004,21,0.411243992857635,True
65,2864248,2908313,44.065,2637,1323,1323,30.625,30.555555555555557,8.136054421768707,2.9635618041395944,20,0.3828879998764023,True
66,2908313,2952378,44.065,3064,1465,1558,36.06481481481482,31.48148148148148,8.382541720154043,3.0666541809792816,21,0.41753100231289864,True
67,2952378,2996444,44.066,4292,1838,1932,44.72222222222222,31.48148148148148,8.961697722567287,3.2897643530639797,22,0.44449299457482994,True
68,2996444,3040509,44.065,4790,1974,2093,48.449074074074076,34.25925925925926,9.118967988533205,3.508189652071928,22,0.46792499779257923,True
69,3040509,3084574,44.065,4391,1851,1950,45.138888888888886,36.111111111111114,9.077948717948718,3.496529546445307,21,0.454195003840141,True
70,3084574,3128640,44.066,5246,2109,2173,50.300925925925924,42.592592592592595,9.22457432121491,3.461603716559087,22,0.4835760046262294,True
71,3128640,3172705,44.065,5569,2197,2335,54.050925925925924,37.03703703703704,9.251391862955032,3.570485303205277,22,0.5210689996602014,True
72,3172705,3216770,44.065,6501,2468,2570,59.49074074074074,37.03703703703704,9.247859922178987,3.4712332679627953,21,0.5646329955197871,True
73,3216770,3260836,44.066,6253,2388,2446,56.62037037037037,35.18518518518518,9.25715453802126,3.383334764309523,22,0.5517219979083166,True
74,3260836,3304901,44.065,6209,2395,2410,55.78703703703704,35.18518518518518,9.24564315352697,3.4482889649105197,21,0.526495001395233,True
75,3304901,3348967,44.066,6754,2570,2580,59.72222222222223,37.96296296296296,9.153875968992248,3.3989231787897154,22,0.6233840031200089,True
76,3348967,3393032,44.065,7527,2774,2791,64.60648148148148,41.666666666666664,9.23217484772483,3.40313840750922,24,0.7060369971441105,True
77,3393032,3437097,44.065,7274,2753,2755,63.773148148148145,37.96296296296296,9.049001814882033,3.297603196856294,22,0.7174540005507879,True
78,3437097,3481163,44.066,7666,2869,2853,66.04166666666667,37.96296296296296,9.016123378899405,3.3175894401138297,24,1.0965309993480332,True
79,3481163,3525228,44.065,7581,2846,2810,65.04629629629629,38.888888888888886,9.015302491103203,3.1803635724525456,22,0.7296399999177083,True
80,3525228,3569293,44.065,7235,2728,2728,63.148148148148145,39.81481481481482,9.076612903225806,3.3311264146429567,21,0.68370300141396,True
81,3569293,3613359,44.066,6853,2615,2674,61.898148148148145,39.81481481481482,9.069558713537772,3.2896259320939065,22,0.6708720029564574,True
82,3613359,3657424,44.065,6456,2508,2445,56.59722222222222,37.96296296296296,9.010633946830266,3.2423402589422405,21,0.6826050012023188,True
83,3657424,3701489,44.065,6621,2504,2547,58.958333333333336,36.111111111111114,9.065174715351393,3.327036514067884,22,0.7260929996846244,True
84,3701489,3745555,44.066,5944,2337,2239,51.8287037037037,36.111111111111114,8.94283162125949,3.0809158026313574,19,0.631618000625167,True
85,3745555,3789620,44.065,4431,1910,1935,44.791666666666664,35.18518518518518,8.771059431524547,3.25358711427295,22,0.518911998369731,True
86,3789620,3833686,44.066,4251,1850,1913,44.28240740740741,35.18518518518518,8.684265551489807,3.133657595915184,23,0.5999979985062964,True
87,3833686,3877751,44.065,4838,1993,2087,48.31018518518518,33.333333333333336,8.908481073310973,3.266440110311418,21,0.5497689999174327,True
88,3877751,3921816,44.065,5068,2031,2055,47.56944444444444,35.18518518518518,8.959610705596107,3.1985130128262296,21,0.543654001376126,True
89,3921816,3965882,44.066,5031,2034,1987,45.99537037037037,35.18518518518518,8.952189229994968,3.0738648607426557,20,0.505750002048444,True
90,3965882,4009947,44.065,4639,1906,1963,45.43981481481482,34.25925925925926,8.857361181864492,3.2774613645144464,22,0.5112619983265176,True
91,4009947,4054012,44.065,4898,1923,2035,47.10648148148148,30.555555555555557,9.023095823095822,3.257191212192421,21,0.4921729996567592,True
92,4054012,4098078,44.066,4802,1888,2042,47.26851851851851,31.48148148148148,9.072967678746327,3.3600557204601333,20,0.5152390003786422,True
93,4098078,4142143,44.065,4111,1718,1886,43.65740740740741,29.62962962962963,9.015376458112407,3.509912797881919,22,0.45707999379374087,True
94,4142143,4186209,44.066,4880,1906,2084,48.24074074074074,31.48148148148148,9.309021113243762,3.608410840281434,23,0.5156210027053021,True
95,4186209,4230274,44.065,5196,2060,2117,49.004629629629626,33.333333333333336,9.11620217288616,3.2464081576506154,20,0.509941004565917,True
96,4230274,4274339,44.065,6930,2596,2466,57.083333333333336,37.03703703703704,8.788726682887267,2.947700837570181,20,0.7332470049732365,True
97,4274339,4318405,44.066,7465,2771,2515,58.21759259259259,33.333333333333336,8.757057654075547,2.8787672855149578,20,0.6549649988301098,True
98,4318405,4362470,44.065,8173,3050,2588,59.90740740740741,32.407407407407405,8.33500772797527,2.6530834398365073,20,0.6896729973959737,True
99,4362470,4406535,44.065,7218,2717,2413,55.85648148148148,30.555555555555557,8.660588479071695,2.905831195642887,20,0.600393999775406,True
100,4406535,4450601,44.066,6427,2445,2347,54.3287037037037,32.407407407407405,8.895611418832551,2.97105944140334,20,0.5771649957750924,True
101,4450601,4494666,44.065,8695,3227,2463,57.01388888888889,37.03703703703704,8.205440519691432,2.504567252890887,20,0.683829995978158,True
102,4494666,4538731,44.065,7055,2731,2250,52.083333333333336,32.407407407407405,8.229777777777779,2.57631993259023,17,0.6500710005639121,True
103,4538731,4582798,44.067,6239,2392,2145,49.65277777777777,27.77777777777778,8.647086247086246,2.779868042770876,19,0.6693059985991567,True
104,4582798,4626863,44.065,8019,2994,2119,49.05092592592593,27.77777777777778,7.993865030674846,2.432177738930934,23,0.6629350027651526,True
105,4626863,4670928,44.065,6609,2498,1947,45.06944444444445,29.62962962962963,8.209039548022599,2.6471991870036393,22,0.6955310018383898,True
106,4670928,4714993,44.065,8207,3055,1813,41.96759259259259,25.925925925925927,8.13127413127413,2.877222564178011,22,0.8079399995040148,True
107,4714993,4759058,44.065,6154,2258,1698,39.30555555555556,23.14814814814815,8.54416961130742,3.0296130980121223,22,0.6423579980037175,True
108,4759058,4803124,44.066,6482,2339,1603,37.10648148148148,26.85185185185185,8.48097317529632,2.9413236314340736,22,0.6109440000727773,True
109,4803124,4847189,44.065,5813,2130,1534,35.50925925925926,22.22222222222222,8.421773142112125,2.8069239192684887,20,0.5892819972359575,True
110,4847189,4891254,44.065,3490,1372,1267,29.328703703703702,17.59259259259259,9.071033938437253,3.2706881392355744,22,0.46155499876476824,True
111,4891254,4935320,44.066,5781,2041,1528,35.370370370370374,18.51851851851852,8.31609947643979,2.613938167599062,21,0.5495340010384098,True
112,4935320,4979385,44.065,5670,2004,1490,34.49074074074074,20.37037037037037,8.171140939597315,2.681199653916671,20,0.619348997133784,True
113,4979385,5023450,44.065,4267,1541,1379,31.921296296296294,19.444444444444443,8.462654097171864,2.7243199663752735,18,0.5227629953878932,True
114,5023450,5067516,44.066,5137,1845,1400,32.407407407407405,18.51851851851852,8.01142857142857,2.485934308817331,19,0.5105359959998168,True
115,5067516,5111581,44.065,3947,1445,1287,29.791666666666668,17.59259259259259,8.427350427350428,2.7241698214268895,20,0.44741299643646926,True
116,5111581,5155647,44.066,3464,1280,1156,26.75925925925926,16.666666666666668,8.300173010380623,2.5803422369974114,19,0.3932800027541816,True
117,5155647,5199712,44.065,3807,1379,1234,28.564814814814813,19.444444444444443,8.252836304700162,2.631795837402261,18,0.4481739961192943,True
118,5199712,5243777,44.065,4196,1485,1334,30.87962962962963,18.51851851851852,8.28935532233883,2.651455548546864,17,0.44149400491733104,True
119,5243777,5287843,44.066,3989,1406,1335,30.90277777777778,18.51851851851852,8.785767790262172,2.904049811792924,21,0.4764400000567548,True
120,5287843,5331908,44.065,5326,1824,1586,36.71296296296296,22.22222222222222,8.495586380832282,2.639126148014922,19,0.4961000013281591,True
121,5331908,5375973,44.065,4975,1743,1617,37.43055555555556,21.296296296296298,8.701917130488559,2.948781920665458,20,0.4886479946435429,True
122,5375973,5420039,44.066,5404,1884,1759,40.71759259259259,24.074074074074073,8.802728823194997,2.9256998600684367,20,0.7989929945324548,True
123,5420039,5464104,44.065,4445,1719,1681,38.91203703703704,19.444444444444443,8.632956573468174,2.8617286562046598,19,0.49395299720345065,True
124,5464104,5508170,44.066,5627,2085,1833,42.43055555555556,23.14814814814815,8.284779050736498,2.5630452486869975,21,0.6060669984435663,True
125,5508170,5552235,44.065,8070,2906,2082,48.19444444444444,25.925925925925927,8.064361191162345,2.6335031621556277,23,0.6220670038601384,True
126,5552235,5596300,44.065,8403,2979,2197,50.85648148148148,27.77777777777778,8.161583978152025,2.579428940388618,20,0.6499629962490872,True
127,5596300,5640366,44.066,6247,2331,2005,46.41203703703704,27.77777777777778,8.560598503740648,2.6879139564548,20,0.5420029992819764,True
128,5640366,5684431,44.065,8986,3151,2296,53.148148148148145,28.703703703703702,8.36411149825784,2.770992318032031,22,0.674137998430524,True
129,5684431,5728496,44.065,7514,2711,2220,51.388888888888886,29.62962962962963,8.691441441441441,2.923471140242735,27,0.6018810017849319,True
130,5728496,5772562,44.066,7496,2742,2284,52.870370370370374,29.62962962962963,8.478108581436077,2.830740794439309,24,0.7302579979295842,True
131,5772562,5816627,44.065,10652,3724,2733,63.263888888888886,34.25925925925926,8.271862422246615,2.7095666202856323,25,0.9509950032224879,True
132,5816627,5860692,44.065,8146,3011,2352,54.44444444444444,37.96296296296296,8.27593537414966,2.641402265425751,21,0.6849130004411563,True
133,5860692,5904758,44.066,9363,3452,2637,61.041666666666664,38.888888888888886,8.402730375426621,2.6858172098410558,23,0.7760230000712909,True
134,5904758,5948823,44.065,11683,4237,2909,67.33796296296296,44.44444444444444,8.129941560673771,2.598415711754289,24,0.9026460029417649,True
135,5948823,5992889,44.066,9546,3533,2877,66.59722222222223,38.888888888888886,8.354535974973931,2.5975827180082036,21,0.7546330016339198,True
136,5992889,6036954,44.065,12311,4407,3169,73.35648148148148,38.888888888888886,8.24865888292837,2.6701520244108923,23,0.8652900069137104,True
137,6036954,6081019,44.065,11644,4254,2997,69.375,42.592592592592595,8.239572906239573,2.614733711774519,24,0.7902290017227642,True
138,6081019,6125085,44.066,10980,4066,2833,65.57870370370371,40.74074074074074,8.110130603600423,2.5928326670961868,24,0.8365460016648285,True
139,6125085,6169150,44.065,9225,3509,2754,63.75,37.03703703703704,8.404139433551197,2.6119935103681526,23,0.7186490038293414,True
140,6169150,6213215,44.065,10547,3895,2926,67.73148148148148,41.666666666666664,8.53485987696514,2.6830742289448257,21,0.7085270044626668,True
141,6213215,6257281,44.066,11070,4068,2895,67.01388888888889,38.888888888888886,8.30259067357513,2.5043610025453966,19,0.7720779976807535,True
142,6257281,6301346,44.065,9335,3519,2743,63.49537037037037,35.18518518518518,8.594239883339409,2.736541254038632,21,0.6680200021946803,True
143,6301346,6345411,44.065,9152,3426,2647,61.273148148148145,37.96296296296296,8.567434831885153,2.699236126010915,20,0.6763829951523803,True
144,6345411,6389477,44.066,5395,2232,2094,48.47222222222222,34.25925925925926,8.526743075453677,2.8596593451131427,20,0.49155400483869016,True
145,6389477,6433542,44.065,4873,1983,1931,44.69907407407407,34.25925925925926,8.521491455204558,2.8761648489844815,20,0.4821580005227588,True
146,6433542,6477608,44.066,5172,2095,1940,44.90740740740741,32.407407407407405,8.834020618556702,3.0629608543778626,20,0.4751110027427785,True
147,6477608,6521673,44.065,4220,1857,1769,40.949074074074076,33.333333333333336,8.689655172413794,3.1542787874742086,19,0.4308010029490106,True
148,6521673,6565738,44.065,4778,1977,1954,45.23148148148148,35.18518518518518,8.775332650972365,3.12813781330132,20,0.46632299927296117,True
149,6565738,6609804,44.066,6870,2598,2393,55.39351851851852,33.333333333333336,9.161303802758045,3.076930915372574,20,0.5415020059444942,True
150,6609804,6653869,44.065,8156,3110,2617,60.5787037037037,37.03703703703704,8.878486816965992,3.01995394366458,23,0.6040150037733838,True
151,6653869,6697934,44.065,8181,3086,2604,60.27777777777778,37.03703703703704,8.901305683563749,3.021532782142561,24,0.6318109954008833,True
152,6697934,6742000,44.066,8225,3112,2643,61.18055555555556,40.74074074074074,8.96027241770715,3.0544824869207394,22,0.649268004053738,True
153,6742000,6786065,44.065,8267,3252,2536,58.7037037037037,37.03703703703704,8.719637223974763,3.0124388592985336,22,0.6065120032872073,True
154,6786065,6830131,44.066,7990,3177,2300,53.24074074074074,37.03703703703704,8.702173913043477,3.0594819915650384,22,0.6468030042015016,True
155,6830131,6874197,44.066,6336,2593,2191,50.717592592592595,37.03703703703704,8.78411684162483,3.0019685665150435,20,0.6034430043655448,True
156,6874197,6918262,44.065,5649,2351,2138,49.49074074074074,37.03703703703704,8.421889616463986,2.735575792025261,18,0.5677360022673383,True
157,6918262,6962327,44.065,4725,1964,2007,46.45833333333333,34.25925925925926,9.163926258096662,3.244793327388045,22,0.492521001433488,True
158,6962327,7006392,44.065,5874,2202,2186,50.60185185185185,34.25925925925926,9.261665141811529,3.0971113314946193,20,0.5828270004712977,True
159,7006392,7050457,44.065,6780,2485,2281,52.800925925925924,37.96296296296296,9.177553704515564,3.1783939286470333,20,0.6628710034419782,True
160,7050457,7094523,44.066,7126,2657,2386,55.23148148148148,36.111111111111114,9.09094719195306,3.1473497985013754,19,0.6275820051087067,True
161,7094523,7138588,44.065,8691,3239,2712,62.77777777777778,37.96296296296296,8.685103244837759,2.8463011091748123,20,0.6764060017303564,True
162,7138588,7182653,44.065,10412,3897,2874,66.52777777777779,36.111111111111114,8.320807237299931,2.6703751002033727,21,0.8044509959290735,True
163,7182653,7226719,44.066,9945,3825,2993,69.2824074074074,34.25925925925926,8.186100902104911,2.5657632903525616,19,0.7073390006553382,True
164,7226719,7270784,44.065,13118,5097,2851,65.99537037037037,45.370370370370374,7.765696246930902,2.4336502393586956,20,0.8741169949644245,True
165,7270784,7314850,44.066,9521,3729,2758,63.84259259259259,38.888888888888886,8.131979695431472,2.580956039795268,23,0.6791659980081022,True
166,7314850,7358915,44.065,7873,3057,2626,60.78703703703704,35.18518518518518,8.481340441736481,2.6855786535416115,20,0.6257050044951029,True
167,7358915,7402980,44.065,7444,2885,2549,59.004629629629626,32.407407407407405,8.800313848568067,2.9819227651587434,21,0.5974919986329041,True
168,7402980,7447046,44.066,2834,1536,1404,32.5,29.62962962962963,7.7898860398860394,2.5660805721338154,18,0.3631549989222549,True
169,7447046,7491111,44.065,4085,1811,1856,42.96296296296296,32.407407407407405,8.392241379310345,2.582313880266841,18,0.42705200030468404,True
170,7491111,7535176,44.065,2768,1459,1404,32.5,31.48148148148148,7.839031339031339,2.744798380576434,21,0.3645329998107627,True
171,7535176,7579242,44.066,3635,1678,1739,40.254629629629626,32.407407407407405,8.472685451408855,2.927085206904172,19,0.41264699393650517,True
172,7579242,7623307,44.065,2791,1501,1406,32.5462962962963,33.333333333333336,7.778805120910384,2.551630220064288,18,0.3659430003608577,True
173,7623307,7667372,44.065,2329,1188,1293,29.930555555555554,34.25925925925926,7.646558391337973,2.5429758868406407,17,0.34451999817974865,True
174,7667372,7711438,44.066,6609,2583,2420,56.01851851851852,36.111111111111114,8.49297520661157,2.6888874914235528,19,0.5469709940371104,True
175,7711438,7755503,44.065,5080,2180,2071,47.93981481481482,34.25925925925926,8.900531144374698,3.179751653411603,20,0.4828099990845658,True
176,7755503,7799569,44.066,3768,1850,1803,41.736111111111114,30.555555555555557,8.068219633943428,2.67821359417646,19,0.41609699837863445,True
177,7799569,7843634,44.065,4146,1912,1748,40.46296296296296,31.48148148148148,8.433638443935926,2.8601361423142793,19,0.4237200046190992,True
178,7843634,7887699,44.065,3200,1533,1717,39.74537037037037,30.555555555555557,8.150262085032033,2.6733692150261597,17,0.39163300243671983,True
179,7887699,7931765,44.066,5861,2235,2221,51.41203703703703,34.25925925925926,8.524088248536696,2.623789039409287,21,0.4964719992130995,True
180,7931765,7975830,44.065,12851,4633,2765,64.00462962962963,40.74074074074074,7.732730560578662,2.348597202353631,21,0.8061109983827919,True
181,7975830,8019895,44.065,6352,2495,2296,53.148148148148145,34.25925925925926,8.929878048780488,3.220937489715383,21,0.5295590017340146,True
182,8019895,8063961,44.066,4408,1761,1985,45.949074074074076,30.555555555555557,9.032745591939547,3.0790485246076633,23,0.48551199870416895,True
183,8063961,8108026,44.065,4067,1623,1942,44.9537037037037,29.62962962962963,9.227085478887744,3.224428457790324,20,0.45970499922987074,True
184,8108026,8152092,44.066,4472,1807,1853,42.89351851851852,27.77777777777778,8.924986508364814,3.2043694134179534,21,0.47191700286930427,True
185,8152092,8196157,44.065,5944,2225,2122,49.12037037037037,26.85185185185185,9.08105560791706,3.162132987531994,22,0.5614080000668764,True
186,8196157,8240222,44.065,5534,2114,2064,47.77777777777778,31.48148148148148,9.061046511627907,3.1984059240817153,23,0.6198979972396046,True
187,8240222,8284288,44.066,5618,2190,2080,48.148148148148145,31.48148148148148,9.059615384615384,3.3098489168043614,20,0.6022590023349039,True
188,8284288,8328353,44.065,3445,1485,1467,33.958333333333336,28.703703703703702,8.597137014314928,2.8813042348390625,18,0.44876000174554065,True
189,8328353,8372418,44.065,4937,1943,1899,43.958333333333336,31.48148148148148,8.725118483412322,3.0048680749120606,21,0.4846969968639314,True
190,8372418,8416484,44.066,4742,1877,1951,45.16203703703704,28.703703703703702,8.625832906201948,2.8013742345522186,18,0.4670190028264187,True
191,8416484,8460549,44.065,3947,1744,1705,39.467592592592595,30.555555555555557,8.270967741935484,2.775765768768141,19,0.485972996102646,True
192,8460549,8504614,44.065,5405,2140,2099,48.58796296296296,35.18518518518518,8.56026679371129,2.8028031849330675,18,0.5464889982249588,True
193,8504614,8548680,44.066,6531,2424,2375,54.976851851851855,37.03703703703704,8.818526315789473,2.751672015500108,18,0.5908500024816021,True
194,8548680,8592745,44.065,8589,3034,2654,61.43518518518518,37.03703703703704,8.608892238131123,2.7657904636676447,22,0.691597000695765,True
195,8592745,8636811,44.066,7700,2791,2661,61.59722222222222,33.333333333333336,8.864712514092446,2.720010645653151,21,0.6239990034373477,True
196,8636811,8680876,44.065,11856,4133,2900,67.12962962962963,40.74074074074074,8.227241379310344,2.7518801053370443,22,0.7964389951666817,True
197,8680876,8724941,44.065,6810,2638,2628,60.833333333333336,35.18518518518518,8.664003044140031,2.8799095918484254,20,0.5737030005548149,True
198,8724941,8769007,44.066,8783,3180,2980,68.98148148148148,37.96296296296296,8.497986577181209,2.6643928454188504,20,0.632657996902708,True
199,8769007,8813072,44.065,12721,4505,3009,69.65277777777777,41.666666666666664,8.091060152874709,2.613908749208716,20,0.7973059982759878,True
200,8813072,8857137,44.065,7869,2917,2780,64.35185185185185,37.03703703703704,8.876978417266187,2.9160882576069076,19,0.735941001039464,True
201,8857137,8901203,44.066,8941,3260,3004,69.53703703703704,38.888888888888886,8.655792276964048,2.784425560839279,21,0.6785450023016892,True
202,8901203,8945268,44.065,7850,3076,2775,64.2361111111111,41.666666666666664,8.542702702702703,2.716694449406141,19,0.6196909962454811,True
203,8945268,8989333,44.065,2373,1308,1282,29.675925925925924,35.18518518518518,7.380655226209049,2.4003120327594853,18,0.3484839980956167,True
204,8989333,9033399,44.066,5733,2363,2394,55.41666666666667,38.888888888888886,8.628654970760234,2.8224303170001512,20,0.5193440010771155,True
205,9033399,9077464,44.065,4483,1954,2094,48.47222222222222,37.03703703703704,8.847659980897804,3.0491362496787926,21,0.4454529989743605,True
206,9077464,9121530,44.066,5879,2421,2372,54.907407407407405,38.888888888888886,8.448988195615515,2.723703612887349,21,0.5350729989004321,True
207,9121530,9165595,44.065,5736,2185,2496,57.77777777777778,37.03703703703704,9.393028846153847,3.3845093183637385,21,0.5206560017541051,True
208,9165595,9209660,44.065,9545,3619,2741,63.449074074074076,38.888888888888886,8.126596132798248,2.623322496391285,21,0.6752100016456097,True
209,9209660,9253726,44.066,4854,1968,2067,47.84722222222222,37.96296296296296,8.960328979196904,3.1852000349808285,21,0.4901409993181005,True
210,9253726,9297791,44.065,1651,965,777,17.98611111111111,33.333333333333336,7.564993564993565,3.038781470413168,21,0.31215499620884657,True
211,9297791,9341856,44.065,6195,2466,2479,57.38425925925926,37.96296296296296,8.614764017749092,2.763437567080579,23,0.5447069997899234,True
212,9341856,9385922,44.066,5506,2270,2265,52.43055555555556,32.407407407407405,9.039735099337749,3.099699041223709,22,0.5106699973111972,True
213,9385922,9429987,44.065,2777,1466,1357,31.412037037037038,32.407407407407405,7.868091378039794,2.973400668881934,20,0.36839600215898827,True
214,9429987,9474053,44.066,4681,1958,2070,47.91666666666667,34.25925925925926,8.98840579710145,3.0635555847472324,19,0.47882599756121635,True
215,9474053,9518118,44.065,5292,2206,2232,51.666666666666664,35.18518518518518,9.08378136200717,3.135481196264099,20,0.5480100007844158,True
216,9518118,9562183,44.065,3338,1513,1535,35.53240740740741,30.555555555555557,8.717915309446255,3.0689001445244255,19,0.4219370021019131,True
217,9562183,9606249,44.066,4245,1768,1845,42.708333333333336,32.407407407407405,9.09539295392954,3.2022359092494947,21,0.4661700004362501,True
218,9606249,9650314,44.065,2565,1241,1284,29.72222222222222,30.555555555555557,8.266355140186915,3.2310924415880287,20,0.38585899892495945,True
219,9650314,9694379,44.065,4205,1721,1889,43.72685185185185,33.333333333333336,9.112758073054525,3.245307116398319,21,0.4770580053445883,True
220,9694379,9738445,44.066,4050,1691,1741,40.30092592592593,34.25925925925926,8.95807007466973,3.3593798759216273,21,0.4992600006517023,True
221,9738445,9782510,44.065,4312,1846,1808,41.85185185185185,32.407407407407405,9.000553097345133,3.2679896467479,20,0.49466200289316475,True
222,9782510,9826575,44.065,4413,1817,1864,43.14814814814815,32.407407407407405,9.034334763948499,3.185081454337662,20,0.4852399943047203,True
223,9826575,9870641,44.066,4121,1742,1850,42.824074074074076,30.555555555555557,9.027567567567568,3.3234298510972597,21,0.4305159964133054,True
224,9870641,9914706,44.065,4965,2059,2123,49.14351851851852,35.18518518518518,8.785209609043806,3.082631482081702,22,0.5183640023460612,True
225,9914706,9958772,44.066,3396,1603,1638,37.91666666666667,34.25925925925926,8.46947496947497,3.144463684174948,20,0.4109209985472262,True
226,9958772,10002837,44.065,3421,1582,1606,37.175925925925924,32.407407407407405,8.544209215442093,3.1370085481550363,21,0.40464899939252064,True
227,10002837,10046902,44.065,3813,1679,1834,42.4537037037037,33.333333333333336,8.783533260632497,3.1906917769543406,20,0.43134100269526243,True
228,10046902,10090968,44.066,2545,1320,1226,28.37962962962963,31.48148148148148,8.233278955954322,3.2446822121603085,20,0.3536560034262948,True
229,10090968,10135033,44.065,5129,2116,2178,50.416666666666664,35.18518518518518,9.190541781450872,3.2250970871625513,22,0.48794100439408794,True
230,10135033,10179098,44.065,3558,1630,1814,41.99074074074074,35.18518518518518,8.834068357221609,3.240885325529503,21,0.4204319993732497,True
231,10179098,10223164,44.066,2913,1419,1489,34.46759259259259,33.333333333333336,8.05171255876427,2.8714357277033375,21,0.372974005586002,True
232,10223164,10267229,44.065,5496,2242,2301,53.263888888888886,36.111111111111114,8.947848761408084,3.0288875624345835,19,0.49370199849363416,True
233,10267229,10311294,44.065,7243,2881,2667,61.73611111111111,40.74074074074074,8.875140607424072,3.006019571483869,21,0.5941470008110628,True
234,10311294,10355360,44.066,9266,3540,2920,67.5925925925926,45.370370370370374,8.816095890410958,2.962334527668799,21,0.6690349982818589,True
235,10355360,10399425,44.065,10020,3907,3043,70.43981481481481,43.51851851851852,8.554058494906343,2.762469555884064,20,0.6833389998064376,True
236,10399425,10443491,44.066,10643,4055,3191,73.86574074074075,49.074074074074076,8.651206518332812,2.9329065319999463,22,0.7140809975680895,True
237,10443491,10487556,44.065,11910,4483,3377,78.17129629629629,44.44444444444444,8.52620669233047,2.9358924079219793,23,0.7660519986529835,True
238,10487556,10531621,44.065,13229,5109,3283,75.99537037037037,47.22222222222222,8.047822113920194,2.579559044464563,21,0.858152998262085,True
239,10531621,10575687,44.066,10362,3905,3195,73.95833333333333,39.81481481481482,8.690766823161189,2.8727023272188386,21,0.7132629980333149,True
240,10575687,10619752,44.065,9361,3621,2898,67.08333333333333,39.81481481481482,8.543823326432022,2.8611130202804285,20,0.6760949981980957,True
241,10619752,10663817,44.065,5297,2235,2180,50.46296296296297,35.18518518518518,8.875688073394496,3.3631374241761893,21,0.49412500084144995,True
242,10663817,10707883,44.066,8506,3182,2837,65.67129629629629,38.888888888888886,8.657384561156151,2.8851214715047884,21,0.6165240047266707,True
243,10707883,10751948,44.065,8098,3113,2704,62.59259259259259,35.18518518518518,8.791420118343195,3.0362918827848344,22,0.6375209995894693,True
244,10751948,10796014,44.066,9305,3446,2839,65.7175925925926,32.407407407407405,8.652694610778443,3.0145564944330965,21,0.6452019952121191,True
245,10796014,10840079,44.065,9759,3645,2784,64.44444444444444,37.96296296296296,8.562140804597702,2.9053093515923445,22,0.7028939944575541,True
246,10840079,10884144,44.065,9310,3481,2510,58.10185185185185,40.74074074074074,8.158964143426294,2.592171274250405,21,0.7946699988679029,True
247,10884144,10928210,44.066,9561,3634,2525,58.449074074074076,35.18518518518518,8.162376237623763,2.7017724832995387,22,0.6743089979863726,True
248,10928210,10972275,44.065,9822,3695,2453,56.782407407407405,32.407407407407405,8.091724419078679,2.6489359758593474,22,0.6763319979654625,True
249,10972275,11016340,44.065,10637,3955,2330,53.93518518518518,36.111111111111114,8.151502145922747,2.776782939775918,22,0.7689060003031045,True
250,11016340,11060406,44.066,8031,3007,2224,51.48148148148148,31.48148148148148,8.345323741007194,2.8709340475294276,20,0.6691950038657524,True
251,11060406,11104471,44.065,8142,3044,2163,50.06944444444444,29.62962962962963,8.299121590383725,2.8489048865686306,20,0.6424370003514923,True
252,11104471,11148536,44.065,7186,2696,2085,48.26388888888889,31.48148148148148,8.485851318944844,2.868737689286407,21,0.6594090009457432,True
253,11148536,11192602,44.066,4812,1900,1741,40.30092592592593,25.0,8.620333141872488,3.037392867544136,20,0.4639309991034679,True
254,11192602,11236667,44.065,4999,1875,1769,40.949074074074076,24.074074074074073,8.691351045788581,3.007948549704818,20,0.4793759944732301,True
255,11236667,11280733,44.066,4384,1715,1722,39.861111111111114,25.0,8.807200929152149,3.052387225592206,23,0.45927400060463697,True
256,11280733,11324798,44.065,5674,2013,1890,43.75,25.925925925925927,8.86984126984127,2.950202302486795,23,0.5263079947326332,True
257,11324798,11368863,44.065,6367,2316,2107,48.77314814814815,30.555555555555557,8.793545325106788,3.00159680778383,20,0.5274159993859939,True
258,11368863,11412929,44.066,8689,3035,2299,53.217592592592595,31.48148148148148,8.327098738581991,2.680136667600899,22,0.6359869948937558,True
259,11412929,11456994,44.065,8493,2986,2514,58.19444444444444,29.62962962962963,8.702466189339697,2.820642506348186,24,0.6152429996291175,True
260,11456994,11501059,44.065,11284,3841,2776,64.25925925925927,31.48148148148148,8.387247838616714,2.6634404803145735,20,0.7404450007015839,True
261,11501059,11545125,44.066,10328,3593,2891,66.9212962962963,36.111111111111114,8.632307160152196,2.910051433682317,22,0.7326970007852651,True
262,11545125,11589190,44.065,12064,4203,2985,69.09722222222223,36.111111111111114,8.211390284757119,2.645156930323089,21,0.798016000771895,True
263,11589190,11633255,44.065,12442,4379,2983,69.05092592592594,35.18518518518518,8.243043915521287,2.7153968785911404,27,0.7905949969426729,True
264,11633255,11677321,44.066,10409,3816,2744,63.51851851851852,37.03703703703704,8.16399416909621,2.5099076725543794,21,0.696207003784366,True
265,11677321,11721386,44.065,11116,3990,2831,65.53240740740742,37.96296296296296,8.206287530907806,2.701539265954264,21,0.7457329993485473,True
266,11721386,11765452,44.066,11956,4438,2656,61.48148148148148,37.03703703703704,7.824171686746988,2.4407811695257755,22,0.7612569970660843,True
267,11765452,11809517,44.065,10505,3826,2610,60.416666666666664,38.888888888888886,8.11992337164751,2.457100429950662,19,0.7006919986451976,True
268,11809517,11853582,44.065,10179,3805,2435,56.36574074074075,34.25925925925926,7.976180698151951,2.4742300966248627,20,0.7668079997529276,True
269,11853582,11897648,44.066,9783,3648,2378,55.0462962962963,30.555555555555557,8.182085786375104,2.623577900220994,23,0.6974870047997683,True
270,11897648,11941713,44.065,11094,4163,2270,52.5462962962963,33.333333333333336,8.131277533039647,2.7447089102982423,21,0.7126409982447512,True
271,11941713,11985778,44.065,7043,2731,2193,50.763888888888886,32.407407407407405,8.612859097127224,3.0567155533707133,22,0.6115590003901161,True
272,11985778,12029844,44.066,6721,2600,2255,52.19907407407407,29.62962962962963,8.733037694013303,2.951739589445632,20,0.6626920003327541,True
273,12029844,12073909,44.065,8553,3245,2254,52.175925925925924,29.62962962962963,8.353593611357587,2.821295766333342,20,0.6513080006698146,True
274,12073909,12117975,44.066,4894,1967,1694,39.21296296296296,32.407407407407405,8.672373081463991,3.0034579697083026,19,0.49541399494046345,True
275,12117975,12162040,44.065,4823,1989,1717,39.74537037037037,30.555555555555557,8.701805474665113,2.893702559663362,20,0.4691380017902702,True
276,12162040,12206105,44.065,4798,1996,1741,40.30092592592593,28.703703703703702,8.676622630672028,2.937892290260476,21,0.5611340020550415,True
277,12206105,12250171,44.066,5697,2066,2010,46.52777777777778,28.703703703703702,9.493532338308457,3.1950222416402867,23,0.5454130005091429,True
278,12250171,12294236,44.065,6271,2306,2115,48.958333333333336,27.77777777777778,9.356973995271868,3.0871873274986785,21,0.5400979935075156,True
279,12294236,12338301,44.065,8989,3316,2376,55.0,35.18518518518518,8.697811447811448,2.8600220016583715,22,0.7677629982936196,True
280,12338301,12382367,44.066,8470,3101,2548,58.98148148148148,34.25925925925926,8.97723704866562,2.9453872451463363,24,0.6175239977892488,True
281,12382367,12426432,44.065,10639,3918,2700,62.5,36.111111111111114,8.540740740740741,2.856734636720129,24,0.7085010001901537,True
282,12426432,12470497,44.065,10824,4021,2667,61.73611111111111,37.03703703703704,8.337457817772778,2.730096391743918,22,0.7125030024326406,True
283,12470497,12514563,44.066,10387,3896,2393,55.39351851851852,36.111111111111114,8.283744254074383,2.7740015654495185,20,0.6876429979456589,True
284,12514563,12558628,44.065,9514,3592,2243,51.9212962962963,31.48148148148148,8.058403923316986,2.551419410891592,19,0.6735729984939098,True
285,12558628,12602694,44.066,10329,3852,2156,49.907407407407405,37.03703703703704,8.052411873840445,2.6946553865480336,22,0.6775000001653098,True
286,12602694,12646759,44.065,11033,4155,2162,50.0462962962963,33.333333333333336,8.013876040703053,2.7307126779130284,20,0.7151730023906566,True
287,12646759,12690824,44.065,11128,4163,2229,51.59722222222222,35.18518518518518,7.892777030058322,2.7248070062406136,20,0.7173970006988384,True
288,12690824,12734890,44.066,11637,4309,2340,54.16666666666667,35.18518518518518,7.907264957264958,2.6341670617644635,22,0.7560110025224276,True
289,12734890,12778955,44.065,9558,3406,2444,56.574074074074076,36.111111111111114,8.428805237315876,2.892977282629813,23,0.6552979975822382,True
290,12778955,12823020,44.065,10922,3949,2524,58.425925925925924,32.407407407407405,8.309429477020602,2.8469501279580562,21,0.7033589936327189,True
291,12823020,12867086,44.066,10754,3983,2543,58.86574074074074,32.407407407407405,8.060558395595754,2.5940942945915637,20,0.7666240053367801,True
292,12867086,12911151,44.065,11194,4188,2438,56.43518518518518,35.18518518518518,7.953650533223954,2.4812473468662337,19,0.7666050005354919,True
293,12911151,12955216,44.065,11465,4347,2254,52.175925925925924,28.703703703703702,7.720940550133097,2.5443250357071925,23,0.8176420014933683,True
294,12955216,12999282,44.066,10582,4089,1980,45.83333333333333,32.407407407407405,7.496464646464647,2.422847399544057,19,0.7521110019297339,True
295,12999282,13043347,44.065,9445,3629,1899,43.958333333333336,29.62962962962963,7.684570826750922,2.3679510482794646,21,0.7389679958578199,True
296,13043347,13087413,44.066,10361,3884,1867,43.217592592592595,33.333333333333336,7.759507230851634,2.6086480897714077,22,0.7514749959227629,True
297,13087413,13131478,44.065,10733,3850,2118,49.02777777777778,29.62962962962963,7.885269121813031,2.6133528329631366,24,0.7349000006797723,True
298,13131478,13175543,44.065,11190,3924,2175,50.34722222222222,29.62962962962963,7.594022988505747,2.62039062621478,21,0.7831839975551702,True
299,13175543,13219609,44.066,11533,4084,2482,57.4537037037037,34.25925925925926,7.928283642224013,2.922669356553018,23,1.1455040003056638,True
300,13219609,13263674,44.065,13507,4729,2590,59.9537037037037,38.888888888888886,7.920849420849421,2.947204298669863,23,1.1268200032645836,True
301,13263674,13307739,44.065,10802,3828,2376,55.0,33.333333333333336,7.991582491582491,2.9564623938573584,24,0.7664690056117252,True
302,13307739,13351805,44.066,10804,3883,2257,52.245370370370374,33.333333333333336,7.898094816127603,2.8644275898829203,25,0.7049679988995194,True
303,13351805,13395870,44.065,9580,3442,2194,50.78703703703704,32.407407407407405,7.739744758432088,2.573831766491169,25,0.6708269938826561,True
304,13395870,13439936,44.066,9993,3565,2302,53.28703703703704,30.555555555555557,7.717636837532581,2.305554048799504,18,0.6932160031283274,True
305,13439936,13484001,44.065,10144,3509,2473,57.24537037037037,36.111111111111114,7.98948645369996,2.4853575766443226,20,0.6960030004847795,True
306,13484001,13528066,44.065,12671,4294,2680,62.03703703703704,37.96296296296296,7.824253731343283,2.6321933073507724,20,1.0149130030185916,True
307,13528066,13572132,44.066,12887,4356,2756,63.7962962962963,37.03703703703704,7.752177068214804,2.5033893525007924,21,0.9338750023744069,True
308,13572132,13616197,44.065,12957,4522,2642,61.15740740740741,37.96296296296296,7.614307342922029,2.3581625905236097,21,0.8333980003953911,True
309,13616197,13660262,44.065,13810,4871,2732,63.24074074074073,39.81481481481482,7.690702781844802,2.6663981887781953,21,0.8550540005671792,True
310,13660262,13704328,44.066,14570,5076,2661,61.59722222222222,36.111111111111114,7.8188650883126645,2.804723894874732,23,0.8708469977136701,True
311,13704328,13748393,44.065,13587,4665,2782,64.39814814814815,42.592592592592595,7.860172537742631,2.7372741375746497,22,0.8798490016488358,True
312,13748393,13792458,44.065,15405,5401,2748,63.61111111111111,41.666666666666664,7.647743813682679,2.6912316522877426,24,1.013073997455649,True
313,13792458,13836524,44.066,13576,4771,2812,65.0925925925926,42.592592592592595,7.935988620199146,2.666668900875684,21,0.872838994837366,True
314,13836524,13880589,44.065,11598,4234,2717,62.89351851851851,39.81481481481482,8.0264998159735,2.742547167549011,26,0.8399459984502755,True
315,13880589,13924655,44.066,10034,3834,2499,57.84722222222222,37.03703703703704,8.080032012805122,2.6485474057150116,23,0.7472190045518801,True
316,13924655,13968720,44.065,10271,3927,2609,60.39351851851852,38.888888888888886,8.196627060176313,2.764843234887484,23,0.7081619987729937,True
317,13968720,14012785,44.065,9593,3726,2493,57.708333333333336,42.592592592592595,8.032089851584436,2.6270701013177327,20,0.675501003570389,True
318,14012785,14056851,44.066,11529,4223,2789,64.56018518518518,37.96296296296296,8.170670491215489,2.758133501294855,25,0.8125370004563592,True
319,14056851,14100916,44.065,13419,4935,2740,63.425925925925924,42.592592592592595,7.947445255474452,2.7262198178390196,22,0.9120149989030324,True
320,14100916,14144981,44.065,14981,5614,2597,60.11574074074074,37.03703703703704,7.613785136696188,2.678917425423862,20,0.9408869955223054,True
321,14144981,14189047,44.066,12813,4761,2445,56.59722222222222,37.03703703703704,7.740286298568507,2.6761142815833705,21,0.8353789962711744,True
322,14189047,14233112,44.065,12952,4876,2245,51.967592592592595,39.81481481481482,7.632516703786192,2.6777834034391854,22,0.8320190027006902,True
323,14233112,14277177,44.065,13641,5260,2086,48.28703703703704,35.18518518518518,7.499520613614574,2.587815271885985,19,0.8338710031239316,True
324,14277177,14321244,44.067,13396,5202,2084,48.24074074074074,32.407407407407405,7.692418426103647,2.903918873350323,26,0.8534200023859739,True
325,14321244,14365309,44.065,11996,4794,2048,47.407407407407405,33.333333333333336,7.853515625,2.925678898201383,27,0.8197700008167885,True
326,14365309,14409374,44.065,10471,4291,1812,41.94444444444444,29.62962962962963,7.746688741721854,2.754159019614842,23,0.6758379968232475,True
327,14409374,14453439,44.065,9460,3936,1589,36.78240740740741,30.555555555555557,7.706104468219006,2.6758776974371337,23,0.6612970028072596,True
328,14453439,14497504,44.065,8166,3491,1565,36.22685185185185,28.703703703703702,7.523322683706071,2.476006100995948,22,0.5893509951420128,True
329,14497504,14541570,44.066,8431,3504,1446,33.47222222222222,31.48148148148148,7.484094052558783,2.5416494904358773,21,0.5858669974259101,True
330,14541570,14585635,44.065,9135,3678,1480,34.25925925925926,25.925925925925927,7.528378378378378,2.5095504211490276,20,0.6130010006017983,True
331,14585635,14629700,44.065,9362,3591,1662,38.47222222222222,21.296296296296298,7.52647412755716,2.416640956548681,18,0.6588630058104172,True
332,14629700,14673766,44.066,9571,3726,1648,38.148148148148145,25.925925925925927,7.643203883495145,2.424866611722202,21,0.6448430067393929,True
333,14673766,14717831,44.065,8068,3140,1491,34.513888888888886,23.14814814814815,7.883299798792756,2.6208796559589316,22,0.598233993514441,True
334,14717831,14761897,44.066,6334,2385,1330,30.787037037037038,17.59259259259259,8.145864661654135,2.7488483242083546,20,0.5027500010328367,True
335,14761897,14805962,44.065,4901,1869,1238,28.657407407407405,18.51851851851852,8.221324717285945,2.9666096883792283,21,0.45010999747319147,True
336,14805962,14850027,44.065,4121,1605,1061,24.560185185185183,18.51851851851852,7.602262016965128,2.2189643106271926,20,0.43314899812685326,True
337,14850027,14894093,44.066,3430,1384,920,21.296296296296294,16.666666666666668,7.682608695652174,2.41312573302815,19,0.40661099774297327,True
338,14894093,14938158,44.065,3525,1463,939,21.73611111111111,16.666666666666668,7.980830670926518,2.44854501406808,18,0.4054259989061393,True
339,14938158,14982223,44.065,3306,1393,979,22.662037037037035,14.814814814814815,8.164453524004086,2.692729017830828,20,0.3909840015694499,True
340,14982223,15026289,44.066,4318,1670,1184,27.40740740740741,17.59259259259259,8.08277027027027,2.5033572919198,19,0.4412440030137077,True
341,15026289,15070354,44.065,6515,2390,1447,33.49537037037037,19.444444444444443,7.974429854872149,2.554188654994147,22,0.5918980023125187,True
342,15070354,15114419,44.065,7503,2674,1731,40.06944444444444,24.074074074074073,8.080878105141537,2.6715737345449497,19,0.6668869973509572,True
343,15114419,15158485,44.066,8768,2999,2017,46.68981481481482,24.074074074074073,7.957362419434804,2.6996697467895925,21,0.6829339981777593,True
344,15158485,15202550,44.065,10677,3725,2110,48.84259259259259,29.62962962962963,7.890995260663507,2.8709138619647123,22,0.7398339948849753,True
345,15202550,15246616,44.066,12452,4342,2229,51.59722222222222,31.48148148148148,7.7326155226559,2.811455038038494,24,0.8631750024505891,True
346,15246616,15290681,44.065,14563,5022,2524,58.425925925925924,34.25925925925926,7.612519809825674,2.7150052880150866,24,0.9330670000053942,True
347,15290681,15334746,44.065,16794,5889,2435,56.36574074074075,38.888888888888886,7.471868583162218,2.615922104940369,23,0.9794290017453022,True
348,15334746,15378812,44.066,16749,5942,2497,57.80092592592593,40.74074074074074,7.66680016019223,2.782517201327387,24,0.9537890000501648,True
349,15378812,15422877,44.065,15583,5535,2488,57.59259259259259,34.25925925925926,7.817524115755627,2.7960666525143267,22,0.9184930022456683,True
350,15422877,15466942,44.065,14092,5286,2338,54.12037037037037,38.888888888888886,7.88366124893071,2.7497846450951093,21,0.8432270042249002,True
351,15466942,15511008,44.066,12880,4855,2404,55.648148148148145,35.18518518518518,7.750831946755408,2.6632824392328027,20,0.8139100027619861,True
352,15511008,15555073,44.065,14366,5494,2384,55.18518518518518,37.03703703703704,7.497902684563758,2.5212178060272845,19,0.8880710010998882,True
353,15555073,15599138,44.065,15572,6016,2327,53.86574074074074,37.96296296296296,7.38891276321444,2.5264423647634224,18,0.8944509972934611,True
354,15599138,15643204,44.066,15099,5785,2436,56.38888888888889,40.74074074074074,7.502463054187192,2.648154019941293,21,0.9145989970420487,True
355,15643204,15687269,44.065,16506,6315,2722,63.00925925925927,49.074074074074076,7.459955914768552,2.558653266342633,22,1.0062229994218796,True
356,15687269,15731335,44.066,15779,6026,3001,69.4675925925926,43.51851851851852,7.694435188270576,2.689458674137742,23,0.9173430007649586,True
357,15731335,15775400,44.065,16265,6136,3019,69.88425925925925,45.370370370370374,7.721762172904936,2.8671755560438346,21,0.9600570047041401,True
358,15775400,15819465,44.065,14654,5598,2662,61.62037037037037,39.81481481481482,7.703981968444778,2.6954575272888115,23,0.9447480042581446,True
359,15819465,15863531,44.066,10953,4100,2524,58.425925925925924,36.111111111111114,7.969889064976228,2.690132197434617,25,0.7625260041095316,True
360,15863531,15907596,44.065,9486,3654,2214,51.25,34.25925925925926,8.248419150858176,2.9122494206210874,22,0.6802239950047806,True
361,15907596,15951661,44.065,6575,2674,1995,46.18055555555556,33.333333333333336,8.172431077694236,2.63680178697529,19,0.6281850000959821,True
362,15951661,15995727,44.066,5528,2266,1949,45.11574074074074,27.77777777777778,8.710620831195484,2.788673689872315,19,0.5123360024299473,True
363,15995727,16039792,44.065,4837,1919,1852,42.870370370370374,25.0,8.8963282937365,2.849926586944043,18,0.45333900197874755,True
364,16039792,16083858,44.066,7646,2776,2274,52.638888888888886,28.703703703703702,8.584872471416007,2.6235621025598004,21,0.6205969984875992,True
365,16083858,16127923,44.065,11454,4223,2486,57.5462962962963,35.18518518518518,7.850362027353178,2.5453516918072587,20,0.8501249976688996,True
366,16127923,16171988,44.065,15936,6118,2646,61.25,47.22222222222222,7.62962962962963,2.683974236290691,21,0.9889729990391061,True
367,16171988,16216054,44.066,19917,7828,2910,67.36111111111111,46.2962962962963,7.815120274914089,3.037935109215137,22,1.163024004199542,True
368,16216054,16260119,44.065,17981,6868,2917,67.52314814814815,43.51851851851852,7.905039424065821,2.8711738589358577,20,1.0230420011794195,True
369,16260119,16304184,44.065,15803,6111,2613,60.48611111111111,37.03703703703704,7.765786452353616,2.786898803372206,21,0.913818999833893,True
370,16304184,16348250,44.066,15257,5774,2539,58.77314814814815,41.666666666666664,7.747538400945254,2.7418231842647196,23,0.8878009975887835,True
371,16348250,16392315,44.065,14161,5334,2523,58.40277777777778,39.81481481481482,7.850574712643678,2.7774263220653137,20,0.8401079976465553,True
372,16392315,16436380,44.065,13097,4800,2652,61.388888888888886,37.03703703703704,7.972473604826546,2.6686684539628747,22,0.8266719960374758,True
373,16436380,16480446,44.066,13351,4876,2698,62.4537037037037,37.03703703703704,8.054855448480355,2.817521780229927,23,0.8233309999923222,True
374,16480446,16524511,44.065,12707,4569,2557,59.18981481481482,33.333333333333336,8.015643332029722,2.7301653792995215,24,0.7829399983165786,True
375,16524511,16568578,44.067,10697,3885,2420,56.01851851851852,37.03703703703704,8.25702479338843,2.8859971548665264,23,0.7032569992588833,True
376,16568578,16612643,44.065,11775,4625,2407,55.71759259259259,39.81481481481482,8.1088491898629,2.8579062931914043,23,0.7641990014235489,True
377,16612643,16656708,44.065,10750,4305,2271,52.56944444444444,34.25925925925926,7.833113166006164,2.6541220145183284,21,0.7113389947335236,True
378,16656708,16700773,44.065,8436,3381,2188,50.64814814814815,27.77777777777778,8.31398537477148,3.0084655122437653,23,0.6132319977041334,True
379,16700773,16744838,44.065,13790,5549,2257,52.245370370370374,37.03703703703704,7.74612317235268,2.8166169825341094,21,0.8557250039302744,True
380,16744838,16788903,44.065,14864,5589,2320,53.7037037037037,39.81481481481482,7.3517241379310345,2.5981585905851,19,0.8728780012461357,True
381,16788903,16832969,44.066,17850,6524,2748,63.61111111111111,43.51851851851852,7.690684133915575,2.9176645109791925,23,1.1473060003481805,True
382,16832969,16877034,44.065,18287,6702,2871,66.45833333333333,41.666666666666664,7.78335074886799,2.9266693186147688,23,1.0205029975622892,True
383,16877034,16921099,44.065,17255,6316,2799,64.79166666666666,37.03703703703704,7.767059664165774,2.918820849013759,23,1.0722619990701787,True
384,16921099,16965165,44.066,15985,5774,2898,67.08333333333333,47.22222222222222,7.794340924775708,2.7688389281545964,23,0.9720710004330613,True
385,16965165,17009230,44.065,12791,4537,3028,70.0925925925926,41.666666666666664,7.8001981505944515,2.602465544290104,20,0.8569299970986322,True
386,17009230,17053296,44.066,17054,6115,2859,66.18055555555556,44.44444444444444,7.663168940188878,2.8979755383451926,24,0.9764429996721447,True
387,17053296,17097361,44.065,18155,6655,2704,62.59259259259259,48.148148148148145,7.46560650887574,2.7447368546689046,22,1.0636520019033924,True
388,17097361,17141426,44.065,17743,6557,2753,63.726851851851855,45.370370370370374,7.5125317835089,2.715457204428796,21,1.0054529993794858,True
389,17141426,17185492,44.066,20007,7352,3094,71.62037037037038,47.22222222222222,7.304137039431157,2.4768356069295616,21,1.1351159992045723,True
390,17185492,17229557,44.065,20552,7646,3108,71.94444444444444,51.851851851851855,7.281209781209781,2.4242860836118134,19,1.1297390010440722,True
391,17229557,17273622,44.065,17379,6752,2502,57.916666666666664,47.22222222222222,7.472821742605915,2.8614175827607777,22,1.0053820005850866,True
392,17273622,17317688,44.066,15369,6154,2060,47.68518518518518,41.666666666666664,7.319417475728155,2.6654771791752987,22,0.9031910012708977,True
393,17317688,17361753,44.065,11610,4605,1845,42.708333333333336,33.333333333333336,7.421138211382114,2.37258227928022,18,0.7483339941245504,True
394,17361753,17405819,44.066,10445,3948,1860,43.05555555555556,28.703703703703702,7.670967741935484,2.5139003087633123,20,0.6880610017105937,True
395,17405819,17449884,44.065,10896,4117,1778,41.157407407407405,29.62962962962963,7.721597300337458,2.734521904658441,20,0.7559040022897534,True
396,17449884,17493949,44.065,12617,4601,2047,47.38425925925926,31.48148148148148,7.585735222276502,2.8061193049712845,24,0.8215550042223185,True
397,17493949,17538015,44.066,12119,4394,2030,46.99074074074074,29.62962962962963,7.550738916256158,2.6465214544156956,22,0.7816049983375706,True
398,17538015,17582080,44.065,13767,5039,2024,46.851851851851855,34.25925925925926,7.429347826086956,2.6031958865365943,21,0.8721000049263239,True
399,17582080,17626145,44.065,15349,5698,2270,52.5462962962963,34.25925925925926,7.416299559471366,2.4467542931518635,21,1.0622010013321415,True
400,17626145,17670211,44.066,12142,4444,2472,57.22222222222222,36.111111111111114,8.010922330097088,2.8712040578022666,20,1.0419850004836917,True
401,17670211,17714276,44.065,13049,4765,2526,58.47222222222222,35.18518518518518,7.881235154394299,2.7841573739259666,21,0.9642770019127056,True
402,17714276,17758341,44.065,12085,4482,2358,54.58333333333333,36.111111111111114,7.963104325699746,3.044328287617607,22,0.8149560017045587,True
403,17758341,17802407,44.066,10131,3847,2202,50.97222222222222,37.96296296296296,8.199818346957311,2.959619234977448,26,0.7718050037510693,True
404,17802407,17846472,44.065,12072,4442,2442,56.52777777777778,34.25925925925926,7.848894348894349,2.7917951929103353,21,0.8118609985103831,True
405,17846472,17890538,44.066,16751,5960,2501,57.89351851851852,37.03703703703704,7.388244702119152,2.555737279236802,20,0.9644660021876916,True
406,17890538,17934603,44.065,9058,3377,2327,53.86574074074074,29.62962962962963,8.199398366996132,3.0146098314095635,23,0.6467479979619384,True
407,17934603,17978668,44.065,7848,2806,2266,52.4537037037037,27.77777777777778,8.3261253309797,3.1178665010344377,23,0.5739139960496686,True
408,17978668,18022734,44.066,7493,2975,1872,43.333333333333336,30.555555555555557,7.81517094017094,2.5888123396171103,19,0.5829049987369217,True
409,18022734,18066799,44.065,3657,1535,1566,36.25,23.14814814814815,8.42911877394636,2.7018313858833976,20,0.4082870000274852,True
410,18066799,18110864,44.065,5826,2161,1923,44.513888888888886,24.074074074074073,8.607384295371816,2.6982568999216685,19,0.5069149992777966,True
411,18110864,18154930,44.066,9113,3251,2043,47.29166666666667,29.62962962962963,8.022515907978462,2.650738430741513,22,0.6414029994630255,True
412,18154930,18198995,44.065,13863,4889,2309,53.44907407407407,31.48148148148148,7.537895192724123,2.61619818208599,20,0.8282859998871572,True
413,18198995,18243060,44.065,18762,6639,2397,55.486111111111114,41.666666666666664,7.333333333333333,2.6694291073454965,23,1.0369529991294257,True
414,18243060,18287126,44.066,20624,7492,2499,57.84722222222222,45.370370370370374,7.146058423369348,2.422854423941298,19,1.1362980003468692,True
415,18287126,18331191,44.065,18591,6812,2633,60.94907407407407,47.22222222222222,7.179642992783896,2.4541390867679307,22,1.0437140008434653,True
416,18331191,18375257,44.066,17682,6446,2954,68.37962962962962,46.2962962962963,7.386594448205822,2.377144411230542,22,1.0797959985211492,True
417,18375257,18419322,44.065,15715,5809,3122,72.26851851851852,49.074074074074076,7.740871236386932,2.5975746849994965,21,1.0048140029539354,True
418,18419322,18463387,44.065,11205,4321,3022,69.9537037037037,48.148148148148145,8.088021178027796,2.6815660131362815,20,0.7505140019929968,True
419,18463387,18507453,44.066,13335,4994,3039,70.34722222222223,44.44444444444444,7.939782823297137,2.6444438612921917,22,0.9626379978726618,True
420,18507453,18551518,44.065,14604,5402,2919,67.56944444444444,49.074074074074076,7.81294964028777,2.575736689611219,20,0.9371240012114868,True
421,18551518,18595583,44.065,13291,4906,2835,65.625,45.370370370370374,8.056790123456791,2.864355952560931,23,0.8464189959340729,True
422,18595583,18639649,44.066,14445,5264,2776,64.25925925925927,38.888888888888886,7.848703170028818,2.6972912639558277,20,0.9871120055322535,True
423,18639649,18683714,44.065,12520,4615,2525,58.449074074074076,41.666666666666664,7.91049504950495,2.7992765600912826,22,0.8269409954664297,True
424,18683714,18727780,44.066,11789,4082,2582,59.76851851851852,33.333333333333336,8.152982184353215,2.76139790183559,23,0.7949560022098012,True
425,18727780,18771845,44.065,11348,4003,2635,60.995370370370374,40.74074074074074,8.24326375711575,2.6764180608258004,20,0.764308002544567,True
426,18771845,18815910,44.065,9782,3511,2470,57.17592592592593,32.407407407407405,8.17165991902834,2.8375173183820763,20,0.6854890016256832,True
427,18815910,18859976,44.066,14282,5264,2642,61.15740740740741,37.03703703703704,7.866010598031794,2.665176767781322,21,0.8642009997856803,True
428,18859976,18904042,44.066,13780,5413,2400,55.55555555555555,37.03703703703704,7.960833333333333,2.848414641905603,22,0.8434780029347166,True
429,18904042,18948107,44.065,14783,6294,2565,59.375,38.888888888888886,7.620662768031189,2.7023854074082836,23,0.8755189992371015,True
430,18948107,18992172,44.065,11095,4145,2185,50.5787037037037,37.03703703703704,8.040732265446223,2.892377327282078,21,0.762380994274281,True
431,18992172,19036237,44.065,15268,6206,2314,53.56481481481482,35.18518518518518,7.6456352636127916,2.852876220508523,20,0.8826429984765127,True
432,19036237,19080302,44.065,14376,5829,2312,53.51851851851852,40.74074074074074,7.57439446366782,2.7718309433756003,20,0.8568269986426458,True
433,19080302,19124368,44.066,13932,5159,2245,51.967592592592595,47.22222222222222,7.526948775055679,2.851297489133818,23,0.8334970043506473,True
434,19124368,19168433,44.065,15727,5592,2514,58.19444444444444,36.111111111111114,7.464996022275258,2.6159217874232708,21,0.9434500025236048,True
435,19168433,19212499,44.066,16744,5991,2839,65.7175925925926,37.96296296296296,7.634026065516027,2.926765690701495,26,0.9551449984428473,True
436,19212499,19256564,44.065,13980,5032,2864,66.2962962962963,43.51851851851852,7.680167597765363,2.3817738975992855,20,0.9067009959835559,True
437,19256564,19300629,44.065,9159,3463,2701,62.523148148148145,40.74074074074074,8.205109218807848,2.511902026942598,22,0.6707260035909712,True
438,19300629,19344695,44.066,6232,2508,2381,55.11574074074074,33.333333333333336,8.566988660226796,2.9239675849644176,20,0.5243800042080693,True
439,19344695,19388760,44.065,9370,3482,2831,65.53240740740742,37.03703703703704,8.304486047333098,2.5821393589602777,20,0.7485040041501634,True
440,19388760,19432825,44.065,11693,4245,3064,70.92592592592592,39.81481481481482,8.255221932114882,2.662377888512865,23,0.8646209971630014,True
441,19432825,19476891,44.066,10741,3999,2942,68.10185185185186,43.51851851851852,8.293677770224336,2.8139850807794167,21,0.8076859958237037,True
442,19476891,19520956,44.065,9004,3461,2858,66.1574074074074,44.44444444444444,8.494401679496152,2.8799401786799925,21,0.757715999498032,True
443,19520956,19565021,44.065,13635,5132,3118,72.17592592592592,43.51851851851852,8.063822963438101,2.68248657001157,21,0.9267970017390326,True
444,19565021,19609087,44.066,12059,4541,3118,72.17592592592592,47.22222222222222,8.285439384220654,2.556479332462347,19,0.8497369999531657,True
445,19609087,19653152,44.065,9953,3896,2602,60.23148148148148,50.0,8.084166026133744,2.5026172034755354,18,0.7671580024180003,True
446,19653152,19697218,44.066,10010,3613,2895,67.01388888888889,41.666666666666664,8.512607944732297,2.8459157663621677,22,0.7634060020791367,True
447,19697218,19741283,44.065,9858,3521,2979,68.95833333333333,40.74074074074074,8.688821752265861,2.9422400805550963,21,0.6910829979460686,True
448,19741283,19785348,44.065,7623,2768,2673,61.875,40.74074074074074,9.350916573138795,3.355863268518337,21,0.6050109950592741,True
449,19785348,19829414,44.066,7211,2679,2517,58.263888888888886,39.81481481481482,9.357171235597933,3.4606536352707216,21,0.5938969989074394,True
450,19829414,19873479,44.065,7434,2811,2537,58.72685185185185,38.888888888888886,9.006306661411115,3.3233268003971337,21,0.6116830045357347,True
451,19873479,19917544,44.065,6426,2482,2358,54.58333333333333,33.333333333333336,8.354961832061068,2.8314165756149414,18,0.5610200023511425,True
452,19917544,19961610,44.066,8068,2908,2713,62.800925925925924,34.25925925925926,8.892738665683744,3.128869116869984,23,0.6093689953559078,True
453,19961610,20005675,44.065,9536,3360,2768,64.07407407407408,35.18518518518518,8.83706647398844,3.191362811830908,24,0.6790459956391715,True
454,20005675,20049741,44.066,8959,3250,2588,59.90740740740741,32.407407407407405,8.595054095826894,3.012314799788393,22,0.6376989986165427,True
455,20049741,20093806,44.065,8825,3338,2161,50.02314814814815,30.555555555555557,8.047200370198983,2.7002995328255928,20,0.6316099970717914,True
456,20093806,20137871,44.065,6453,2544,1865,43.1712962962963,28.703703703703702,8.171581769436997,2.7321042213937825,22,0.5420290035544895,True
457,20137871,20181937,44.066,5568,2054,1921,44.467592592592595,28.703703703703702,8.973971889640811,3.152608018995989,23,0.48886900185607374,True
458,20181937,20226002,44.065,3385,1523,1503,34.791666666666664,24.074074074074073,8.159680638722556,2.5801427914276527,18,0.4066620022058487,True
459,20226002,20270067,44.065,3465,1528,1425,32.986111111111114,24.074074074074073,8.512982456140351,2.777605914043117,19,0.4020630003651604,True
460,20270067,20314133,44.066,4478,1882,1738,40.23148148148148,26.85185185185185,8.44994246260069,2.7458667541310224,18,0.4506109980866313,True
461,20314133,20358198,44.065,7651,2782,2137,49.46759259259259,27.77777777777778,8.481516144127282,2.7520800732994077,19,0.6332129996735603,True
462,20358198,20402263,44.065,6301,2381,2042,47.26851851851851,30.555555555555557,9.04211557296768,3.1845287469605004,23,0.5764750021626242,True
463,20402263,20446329,44.066,7416,3009,1992,46.11111111111111,31.48148148148148,8.247991967871487,2.6072855108091333,20,0.6297510044532828,True
464,20446329,20490394,44.065,7991,2870,2146,49.67592592592593,25.0,8.584808946877912,3.058383797038101,24,0.6979679965297692,True
465,20490394,20534460,44.066,5457,2067,1878,43.47222222222222,25.0,8.956336528221513,3.049504542179999,22,0.5329050036380067,True
466,20534460,20578525,44.065,9699,3632,2241,51.875,34.25925925925926,8.066934404283803,2.616833557323988,22,0.7403410054394044,True
467,20578525,20622590,44.065,5463,1965,2072,47.96296296296296,25.0,9.88465250965251,3.9692004357713757,24,0.553411002329085,True
468,20622590,20666656,44.066,4765,2049,1851,42.84722222222222,33.333333333333336,9.27390599675851,3.68243231543718,25,0.5891170003451407,True
469,20666656,20710721,44.065,6264,2272,2213,51.22685185185185,30.555555555555557,8.718933574333484,2.9951894465478968,21,0.5632539978250861,True
470,20710721,20754786,44.065,12837,5102,2378,55.0462962962963,33.333333333333336,7.822539949537426,2.7871741463193835,21,0.8955900048022158,True
471,20754786,20798852,44.066,18347,6695,2738,63.37962962962963,46.2962962962963,7.430971512052593,2.6473696315999637,20,1.3063439982943237,True
472,20798852,20842917,44.065,14236,5187,2537,58.72685185185185,42.592592592592595,7.632242806464328,2.7742468563906892,26,0.8907379960874096,True
473,20842917,20886982,44.065,15077,5371,2857,66.13425925925925,44.44444444444444,7.732936646832342,2.7717530305349523,21,0.9080399977392517,True
474,20886982,20931048,44.066,12469,4611,2578,59.675925925925924,42.592592592592595,7.97711404189294,2.775799336819941,20,0.7920420030131936,True
475,20931048,20975113,44.065,4003,1759,1880,43.51851851851852,37.96296296296296,9.007978723404255,3.657903154665116,22,0.41860300552798435,True
476,20975113,21019179,44.066,11758,4101,2846,65.87962962962963,37.96296296296296,7.972241742796908,2.562418748874236,19,0.9952530017471872,True
477,21019179,21063244,44.065,15245,5452,2752,63.70370370370371,44.44444444444444,7.6417151162790695,2.6843871307392444,21,1.0485339953447692,True
478,21063244,21107309,44.065,13564,4716,2697,62.43055555555556,37.03703703703704,7.760474601408973,2.9032902072695155,21,0.9301769969169982,True
479,21107309,21151375,44.066,10772,3861,2532,58.611111111111114,37.03703703703704,7.867298578199052,2.6486913161224064,24,0.7347399950958788,True
480,21151375,21195440,44.065,9419,3419,2546,58.93518518518519,32.407407407407405,8.143754909662215,2.572391463395868,22,0.6532260013045743,True
481,21195440,21239505,44.065,5391,2151,2094,48.47222222222222,27.77777777777778,8.707736389684813,2.787707930619855,18,0.47020700003486127,True
482,21239505,21283571,44.066,8915,3137,2573,59.56018518518519,31.48148148148148,8.232413525068013,2.644430140939756,25,0.6337689992506057,True
483,21283571,21327636,44.065,13209,4590,2555,59.14351851851852,38.888888888888886,7.634442270058709,2.497009489665857,22,0.8542889991076663,True
484,21327636,21371702,44.066,14054,4816,2793,64.65277777777779,37.03703703703704,7.639813820264948,2.5930345916609943,23,0.8707570013939403,True
485,21371702,21415767,44.065,16775,5934,2969,68.72685185185186,41.666666666666664,7.551364095655103,2.5700307242681455,21,0.9744790004333481,True
486,21415767,21459832,44.065,14080,5086,2981,69.00462962962962,40.74074074074074,7.691714189869171,2.4482353242245463,20,1.068361998477485,True
487,21459832,21503898,44.066,11561,4131,2958,68.47222222222223,37.96296296296296,8.18052738336714,2.6268750910881082,21,1.2271720042917877,True
488,21503898,21547963,44.065,7637,2937,2704,62.59259259259259,38.888888888888886,8.646819526627219,2.9140620508267174,19,0.6545540018123575,True
489,21547963,21592028,44.065,8742,3215,2862,66.25,42.592592592592595,8.451083158630329,2.6328205616384586,18,0.7936940019135363,True
490,21592028,21636094,44.066,8313,3075,2699,62.476851851851855,42.592592592592595,8.585031493145609,2.693785148485944,19,0.7577139986096881,True
491,21636094,21680159,44.065,8520,3094,2774,64.21296296296296,44.44444444444444,8.695385724585437,2.7847302850317472,18,0.7317769996006973,True
492,21680159,21724224,44.065,7673,2884,2723,63.03240740740741,37.03703703703704,8.652589056188027,2.8127607315977774,19,0.6508089936687611,True
493,21724224,21768290,44.066,7481,2791,2631,60.90277777777778,39.81481481481482,8.607753705815279,2.7266999045721607,20,0.5995030005578883,True
494,21768290,21812355,44.065,12287,4360,2877,66.59722222222223,43.51851851851852,8.036496350364963,2.6270409999535222,22,0.7942519951029681,True
495,21812355,21856421,44.066,10054,3594,2858,66.1574074074074,39.81481481481482,8.413575927221833,2.7413042906879355,22,0.6993560018599965,True
496,21856421,21900486,44.065,5191,2163,2136,49.44444444444444,37.03703703703704,8.727059925093632,3.093568592557537,21,0.4849620017921552,True
497,21900486,21944551,44.065,4887,2003,2071,47.93981481481482,38.888888888888886,8.825688073394495,3.0198181227026706,19,0.46807299804640934,True
498,21944551,21988617,44.066,6585,2498,2460,56.94444444444444,42.592592592592595,8.702032520325202,2.8369362437275445,20,0.5653789994539693,True
499,21988617,22032682,44.065,8425,2999,2693,62.33796296296296,42.592592592592595,8.668399554400297,2.804357174391201,22,0.6175310045364313,True
500,22032682,22076747,44.065,9920,3455,2738,63.37962962962963,42.592592592592595,8.391891891891891,2.725076311916904,20,0.83522100612754,True
501,22076747,22120813,44.066,9903,3508,2802,64.8611111111111,45.370370370370374,8.483226266952178,2.862150030319031,22,0.680655000905972,True
502,22120813,22164878,44.065,9144,3382,2667,61.73611111111111,41.666666666666664,8.254968128983878,2.812782280783429,23,0.6715739946230315,True
503,22164878,22208943,44.065,7385,2815,2519,58.31018518518519,38.888888888888886,8.60222310440651,2.850755563860401,19,0.5774429955636151,True
504,22208943,22253009,44.066,8986,3319,2848,65.92592592592592,42.592592592592595,8.450140449438202,2.8530808269295593,19,0.6360740007949062,True
505,22253009,22297074,44.065,10672,3825,2876,66.57407407407408,41.666666666666664,8.242002781641169,2.8243407334409256,23,0.7169050004449673,True
506,22297074,22341140,44.066,11065,4033,2966,68.6574074074074,39.81481481481482,8.068779501011463,2.6472780828760856,23,0.7569430017611012,True
507,22341140,22385205,44.065,11082,3914,2943,68.125,40.74074074074074,8.466870540265036,3.1184847748689286,23,0.7581259997095913,True
508,22385205,22429270,44.065,12517,4489,2765,64.00462962962963,44.44444444444444,7.792043399638336,2.49711768418652,22,0.8359099956578575,True
509,22429270,22473336,44.066,12368,4526,2774,64.21296296296296,37.96296296296296,7.756308579668349,2.4811665948059383,24,1.0844759963219985,True
510,22473336,22517401,44.065,9296,3520,2682,62.08333333333333,36.111111111111114,8.136092468307233,2.6400606624973353,21,0.6874370010336861,True
511,22517401,22561466,44.065,3451,1658,1634,37.82407407407407,32.407407407407405,8.181762545899632,3.1351656221799944,19,0.407758001529146,True
512,22561466,22605532,44.066,3099,1522,1584,36.666666666666664,30.555555555555557,7.900883838383838,2.612063936183129,19,0.4059569982928224,True
513,22605532,22649597,44.065,7869,2969,2586,59.86111111111111,34.25925925925926,8.277262180974478,2.5699948552797656,21,0.6888639982207678,True
514,22649597,22693663,44.066,9202,3498,2630,60.87962962962963,33.333333333333336,8.015969581749049,2.511670802395698,19,0.6960249957046472,True
515,22693663,22737728,44.065,9376,3527,2692,62.31481481481482,36.111111111111114,8.199108469539375,2.631057918933212,21,0.7359170049312524,True
516,22737728,22781793,44.065,11975,4311,2980,68.98148148148148,37.03703703703704,8.151677852348993,2.703058273594759,21,0.8051080003497191,True
517,22781793,22825859,44.066,12560,4465,2914,67.45370370370371,35.18518518518518,8.023335621139328,2.6176118814999496,20,0.8086720044957474,True
518,22825859,22869924,44.065,8867,3212,2799,64.79166666666666,35.18518518518518,8.682386566630939,2.740447806988442,22,0.6331179974949919,True
519,22869924,22913989,44.065,12465,4453,2806,64.95370370370371,38.888888888888886,8.10976478973628,2.7656244691708523,23,0.7809410017216578,True
520,22913989,22958055,44.066,8695,3143,2579,59.69907407407407,32.407407407407405,8.582396277626987,2.908801260580945,23,0.6198399933055043,True
521,22958055,23002120,44.065,3673,1724,1727,39.976851851851855,26.85185185185185,8.221192819918935,2.9928987893291517,21,0.4028550029033795,True
522,23002120,23046185,44.065,6861,2505,2339,54.14351851851852,30.555555555555557,8.697306541256948,2.924275380892888,20,0.5493409989867359,True
523,23046185,23090251,44.066,7836,2892,2389,55.300925925925924,37.03703703703704,8.758057764755128,3.1563259042609877,20,0.5927649981458671,True
524,23090251,23134316,44.065,5769,2327,2057,47.61574074074074,37.03703703703704,8.473018959649975,2.9351069770253146,21,0.5072170024504885,True
525,23134316,23178382,44.066,7601,2751,2372,54.907407407407405,36.111111111111114,8.521079258010118,2.9099719548247482,23,0.5798399943159893,True
526,23178382,23222447,44.065,8800,3135,2488,57.59259259259259,34.25925925925926,8.315916398713826,2.6333937695343628,20,0.6255100015550852,True
527,23222447,23266512,44.065,7747,2843,2342,54.21296296296296,37.03703703703704,8.440222032450897,2.700154270551043,20,0.5898869931115769,True
528,23266512,23310578,44.066,8537,3156,2285,52.89351851851852,33.333333333333336,8.479212253829322,2.8948201368189626,26,0.6113429990364239,True
529,23310578,23354643,44.065,7893,2860,2269,52.523148148148145,32.407407407407405,8.636403702071398,3.0353458445226846,24,0.5929359977017157,True
530,23354643,23398708,44.065,7634,2935,2238,51.80555555555556,33.333333333333336,8.59159964253798,3.1032804339710602,22,0.5729190015699714,True
531,23398708,23442774,44.066,8596,3299,2373,54.93055555555556,32.407407407407405,8.175305520438263,2.7640056636483252,20,0.6455090042436495,True
532,23442774,23486839,44.065,7037,2679,2259,52.291666666666664,32.407407407407405,8.50066401062417,2.9298081108107867,21,0.5819590005557984,True
533,23486839,23530904,44.065,9351,3426,2326,53.842592592592595,35.18518518518518,8.209372312983662,2.792712208673068,24,0.6629519994021393,True
534,23530904,23574970,44.066,8788,3268,2111,48.86574074074074,31.48148148148148,7.9981051634296545,2.798117423959053,21,0.6408690023818053,True
535,23574970,23619035,44.065,5584,2253,1978,45.78703703703704,28.703703703703702,8.514661274014156,2.8072629714413786,21,0.6272110040299594,True
536,23619035,23663101,44.066,3720,1695,1671,38.68055555555556,31.48148148148148,8.456612806702573,2.9425584389538044,20,0.5367509947973303,True
537,23663101,23707166,44.065,3847,1730,1582,36.620370370370374,29.62962962962963,8.36409608091024,2.6534190258605594,20,0.4176379952696152,True
538,23707166,23751231,44.065,2297,1153,1186,27.453703703703702,28.703703703703702,7.77318718381113,2.32951357971615,17,0.3696550047607161,True
539,23751231,23795297,44.066,3987,1649,1650,38.19444444444445,30.555555555555557,8.75030303030303,2.958616061451997,20,0.4270509962225333,True
540,23795297,23839362,44.065,4545,1828,1703,39.4212962962963,31.48148148148148,8.72636523781562,2.9161793995841645,20,0.4670120033551939,True
541,23839362,23883427,44.065,4423,1802,1789,41.41203703703704,28.703703703703702,8.795975405254332,3.1012836577511655,21,0.5241569961071946,True
542,23883427,23927493,44.066,6509,2468,2226,51.52777777777778,28.703703703703702,8.912848158131178,3.0744792284077644,21,0.6013980018906295,True
543,23927493,23971558,44.065,7247,2678,2306,53.37962962962963,28.703703703703702,8.830875975715525,2.964522929091144,24,0.5590649961959571,True
544,23971558,24015625,44.067,9909,3635,2286,52.916666666666664,34.25925925925926,8.088363954505686,2.6856403803355726,22,0.7880080011091195,True
545,24015625,24059689,44.064,7485,2801,2363,54.699074074074076,33.333333333333336,8.798984341938214,2.9574151741409174,20,0.6033099998603575,True
546,24059689,24103754,44.065,9279,3371,2428,56.20370370370371,33.333333333333336,8.319604612850082,2.81514400306659,21,0.6490050000138581,True
547,24103754,24147820,44.066,7760,2962,2252,52.12962962962963,31.48148148148148,8.186944937833037,2.497627309340657,18,0.6054309997125529,True
548,24147820,24191885,44.065,8401,3209,2209,51.13425925925926,34.25925925925926,7.985513807152557,2.522648557668859,20,0.6372869975166395,True
549,24191885,24235950,44.065,10557,4159,2219,51.36574074074074,37.03703703703704,7.661108607480847,2.4057870810644637,20,0.694005997502245,True
550,24235950,24280016,44.066,7490,2916,2232,51.666666666666664,33.333333333333336,8.439068100358423,2.894324044810105,20,0.5985449970467016,True
551,24280016,24324081,44.065,3498,1600,1488,34.44444444444444,29.62962962962963,8.625672043010752,3.4044660863789535,22,0.39293799636652693,True
552,24324081,24368146,44.065,3124,1405,1415,32.754629629629626,28.703703703703702,8.741342756183746,3.121715964737503,19,0.395745002606418,True
553,24368146,24412212,44.066,7600,2886,2199,50.90277777777778,31.48148148148148,8.500227376080037,2.9941393327523182,22,0.5798990023322403,True
554,24412212,24456277,44.065,7068,2670,2314,53.56481481481482,32.407407407407405,8.441659464131375,2.845687272600233,24,0.568208000913728,True
555,24456277,24500343,44.066,2758,1349,1463,33.86574074074074,27.77777777777778,8.213260423786739,2.888147550465423,20,0.36582900065695867,True
556,24500343,24544408,44.065,3723,1540,1857,42.986111111111114,28.703703703703702,8.558427571351642,2.9067272545820453,20,0.4122219979763031,True
557,24544408,24588473,44.065,6083,2296,2264,52.40740740740741,30.555555555555557,8.598056537102474,2.7935620909180017,21,0.514306993864011,True
558,24588473,24632539,44.066,3927,1744,1700,39.351851851851855,28.703703703703702,8.258823529411766,2.713811910671996,19,0.4232909996062517,True
559,24632539,24676604,44.065,3312,1521,1512,35.0,26.85185185185185,8.066798941798941,2.517433041474144,17,0.39123199530877173,True
560,24676604,24720669,44.065,5427,2101,1898,43.93518518518519,28.703703703703702,8.446259220231823,2.6256634908852217,20,0.4804500058526173,True
561,24720669,24764735,44.066,4551,1824,1678,38.842592592592595,28.703703703703702,8.62216924910608,2.704172305333521,20,0.45773199963150546,True
562,24764735,24808800,44.065,5880,2213,2008,46.48148148148149,28.703703703703702,8.55727091633466,2.765882589034729,20,0.5091600032756105,True
563,24808800,24852865,44.065,6892,2516,2189,50.6712962962963,36.111111111111114,8.528551850159891,2.732598124912028,22,0.6679610014543869,True
564,24852865,24896931,44.066,7172,2620,2213,51.22685185185185,32.407407407407405,8.596475372797109,2.779650775016057,20,0.622849001956638,True
565,24896931,24940996,44.065,6985,2535,2265,52.43055555555556,32.407407407407405,8.776600441501104,2.833648326087413,20,0.8351110009243712,True
566,24940996,24985062,44.066,7671,2839,2400,55.55555555555555,37.96296296296296,8.493333333333334,2.7381481982455873,19,0.739606999559328,True
567,24985062,25029127,44.065,9593,3385,2464,57.03703703703704,40.74074074074074,8.15137987012987,2.647632435128192,20,0.7771050004521385,True
568,25029127,25073192,44.065,9627,3409,2445,56.59722222222222,40.74074074074074,8.013905930470347,2.726341038728204,21,0.744559001759626,True
569,25073192,25117258,44.066,7492,2706,2148,49.72222222222222,39.81481481481482,8.400837988826815,2.889965179568001,21,0.7256329990923405,True
570,25117258,25161323,44.065,6277,2410,2077,48.07870370370371,33.333333333333336,8.33124699085219,2.728097182473806,20,0.5912720007472672,True
571,25161323,25205388,44.065,6240,2295,2079,48.125,31.48148148148148,8.44059644059644,2.697549674692427,20,0.5997359985485673,True
572,25205388,25249454,44.066,7298,2591,2111,48.86574074074074,32.407407407407405,8.296541923259118,2.61978450374518,18,0.7968599966261536,True
573,25249454,25293519,44.065,6794,2495,2163,50.06944444444444,33.333333333333336,8.399445214979195,2.7079171379852385,19,0.6779520044801757,True
574,25293519,25337585,44.066,6862,2665,2250,52.083333333333336,37.96296296296296,8.240444444444444,2.7914886156597567,19,0.6774060020688921,True
575,25337585,25381650,44.065,7935,3141,2578,59.675925925925924,36.111111111111114,8.143134212567881,2.90155140784497,22,0.6476230046246201,True
576,25381650,25425715,44.065,8912,3570,2685,62.15277777777778,36.111111111111114,7.867783985102421,2.509725093057612,18,0.7076080000842921,True
577,25425715,25469781,44.066,8684,3618,2878,66.62037037037037,40.74074074074074,7.937456567060458,2.7084880723325413,19,0.6858209962956607,True
578,25469781,25513846,44.065,9627,4020,3055,70.7175925925926,40.74074074074074,7.741407528641571,2.5921770733465053,19,0.7267470064107329,True
579,25513846,25557911,44.065,6943,3336,2674,61.898148148148145,37.96296296296296,7.954749439042633,2.839085352765178,19,0.599744998908136,True
580,25557911,25601977,44.066,2683,1768,1110,25.694444444444443,37.03703703703704,6.945045045045045,2.161007386821913,16,0.41685900214361027,True
581,25601977,25646042,44.065,2667,1743,1212,28.055555555555557,37.96296296296296,6.783003300330033,2.064138611602888,17,0.3885870028170757,True
582,25646042,25690107,44.065,5745,2965,2328,53.888888888888886,36.111111111111114,7.743127147766323,2.741465202781215,19,0.5641239986289293,True
583,25690107,25734173,44.066,2905,1809,1252,28.981481481481485,35.18518518518518,7.088658146964856,2.287827028542471,19,0.3990400000475347,True
584,25734173,25778238,44.065,8085,3635,2634,60.97222222222222,39.81481481481482,7.553530751708428,2.3880358716370185,19,0.6770890031475574,True
585,25778238,25822304,44.066,12826,4570,2781,64.375,42.592592592592595,7.701186623516721,2.589823672332324,19,0.8689380047144368,True
586,25822304,25866369,44.065,10319,3690,2441,56.504629629629626,40.74074074074074,7.961900860303154,2.8172129067693987,22,0.7402069968520664,True
587,25866369,25910434,44.065,8444,2973,2225,51.504629629629626,36.111111111111114,8.472359550561798,2.9681871372875643,21,0.6707370048388839,True
588,25910434,25954500,44.066,9841,3302,2340,54.16666666666667,35.18518518518518,8.168376068376068,2.7513524125216704,20,0.732510001398623,True
589,25954500,25998565,44.065,7520,2708,2350,54.398148148148145,37.03703703703704,8.408510638297873,2.6668835734931657,19,0.6492380052804947,True
590,25998565,26042630,44.065,7895,2790,2385,55.20833333333333,37.03703703703704,8.60251572327044,2.8751217205596187,22,0.8103669970296323,True
591,26042630,26086696,44.066,6703,2468,2249,52.06018518518519,33.333333333333336,8.58070253445976,2.9397085551980267,19,0.8136750038829632,True
592,26086696,26130761,44.065,7386,2706,2424,56.111111111111114,35.18518518518518,8.423679867986799,2.7446227637577585,19,0.6410350033547729,True
593,26130761,26174827,44.066,7052,2602,2432,56.2962962962963,37.03703703703704,8.56702302631579,2.903256115439733,22,0.5868729931535199,True
594,26174827,26218892,44.065,12072,4189,2942,68.10185185185186,39.81481481481482,8.2324949014276,2.6960815466388035,22,0.8872160033206455,True
595,26218892,26262957,44.065,8173,3077,2554,59.120370370370374,38.888888888888886,8.53054032889585,3.193702069834284,22,0.7234610020532273,True
596,26262957,26307024,44.067,6622,2540,2324,53.79629629629629,38.888888888888886,8.870051635111876,3.2003358522257033,20,0.5385629992815666,True
597,26307024,26351089,44.065,9251,3450,2674,61.898148148148145,37.03703703703704,8.395287958115183,2.8482684204383215,23,0.7499450002796948,True
598,26351089,26395153,44.064,12103,4649,2841,65.76388888888889,37.96296296296296,8.184794086589228,2.8617064827040752,20,0.8111170027405024,True
599,26395153,26439219,44.066,9924,3863,2700,62.5,43.51851851851852,8.182222222222222,2.7584447219312946,20,0.7152110047172755,True
600,26439219,26483284,44.065,6765,2705,2436,56.38888888888889,38.888888888888886,8.896141215106733,3.030816256183252,19,0.7076550027704798,True
601,26483284,26527349,44.065,10442,3973,2878,66.62037037037037,42.592592592592595,8.29638637943016,2.714475034151282,21,0.7468480034731328,True
602,26527349,26571415,44.066,9094,3639,2640,61.11111111111111,38.888888888888886,8.234469696969697,2.6423032349534306,19,0.6607549948967062,True
603,26571415,26615480,44.065,12495,4995,2788,64.53703703703704,40.74074074074074,7.76506456241033,2.467370803722595,22,0.8234580018324777,True
604,26615480,26659546,44.066,13180,5378,2797,64.74537037037037,46.2962962962963,7.668573471576689,2.4570509985826283,21,0.8779609997873195,True
605,26659546,26703611,44.065,15067,6143,2665,61.68981481481482,44.44444444444444,7.676547842401501,2.6851816447583445,22,0.8844330004649237,True
606,26703611,26747676,44.065,18379,7375,2868,66.38888888888889,48.148148148148145,7.620990237099024,2.908112563966955,24,1.0293950035702437,True
607,26747676,26791742,44.066,19944,7742,2884,66.75925925925925,49.074074074074076,7.446601941747573,2.581996285697992,22,1.094368999474682,True
608,26791742,26835807,44.065,17578,6757,2865,66.31944444444444,44.44444444444444,7.5849912739965095,2.567997068549229,20,0.9956799985957332,True
609,26835807,26879872,44.065,13281,4979,2914,67.45370370370371,37.03703703703704,8.014070006863419,2.7163062302735157,21,0.9114389977185056,True
610,26879872,26923938,44.066,10469,3992,2741,63.449074074074076,37.03703703703704,8.343305363006202,2.9025237576906817,23,0.7023430007393472,True
611,26923938,26968003,44.065,5844,2512,2030,46.99074074074074,36.111111111111114,8.165024630541872,2.608787418978958,17,0.5310969936545007,True
612,26968003,27012068,44.065,7640,2888,2565,59.375,37.96296296296296,8.337621832358675,2.6419630227019675,20,0.7244759981404059,True
613,27012068,27056134,44.066,17160,6478,2707,62.662037037037045,40.74074074074074,7.643516808274843,2.7561258445900645,23,1.1576100005186163,True
614,27056134,27100199,44.065,22171,8204,2808,65.0,46.2962962962963,7.194088319088319,2.3636026471641167,18,1.2233250017743558,True
615,27100199,27144265,44.066,19853,7395,2570,59.49074074074074,48.148148148148145,7.232684824902724,2.368145810882115,19,1.235784002346918,True
616,27144265,27188330,44.065,14934,5677,2434,56.34259259259259,41.666666666666664,7.652423993426458,2.736132638469747,21,0.9525529967504553,True
617,27188330,27232395,44.065,11742,4448,2357,54.56018518518518,34.25925925925926,7.775137887144675,2.888158719533595,22,0.7776679995004088,True
618,27232395,27276461,44.066,11976,4384,2363,54.699074074074076,33.333333333333336,7.729581041049514,2.6904167073004013,21,0.7610719985677861,True
619,27276461,27320526,44.065,12024,4546,2230,51.620370370370374,37.96296296296296,7.657847533632287,2.5982002798558073,20,0.7650940024177544,True
620,27320526,27364591,44.065,10273,3914,2204,51.01851851851852,34.25925925925926,7.733666061705989,2.5954257872922972,22,0.6835480016889051,True
621,27364591,27408657,44.066,9746,3480,2221,51.41203703703703,31.48148148148148,8.071589374155785,2.7669185914026184,22,0.6562449998455122,True
622,27408657,27452722,44.065,11365,4056,2402,55.601851851851855,37.03703703703704,7.853039134054955,2.542979660032917,21,0.7463779984391294,True
623,27452722,27496787,44.065,16394,5986,2609,60.39351851851852,46.2962962962963,7.6117286316596395,2.8405755968963584,23,0.9679790018708445,True
624,27496787,27540853,44.066,17636,6655,2789,64.56018518518518,48.148148148148145,7.340982430978846,2.4965178839114164,19,1.038269001583103,True
625,27540853,27584918,44.065,17709,6419,2876,66.57407407407408,47.22222222222222,7.441933240611961,2.58924858282046,20,1.066975004505366,True
626,27584918,27628984,44.066,17099,5894,2867,66.36574074074073,44.44444444444444,7.445413324032089,2.5836684351736796,22,1.0096180049004033,True
627,27628984,27673049,44.065,15694,5406,3078,71.25,46.2962962962963,7.833008447043535,2.7393936489543167,22,0.9732929975143634,True
628,27673049,27717114,44.065,13928,4870,3182,73.6574074074074,40.74074074074074,8.005971087366436,2.835910875396646,23,0.8562329967389815,True
629,27717114,27761180,44.066,10593,3975,2932,67.87037037037037,42.592592592592595,8.157571623465211,2.812052717803799,21,0.8085640001809224,True
630,27761180,27805245,44.065,13261,4880,3207,74.23611111111111,45.370370370370374,7.7835983785469285,2.535056194233923,21,1.0811440006364137,True
631,27805245,27849310,44.065,13851,5079,3573,82.70833333333333,42.592592592592595,7.997201231458158,2.7466984997052077,21,0.8834789987304248,True
632,27849310,27893376,44.066,19324,6718,3744,86.66666666666667,47.22222222222222,7.450053418803419,2.4769589927665914,21,1.1725779986591078,True
633,27893376,27937441,44.065,16663,6137,3193,73.91203703703704,41.666666666666664,7.5649859066708425,2.6072224616868906,20,1.0069100026157685,True
634,27937441,27981507,44.066,14967,5227,2630,60.87962962962963,42.592592592592595,7.395437262357414,2.578556294800566,24,0.9474019971094094,True
635,27981507,28025572,44.065,14785,5169,2503,57.93981481481481,37.03703703703704,7.550938873351978,2.730486303008669,21,0.8902749978005886,True
636,28025572,28069637,44.065,13939,4846,2421,56.041666666666664,35.18518518518518,7.655101197852127,2.718289782050724,19,0.8626249982626177,True
637,28069637,28113703,44.066,13434,4584,2397,55.486111111111114,39.81481481481482,7.484355444305382,2.509445097464529,19,0.8304369985125959,True
638,28113703,28157768,44.065,13523,4747,2435,56.36574074074075,41.666666666666664,7.829979466119097,2.8346355544368915,23,0.8177609997801483,True
639,28157768,28201833,44.065,12887,4615,2422,56.06481481481482,37.96296296296296,7.6985962014863745,2.7267503206078842,22,0.7873840004322119,True
640,28201833,28245899,44.066,12420,4312,2411,55.81018518518518,40.74074074074074,7.751970136872667,2.6715452339223726,21,0.808279997727368,True
641,28245899,28289964,44.065,13595,4626,2465,57.06018518518518,41.666666666666664,7.622312373225152,2.6561859232770697,22,0.8617290004622191,True
642,28289964,28334029,44.065,13083,4490,2617,60.5787037037037,43.51851851851852,7.5506304929308365,2.5817576323459934,24,0.8050610049394891,True
643,28334029,28378095,44.066,17151,5301,2901,67.15277777777779,45.370370370370374,7.803516028955532,3.0124414049694943,26,0.9811470008571632,True
644,28378095,28422160,44.065,19198,6578,3104,71.85185185185185,48.148148148148145,7.375644329896907,2.573406743064795,19,1.0826270008692518,True
645,28422160,28466226,44.066,18307,6388,3068,71.01851851851852,52.77777777777778,7.614080834419817,2.821912748582159,23,1.0493049994693138,True
646,28466226,28510291,44.065,15739,5129,3057,70.76388888888889,48.148148148148145,7.735361465489041,2.569855410092182,22,0.9449319986742921,True
647,28510291,28554356,44.065,10615,3728,2625,60.763888888888886,41.666666666666664,8.081523809523809,2.866061103576319,22,0.7113079991540872,True
648,28554356,28598423,44.067,7138,2691,2291,53.03240740740741,35.18518518518518,8.463553033609777,2.838571600131495,20,0.8656740028527565,True
649,28598423,28642488,44.065,11843,4009,2615,60.53240740740741,37.96296296296296,8.059655831739962,2.929554922195531,23,0.7571230016765185,True
650,28642488,28686553,44.065,20074,6686,3032,70.18518518518519,50.925925925925924,7.3987467018469655,2.5266988092203446,22,1.1294669966446236,True
651,28686553,28730618,44.065,20162,7497,3250,75.23148148148148,53.7037037037037,7.585230769230769,2.632745924048068,21,1.22557799477363,True
652,28730618,28774683,44.065,24535,9055,2908,67.31481481481481,48.148148148148145,7.139614855570839,2.3648704470448556,19,1.3545499969040975,True
653,28774683,28818748,44.065,20389,7116,2675,61.92129629629629,42.592592592592595,7.6654205607476635,2.933630419795767,22,1.1057129959226586,True
654,28818748,28862814,44.066,17697,7909,2227,51.550925925925924,40.74074074074074,7.307588684328693,2.4911429771073035,18,1.004656995064579,True
655,28862814,28906879,44.065,20946,8809,2723,63.03240740740741,49.074074074074076,7.496511200881381,2.4783096409871304,20,1.1245729983784258,True
656,28906879,28950945,44.066,26941,10224,3140,72.68518518518519,57.407407407407405,7.082484076433121,2.161742973359104,20,1.3779040018562227,True
657,28950945,28995010,44.065,25908,8994,3153,72.98611111111111,51.851851851851855,7.140183951791944,2.290650247850827,19,1.4058060041861609,True
658,28995010,29039075,44.065,12106,4550,2812,65.0925925925926,32.407407407407405,8.256045519203415,3.151330592674964,24,1.0224729994661175,True
659,29039075,29083141,44.066,16292,5381,2757,63.81944444444444,39.81481481481482,7.708015959376134,2.7407610389544415,23,1.0255230008624494,True
660,29083141,29127206,44.065,24514,9567,2955,68.40277777777779,54.629629629629626,6.899153976311337,2.0573789351721965,19,1.5081309975357726,True
661,29127206,29171271,44.065,28723,10909,3112,72.03703703703704,59.25925925925926,6.631748071979435,1.8130829255406462,16,1.647969002078753,True
662,29171271,29215337,44.066,14816,5467,2463,57.01388888888889,39.81481481481482,7.348355663824604,2.3978193199327653,18,1.2586259981617332,True
663,29215337,29259402,44.065,14550,5331,2459,56.9212962962963,37.03703703703704,7.619357462383083,2.694542749376788,23,0.971934998233337,True
664,29259402,29303468,44.066,17936,7115,2337,54.09722222222222,45.370370370370374,7.37227214377407,2.497763075820826,18,1.3263739965623245,True
665,29303468,29347533,44.065,25759,9812,2977,68.91203703703704,56.48148148148148,7.023177695666779,2.1497045550103806,17,1.509873996837996,True
666,29347533,29391598,44.065,21195,7933,2989,69.18981481481481,50.925925925925924,7.442288390766143,2.513749061008683,20,1.2841420029872097,True
667,29391598,29435664,44.066,15077,5379,3029,70.11574074074075,41.666666666666664,7.627930009904259,2.6147912760587517,21,0.9445130053791218,True
668,29435664,29479729,44.065,22479,8303,3388,78.42592592592592,53.7037037037037,7.753246753246753,2.955979386585439,22,1.2142990017309785,True
669,29479729,29523794,44.065,28989,11003,3444,79.72222222222223,53.7037037037037,6.908536585365853,2.087668360266884,18,1.4612000013585202,True
670,29523794,29567860,44.066,19058,7571,2685,62.15277777777778,44.44444444444444,7.251396648044692,2.36070463098936,20,1.133971003582701,True
671,29567860,29611925,44.065,16199,6503,2295,53.125,39.81481481481482,7.44400871459695,2.5600036696448463,20,1.027913996949792,True
672,29611925,29655990,44.065,21816,8197,2736,63.333333333333336,42.592592592592595,7.136695906432749,2.2792026065188216,18,1.2747149958158843,True
673,29655990,29700056,44.066,19547,6990,2871,66.45833333333333,40.74074074074074,7.530128874956461,2.5254637608477024,21,1.168340997537598,True
674,29700056,29744121,44.065,13590,4908,2752,63.70370370370371,39.81481481481482,8.183866279069768,3.0270680312539464,24,0.8798119961284101,True
675,29744121,29788187,44.066,9297,3371,2899,67.10648148148148,34.25925925925926,8.562607795791653,3.400859553151743,22,0.6784010038245469,True
676,29788187,29832252,44.065,22197,7893,2833,65.57870370370371,50.0,7.133780444758207,2.534359522582745,23,1.25203999778023,True
677,29832252,29876317,44.065,18563,6666,3060,70.83333333333333,44.44444444444444,7.4372549019607845,2.5338849335740603,21,1.3194489947636612,True
678,29876317,29920383,44.066,11851,4406,2688,62.22222222222222,42.592592592592595,8.07328869047619,2.8834349689613665,21,0.7848989989724942,True
679,29920383,29964448,44.065,13126,4667,2740,63.425925925925924,46.2962962962963,7.763868613138686,2.5856300671309036,19,0.9458240019739605,True
680,29964448,30008513,44.065,18688,7400,2633,60.94907407407407,46.2962962962963,7.466008355488037,2.6454791100895716,20,1.2152199997217394,True
681,30008513,30052579,44.066,19077,7073,2649,61.31944444444445,43.51851851851852,7.303133257833145,2.4124992244768007,22,1.274453999940306,True
682,30052579,30096644,44.065,15033,5523,3014,69.76851851851852,34.25925925925926,8.574983410749834,3.4610619014195687,22,0.9292340037063695,True
683,30096644,30140709,44.065,20794,9164,2734,63.28703703703703,43.51851851851852,7.302852962692026,2.4776423642319614,22,1.1596240001381375,True
684,30140709,30184775,44.066,12401,5202,2753,63.726851851851855,39.81481481481482,9.222302942244823,3.860345900090073,22,0.8349339987034909,True
685,30184775,30228840,44.065,22530,9824,2631,60.90277777777778,51.851851851851855,7.261877613074876,2.4529449504441216,24,1.2543119955807924,True
686,30228840,30272906,44.066,26415,11828,2803,64.88425925925925,53.7037037037037,7.285765251516232,2.4185705328965725,19,1.3999709990457632,True
687,30272906,30316971,44.065,28169,12204,3166,73.28703703703704,59.25925925925926,7.069172457359444,2.239303995730192,19,1.4048380035092123,True
688,30316971,30361036,44.065,23683,9386,2908,67.31481481481481,59.25925925925926,7.067056396148556,2.1373024819051354,17,1.2939770022057928,True
689,30361036,30405102,44.066,9057,3382,2755,63.773148148148145,33.333333333333336,8.75644283121597,3.4932952705801554,23,0.716460999683477,True
690,30405102,30449167,44.065,15049,5585,2584,59.81481481481482,45.370370370370374,7.4907120743034055,2.5129522904966612,20,1.038610003888607,True
691,30449167,30493232,44.065,23869,9046,2859,66.18055555555556,54.629629629629626,7.069954529555789,2.3284070136978117,21,1.4115629965090193,True
692,30493232,30537298,44.066,24112,8886,3392,78.51851851851852,56.48148148148148,7.321639150943396,2.4295553696749246,19,2.0194679964333773,True
693,30537298,30581363,44.065,10485,3862,3222,74.58333333333333,45.370370370370374,9.119490999379268,3.7518874192982454,26,0.9017669945023954,True
694,30581363,30625429,44.066,16279,6120,3085,71.41203703703704,50.0,7.578282009724473,2.4443461634604535,22,1.0815269997692667,True
695,30625429,30669494,44.065,17415,6416,3333,77.15277777777777,48.148148148148145,7.903990399039904,3.1479793607508615,25,1.3543050008593127,True
696,30669494,30713559,44.065,23400,8901,3408,78.88888888888889,56.48148148148148,7.530516431924883,2.6891379870842917,21,1.3785310002276674,True
697,30713559,30757625,44.066,24390,9250,3288,76.11111111111111,51.851851851851855,7.326338199513382,2.6128332400140475,21,1.3735719985561445,True
698,30757625,30801690,44.065,18715,6875,2760,63.888888888888886,45.370370370370374,7.467391304347826,2.5675698498458477,20,1.09703100315528,True
699,30801690,30845755,44.065,11082,4181,2588,59.90740740740741,38.888888888888886,8.346213292117465,3.142284833706964,24,0.7712959995842539,True
700,30845755,30889822,44.067,16531,5943,2617,60.5787037037037,38.888888888888886,7.382881161635461,2.469713610432379,22,1.1122890064143576,True
701,30889822,30933887,44.065,15961,5966,2699,62.476851851851855,39.81481481481482,7.71359762875139,2.7982429096902974,21,0.9659290008130483,True
702,30933887,30977952,44.065,15273,5552,2908,67.31481481481481,44.44444444444444,7.798486932599725,2.909094579626625,25,0.9450689976802096,True
703,30977952,31022017,44.065,20001,7356,2922,67.63888888888889,43.51851851851852,7.381930184804928,2.452545222351442,22,1.1498970052343793,True
704,31022017,31066082,44.065,21204,7753,3088,71.48148148148148,46.2962962962963,7.161593264248705,2.266445723591394,20,1.1994980013696477,True
705,31066082,31110148,44.066,13337,4847,2303,53.31018518518518,34.25925925925926,7.643074250976986,2.60553262797162,23,1.176801997644361,True
706,31110148,31154213,44.065,7071,2684,2009,46.50462962962963,27.77777777777778,8.32105525136884,3.002232400099071,23,0.5885740029043518,True
707,31154213,31198278,44.065,9862,3427,2245,51.967592592592595,28.703703703703702,7.914031180400891,2.964557378997878,22,0.6908689974807203,True
708,31198278,31242344,44.066,19341,6652,2448,56.666666666666664,50.0,7.2026143790849675,2.459766387558353,20,1.24544099526247,True
709,31242344,31286409,44.065,20346,7108,2857,66.13425925925925,45.370370370370374,7.317465873293664,2.5671969117155977,21,1.2129989991080947,True
710,31286409,31330474,44.065,15810,5762,3049,70.5787037037037,47.22222222222222,7.576910462446704,2.555402157997217,21,0.9624259982956573,True
711,31330474,31374540,44.066,22863,8006,3029,70.11574074074075,53.7037037037037,7.376691977550347,2.634634496136439,21,1.218315002915915,True
712,31374540,31418605,44.065,20594,7289,2943,68.125,51.851851851851855,7.418620455317703,2.681296489786147,22,1.1419699949328788,True
713,31418605,31462670,44.065,13112,4714,2569,59.467592592592595,42.592592592592595,7.831841183339821,2.7788162815323827,20,0.7977179993758909,True
714,31462670,31506736,44.066,7479,2675,2508,58.05555555555556,37.03703703703704,9.174641148325358,3.460964085213275,25,0.5938190006418154,True
715,31506736,31550801,44.065,13791,4896,2646,61.25,46.2962962962963,7.826908541194255,2.7753316289667755,21,0.8516369998687878,True
716,31550801,31594867,44.066,14904,5359,2803,64.88425925925925,50.0,7.811273635390653,2.8939616143942652,19,0.8998940029414371,True
717,31594867,31638932,44.065,15742,5633,2920,67.5925925925926,50.0,7.63972602739726,2.7840661957779056,22,0.9222910011885688,True
718,31638932,31682997,44.065,16924,5959,3215,74.42129629629629,50.925925925925924,7.740902021772939,2.6162057091002473,23,1.0082809967570938,True
719,31682997,31727063,44.066,16585,6128,3011,69.69907407407408,43.51851851851852,7.600464961806709,2.666093942022604,23,0.9765270006028004,True
720,31727063,31771128,44.065,27170,9712,3041,70.39351851851852,54.629629629629626,6.925682341335087,2.144194015024832,21,1.4196679985616356,True
721,31771128,31815193,44.065,24421,8512,2943,68.125,49.074074074074076,7.032279986408427,2.2461454430737815,20,1.2997520025237463,True
722,31815193,31859259,44.066,17793,6143,2580,59.72222222222223,43.51851851851852,7.326744186046511,2.746636748950114,24,1.3768350036116317,True
723,31859259,31903324,44.065,15498,5397,2371,54.88425925925926,40.74074074074074,7.444116406579503,2.613702450416512,20,0.9686740013421513,True
724,31903324,31947390,44.066,13091,4517,2208,51.111111111111114,33.333333333333336,7.4207427536231885,2.6246229872361955,22,0.9055279952008277,True
725,31947390,31991455,44.065,14771,5104,2093,48.449074074074076,40.74074074074074,7.685140946010511,2.906202724827207,23,0.9133880012086593,True
726,31991455,32035520,44.065,14668,5864,2075,48.032407407407405,40.74074074074074,7.35710843373494,2.7477379656730663,21,0.9383159995195456,True
727,32035520,32079586,44.066,19864,7303,2508,58.05555555555556,46.2962962962963,7.090510366826156,2.3170244133090616,17,1.095098996302113,True
728,32079586,32123651,44.065,23709,9507,2838,65.69444444444444,52.77777777777778,7.0,2.4575321791499363,25,1.2526919963420369,True
729,32123651,32167716,44.065,19371,7468,2561,59.28240740740741,47.22222222222222,6.982819211245607,2.1528151475375052,18,1.0857140005100518,True
730,32167716,32211782,44.066,12820,4451,2325,53.81944444444445,38.888888888888886,7.820645161290322,3.0917308394759897,23,0.8111880015349016,True
731,32211782,32255847,44.065,15032,5129,2470,57.17592592592593,37.03703703703704,7.402024291497976,2.669803392247466,22,0.8870390010997653,True
732,32255847,32299912,44.065,18882,6639,2777,64.28240740740742,42.592592592592595,7.445804825351098,2.906420297125265,24,1.113614001951646,True
733,32299912,32343978,44.066,19635,7053,2922,67.63888888888889,49.074074074074076,7.336071184120465,2.686823508744785,22,1.2683859968092293,True
734,32343978,32388043,44.065,15620,5637,2601,60.208333333333336,43.51851851851852,7.40561322568243,2.527440944237291,20,0.9205539972754195,True
735,32388043,32432109,44.066,11810,4294,2390,55.324074074074076,37.03703703703704,8.033891213389122,3.020588682387172,24,0.7804470005794428,True
736,32432109,32476174,44.065,18490,6832,2462,56.99074074074074,46.2962962962963,7.197400487408611,2.393131194553659,19,1.0811679967446253,True
737,32476174,32520239,44.065,19686,6753,3343,77.38425925925927,41.666666666666664,8.070894406221957,3.2210512896610015,25,1.1387380000087433,True
738,32520239,32564305,44.066,23090,8256,3340,77.31481481481481,47.22222222222222,7.194011976047904,2.3938719318718533,21,1.6206840009544976,True
739,32564305,32608370,44.065,18175,6542,2879,66.64351851851852,48.148148148148145,7.398402222994095,2.6325264352937165,23,1.051049999659881,True
740,32608370,32652435,44.065,19463,6818,2825,65.39351851851852,50.0,7.489203539823009,2.789101463961226,23,1.206084998557344,True
741,32652435,32696501,44.066,22383,7957,3029,70.11574074074075,52.77777777777778,7.316936282601518,2.5082064824427874,18,1.3032659990130924,True
742,32696501,32740566,44.065,20801,7289,2873,66.50462962962963,50.925925925925924,7.309780717020536,2.5541333836358886,24,1.3046359963482246,True
743,32740566,32784631,44.065,15971,5471,2511,58.125,41.666666666666664,7.373556352050976,2.4203442246056475,18,0.9551590046612546,True
744,32784631,32828697,44.066,13839,4726,2583,59.791666666666664,35.18518518518518,7.5501355013550135,2.699654947953154,22,0.851554999826476,True
745,32828697,32872762,44.065,16276,5571,2460,56.94444444444444,39.81481481481482,7.412195121951219,2.5723699289484627,22,0.9833050062297843,True
746,32872762,32916828,44.066,18004,6447,2394,55.41666666666667,39.81481481481482,7.226399331662489,2.460489077504209,21,1.0726789987529628,True
747,32916828,32960893,44.065,19539,7492,3041,70.39351851851852,42.592592592592595,7.192042091417297,2.404085598069506,20,1.169210001535248,True
748,32960893,33004958,44.065,12108,5491,3024,70.0,36.111111111111114,8.486772486772487,3.543917160772473,24,0.7763619942124933,True
749,33004958,33049024,44.066,23411,8526,3657,84.65277777777777,42.592592592592595,7.005468963631392,2.2375893937396194,20,1.285900994844269,True
750,33049024,33093089,44.065,30948,10857,4447,102.93981481481482,56.48148148148148,7.1216550483472005,2.378657853004606,21,1.6782220045570284,True
751,33093089,33137154,44.065,27846,9541,4118,95.32407407407408,57.407407407407405,6.951675570665372,2.154283682163323,19,1.4734799988218583,True
752,33137154,33181220,44.066,19113,7345,3447,79.79166666666666,48.148148148148145,7.317957644328401,2.3471256190999323,20,1.2874399981228635,True
753,33181220,33225285,44.065,15573,5795,3330,77.08333333333334,55.55555555555556,7.756756756756757,2.7462763746239576,25,1.105989002098795,True
754,33225285,33269351,44.066,18703,6810,3550,82.17592592592592,52.77777777777778,7.786197183098592,2.9712577913279885,22,1.1582939987420104,True
755,33269351,33313416,44.065,17437,6254,3269,75.67129629629629,50.0,7.882532884674212,2.8992933088857704,24,1.0656570011633448,True
756,33313416,33357481,44.065,12792,4836,2878,66.62037037037037,43.51851851851852,7.95552466990966,2.8420491949888507,20,0.880339001014363,True
757,33357481,33401547,44.066,12761,4550,2718,62.916666666666664,36.111111111111114,8.070272259013981,3.092490013030721,22,0.8104270018520765,True
758,33401547,33445612,44.065,13075,4697,2931,67.84722222222223,43.51851851851852,7.895598771750256,2.6932350916711796,21,0.8431659953203052,True
759,33445612,33489677,44.065,14187,4840,3275,75.81018518518519,39.81481481481482,8.029923664122137,2.743211884735576,25,0.891428004251793,True
760,33489677,33533743,44.066,13762,4911,3190,73.8425925925926,44.44444444444444,8.058307210031348,2.5877184525435792,20,0.8951400013756938,True
761,33533743,33577808,44.065,15463,5604,3262,75.50925925925927,43.51851851851852,7.834150827713059,2.6521901686952227,21,1.0382800028310157,True
762,33577808,33621873,44.065,14972,5778,3028,70.0925925925926,49.074074074074076,8.090488771466314,2.9494422192054186,21,0.8926309965318069,True
763,33621873,33665939,44.066,12852,4972,2985,69.09722222222223,46.2962962962963,8.37822445561139,3.1323665383419295,24,0.8060539985308424,True
764,33665939,33710004,44.065,7171,2919,2468,57.129629629629626,38.888888888888886,8.121961102106969,2.575307388952927,20,0.5625689955195412,True
765,33710004,33754070,44.066,8729,3360,2673,61.875,41.666666666666664,8.065469509913955,2.4143806933347465,24,0.6338079983834177,True
766,33754070,33798135,44.065,12121,4414,2746,63.56481481481481,42.592592592592595,7.961034231609614,2.770726085010594,20,0.8053190031205304,True
767,33798135,33842200,44.065,12918,4538,2783,64.42129629629629,41.666666666666664,7.974487962630255,2.7952778725846024,22,0.8088319955277257,True
768,33842200,33886266,44.066,12074,4164,2593,60.023148148148145,37.03703703703704,7.919784033937524,2.7467552697292117,21,0.8081019987002946,True
769,33886266,33930331,44.065,11697,3953,2494,57.73148148148148,33.333333333333336,8.220529270248596,3.2501131250044346,25,0.7611559994984418,True
770,33930331,33974396,44.065,10059,3467,2296,53.148148148148145,36.111111111111114,7.906358885017422,2.6746378797096724,20,0.7049749983707443,True
771,33974396,34018462,44.066,10142,3571,2534,58.657407407407405,36.111111111111114,8.082872928176796,2.870432557012598,24,0.8031119941733778,True
772,34018462,34062527,44.065,18987,6520,2917,67.52314814814815,50.0,7.234487487144326,2.3888102301489913,22,1.299736999499146,True
773,34062527,34106593,44.066,17038,6140,2741,63.449074074074076,47.22222222222222,7.616928128420285,2.7813271233807257,21,0.9924260011757724,True
774,34106593,34150658,44.065,14334,5209,2528,58.51851851851852,47.22222222222222,7.5842563291139244,2.784738400570481,26,0.9495270060142502,True
775,34150658,34194723,44.065,14224,5297,2601,60.208333333333336,47.22222222222222,7.587850826605152,2.774227525730652,24,0.9343040001112968,True
776,34194723,34238789,44.066,12777,4558,3026,70.0462962962963,42.592592592592595,8.082617316589557,2.905162444187221,22,0.8395979966735467,True
777,34238789,34282854,44.065,17011,6116,2826,65.41666666666667,49.074074074074076,7.759023354564756,2.8709501710766214,23,0.9717260036268272,True
778,34282854,34326919,44.065,16104,5722,2851,65.99537037037037,42.592592592592595,7.638021746755524,2.7771451899479627,23,0.920043996302411,True
779,34326919,34370985,44.066,17702,6273,2857,66.13425925925925,46.2962962962963,7.4854742737136855,2.690787715661016,22,1.0290880018146709,True
780,34370985,34415050,44.065,13558,4467,3136,72.5925925925926,42.592592592592595,9.146045918367347,3.90100355716238,25,0.8540780036128126,True
781,34415050,34459115,44.065,24333,8232,3262,75.50925925925927,55.55555555555556,7.286327406499081,2.621923919675606,22,1.2725369961117394,True
782,34459115,34503181,44.066,23287,8238,3421,79.18981481481481,57.407407407407405,7.344051446945338,2.521121037411873,22,1.2274940017960034,True
783,34503181,34547246,44.065,18377,6536,3116,72.12962962962963,50.0,7.426508344030808,2.3573670073979516,19,1.0201599943684414,True
784,34547246,34591312,44.066,13022,4560,3113,72.06018518518519,47.22222222222222,8.667202055894636,3.5537821538669503,25,0.8316520033986308,True
785,34591312,34635377,44.065,16657,5997,2777,64.28240740740742,45.370370370370374,7.677709758732445,2.7357875929455187,24,0.9810179981286637,True
786,34635377,34679442,44.065,11457,4092,3018,69.86111111111111,37.96296296296296,8.262756792577866,2.769750084031762,22,0.7575909985462204,True
787,34679442,34723508,44.066,12177,4196,3005,69.56018518518518,36.111111111111114,8.22595673876872,2.8102246980214467,25,0.8076169979176484,True
788,34723508,34767573,44.065,16253,5534,2575,59.60648148148148,42.592592592592595,7.682718446601942,2.6485959622436037,22,1.0561499948380515,True
789,34767573,34811638,44.065,14985,5140,2377,55.023148148148145,37.03703703703704,7.65544804375263,2.661747913559037,20,1.0228959945379756,True
790,34811638,34855704,44.066,6821,2245,2367,54.79166666666667,30.555555555555557,9.877059569074778,3.8848673697033997,27,0.5632820029859431,True
791,34855704,34899769,44.065,12101,4123,2523,58.40277777777778,33.333333333333336,7.772493063812921,2.515698709992206,19,0.8888130032573827,True
792,34899769,34943834,44.065,7730,2831,2407,55.71759259259259,31.48148148148148,8.30203572912339,2.6497070116488217,24,0.6248950012377463,True
793,34943834,34987900,44.066,21382,7430,3003,69.51388888888889,41.666666666666664,7.454212454212454,2.6932442344339584,23,1.245303006726317,True
794,34987900,35031965,44.065,30922,11156,3355,77.66203703703704,53.7037037037037,7.070044709388972,2.3567475816102603,22,1.6045149968704209,True
795,35031965,35076031,44.066,18701,7115,2311,53.495370370370374,46.2962962962963,7.574643011683254,2.6924316639480628,23,1.0233089997200295,True
796,35076031,35120096,44.065,9730,3606,2180,50.46296296296297,32.407407407407405,8.13302752293578,2.756428850599413,23,0.6634099991060793,True
797,35120096,35164161,44.065,9956,3708,2189,50.6712962962963,34.25925925925926,8.048423937871174,2.7428937264840556,23,0.6583750000572763,True
798,35164161,35208227,44.066,11275,4309,2574,59.583333333333336,34.25925925925926,8.464257964257964,3.489923987385391,23,0.7643670032848604,True
799,35208227,35252292,44.065,13978,5267,2747,63.587962962962955,41.666666666666664,7.7087732071350565,2.6674034831125883,23,0.8434850024059415,True
800,35252292,35296357,44.065,11819,4518,2682,62.08333333333333,42.592592592592595,8.083892617449665,2.7902116754002426,24,0.9236319965566508,True
801,35296357,35340423,44.066,6543,2731,2408,55.74074074074074,36.111111111111114,8.273671096345515,2.5386260857893768,19,0.5436219944385812,True
802,35340423,35384488,44.065,8342,3250,2530,58.56481481481481,37.03703703703704,8.318577075098814,2.7174757874039326,21,0.6249389989534393,True
803,35384488,35428553,44.065,5643,2347,2190,50.69444444444444,35.18518518518518,8.382648401826485,2.649661013837595,18,0.49248599680140615,True
804,35428553,35472619,44.066,6344,2525,2342,54.21296296296296,37.96296296296296,8.590093936806149,2.7889383013187516,20,0.5171140001039021,True
805,35472619,35516684,44.065,6934,2700,2397,55.486111111111114,37.03703703703704,8.484772632457238,2.764780448929372,21,0.5597920026048087,True
806,35516684,35560750,44.066,4369,1858,1946,45.0462962962963,36.111111111111114,8.034943473792394,2.5319767760672174,20,0.4754589972435497,True
807,35560750,35604815,44.065,8111,2929,2489,57.61574074074074,37.03703703703704,8.233427079148253,2.536149163229522,19,0.627923000138253,True
808,35604815,35648880,44.065,9223,3299,2803,64.88425925925925,37.03703703703704,8.727791651801642,3.2102729897448308,26,0.6509360027848743,True
809,35648880,35692946,44.066,14114,5167,2766,64.02777777777779,41.666666666666664,7.866955892986262,2.676795642691613,25,1.1557469988474622,True
810,35692946,35737011,44.065,11297,4026,3083,71.36574074074075,39.81481481481482,8.47843010055141,3.0573136763978415,26,0.8020220047910698,True
811,35737011,35781076,44.065,9880,3613,3232,74.81481481481482,45.370370370370374,9.062190594059405,3.4292035205651006,23,0.7185130016296171,True
812,35781076,35825142,44.066,11465,3966,3213,74.375,46.2962962962963,8.430750077808902,2.9851714596874475,24,0.8479169991915114,True
813,35825142,35869207,44.065,11915,4272,3261,75.48611111111111,45.370370370370374,8.12296841459675,2.8641793513258547,24,0.7828840025467798,True
814,35869207,35913273,44.066,16942,6047,3000,69.44444444444444,43.51851851851852,7.704666666666666,2.729489248111367,23,1.0631709956214763,True
815,35913273,35957338,44.065,11654,4245,2801,64.83796296296296,40.74074074074074,8.310246340592645,3.2364509505712284,25,0.800189001893159,True
816,35957338,36001403,44.065,12605,4591,2663,61.64351851851852,41.666666666666664,7.784829140067593,2.6574141953230765,21,0.8346440008608624,True
817,36001403,36045469,44.066,15006,5278,2725,63.07870370370371,44.44444444444444,7.527339449541285,2.3922821786713806,19,0.9680549992481247,True
818,36045469,36089534,44.065,18531,6210,2778,64.30555555555556,46.2962962962963,7.303095752339813,2.5037619914085254,22,1.0249030019622296,True
819,36089534,36133599,44.065,17864,6189,2787,64.51388888888889,49.074074074074076,7.279153211338357,2.4144359229075865,24,1.0088759954669513,True
820,36133599,36177665,44.066,19266,6548,2854,66.06481481481481,48.148148148148145,7.191660826909601,2.525563868689222,24,1.116623003326822,True
821,36177665,36221730,44.065,23242,7587,3780,87.5,49.074074074074076,7.4867724867724865,2.6604261615267855,26,1.242146005097311,True
822,36221730,36265795,44.065,21582,7608,3767,87.19907407407406,49.074074074074076,7.310857446243695,2.5133033844780113,20,1.2102600012440234,True
823,36265795,36309861,44.066,12650,4329,3371,78.0324074074074,43.51851851851852,9.026401661228123,3.670686524157662,24,0.8143110026139766,True
824,36309861,36353926,44.065,16855,5604,3722,86.1574074074074,46.2962962962963,8.042987641053196,3.1632597499121307,22,1.063668998540379,True
825,36353926,36397992,44.066,21705,7700,3067,70.99537037037038,51.851851851851855,7.185523312683404,2.459282849538516,19,1.2311280006542802,True
826,36397992,36442057,44.065,8615,3275,2582,59.76851851851852,38.888888888888886,8.24554608830364,3.0537607308187114,22,0.8761799981584772,True
827,36442057,36486122,44.065,5771,2149,2347,54.3287037037037,34.25925925925926,9.081806561567959,3.437325702452055,23,0.5550480054807849,True
828,36486122,36530188,44.066,8302,2863,2723,63.03240740740741,34.25925925925926,9.18582445831803,3.5314011779847188,24,0.6178879993967712,True
829,36530188,36574253,44.065,8109,2549,2811,65.06944444444444,35.18518518518518,9.912130914265386,3.9270878943197984,25,0.6245510012377053,True
830,36574253,36618318,44.065,16172,5660,2755,63.773148148148145,40.74074074074074,7.589110707803993,2.416134012193088,19,1.0386140056652948,True
831,36618318,36662384,44.066,8367,3166,2630,60.87962962962963,38.888888888888886,8.198479087452471,2.773475254478621,24,0.6384709995472804,True
832,36662384,36706449,44.065,12790,4633,2677,61.967592592592595,36.111111111111114,7.803511393350766,2.6984304153250513,21,0.7954450047691353,True
833,36706449,36750514,44.065,13451,4637,2486,57.5462962962963,41.666666666666664,7.621480289621883,2.6730390856763724,19,0.8470350003335625,True
834,36750514,36794580,44.066,12155,4066,2249,52.06018518518519,38.888888888888886,7.712761227212094,2.6327320014320885,21,0.8177790004992858,True
835,36794580,36838645,44.065,15505,5066,2503,57.93981481481481,40.74074074074074,7.676787854574511,2.6865493654033257,19,0.9518279985059053,True
836,36838645,36882711,44.066,15772,5390,2428,56.20370370370371,46.2962962962963,7.655683690280066,2.9392637937987636,22,0.9469039941905066,True
837,36882711,36926776,44.065,11301,3958,2350,54.398148148148145,37.96296296296296,8.011063829787235,2.8568478642255375,20,0.7277920012711547,True
838,36926776,36970841,44.065,13552,4634,2526,58.47222222222222,41.666666666666664,8.034045922406968,3.060816137539116,26,0.8196179987862706,True
839,36970841,37014907,44.066,14209,4982,2581,59.745370370370374,43.51851851851852,7.796977915536614,2.8259340586866855,23,0.8495420042891055,True
840,37014907,37058972,44.065,9128,3302,2330,53.93518518518518,34.25925925925926,8.18068669527897,2.768378377634516,24,0.6343519999063574,True
841,37058972,37103037,44.065,13187,4694,2472,57.22222222222222,42.592592592592595,7.985436893203883,2.9726011328815156,26,0.8103939981083386,True
842,37103037,37147103,44.066,10091,3535,2583,59.791666666666664,36.111111111111114,8.54123112659698,3.2101126797320725,20,0.6770100007997826,True
843,37147103,37191168,44.065,7309,2563,2513,58.1712962962963,34.25925925925926,9.641862315957024,3.8137955169711355,23,0.5714419967262074,True
844,37191168,37235234,44.066,13418,4789,2787,64.51388888888889,46.2962962962963,7.873340509508432,2.9129389290046372,23,0.8266029981314205,True
845,37235234,37279299,44.065,12282,4566,2558,59.21296296296296,39.81481481481482,8.177873338545739,2.814993061911334,21,0.8020670065889135,True
846,37279299,37323364,44.065,10135,3691,2753,63.726851851851855,42.592592592592595,8.539774791136942,2.859965445012516,22,0.6882300003780983,True
847,37323364,37367430,44.066,10577,3822,2957,68.44907407407408,37.96296296296296,8.37064592492391,2.7476292277975225,22,0.71696299710311,True
848,37367430,37411495,44.065,14969,5299,3148,72.87037037037038,46.2962962962963,8.013341804320204,2.68552047420053,20,1.242878002813086,True
849,37411495,37455560,44.065,20708,7174,3286,76.06481481481482,53.7037037037037,7.621119902617163,2.6700985252871905,22,1.1713400017470121,True
850,37455560,37499626,44.066,14430,5214,3182,73.6574074074074,40.74074074074074,8.062853551225643,2.9485121416916322,25,0.9588079992681742,True
851,37499626,37543691,44.065,13553,4755,2988,69.16666666666667,45.370370370370374,7.924698795180723,2.8088391527192536,22,0.8537130051990971,True
852,37543691,37587756,44.065,13358,4794,2814,65.13888888888889,45.370370370370374,7.733830845771144,2.53305365208967,20,0.8252819970948622,True
853,37587756,37631822,44.066,13188,4621,3022,69.9537037037037,38.888888888888886,8.188616810059564,3.1022977980018474,24,0.8187989951693453,True
854,37631822,37675887,44.065,15560,5382,2692,62.31481481481482,38.888888888888886,7.859955423476968,2.718887434889473,22,0.9541000035824254,True
855,37675887,37719953,44.066,10387,3708,2731,63.21759259259259,38.888888888888886,8.28524350054925,2.836235386129571,21,0.7720770008745603,True
856,37719953,37764018,44.065,4737,2003,2041,47.24537037037037,28.703703703703702,8.65752082312592,3.3602576147250227,24,0.4694340022979304,True
857,37764018,37808083,44.065,10492,3546,2730,63.19444444444444,35.18518518518518,8.197435897435897,2.708728399562082,21,0.7135019986890256,True
858,37808083,37852149,44.066,16341,5485,2529,58.541666666666664,34.25925925925926,7.527085804665876,2.5977447577020722,20,0.931901995500084,True
859,37852149,37896214,44.065,7812,2759,2458,56.89814814814815,27.77777777777778,9.314890154597233,3.7909293383428126,22,0.6173789952299558,True
860,37896214,37940279,44.065,11758,4074,2556,59.166666666666664,27.77777777777778,7.795774647887324,2.6311747828581855,21,0.7544200052507222,True
861,37940279,37984345,44.066,7065,2615,2370,54.86111111111111,30.555555555555557,8.70210970464135,2.7896500583192334,20,0.5720749977626838,True
862,37984345,38028410,44.065,12663,4430,2736,63.333333333333336,36.111111111111114,7.791301169590644,2.4695390583586376,19,0.7884310034569353,True
863,38028410,38072475,44.065,9806,3496,2749,63.63425925925927,36.111111111111114,8.85994907238996,3.443937550839378,24,0.6651449948549271,True
864,38072475,38116541,44.066,8978,3278,2763,63.95833333333334,35.18518518518518,8.565327542526239,3.031202099282305,21,0.6494749977719039,True
865,38116541,38160606,44.065,16598,5590,2840,65.74074074074073,42.592592592592595,7.663380281690141,2.84816419434011,23,0.965942999755498,True
866,38160606,38204672,44.066,12552,4415,2643,61.18055555555556,42.592592592592595,8.091562618236852,2.824132655174766,21,0.8808479979052208,True
867,38204672,38248737,44.065,6441,2503,2314,53.56481481481482,36.111111111111114,8.30466724286949,2.534652630208747,18,0.5255500000203028,True
868,38248737,38292802,44.065,5625,2288,2157,49.93055555555556,32.407407407407405,8.202596198423736,2.4844873804230003,18,0.5087329991511069,True
869,38292802,38336869,44.067,9815,3460,2368,54.81481481481482,32.407407407407405,7.788429054054054,2.507505873932205,19,0.8594559985795058,True
870,38336869,38380934,44.065,10513,3631,2565,59.375,37.03703703703704,7.88187134502924,2.62802463023696,23,0.8642970060463995,True
871,38380934,38424998,44.064,15054,5215,2563,59.3287037037037,44.44444444444444,7.641435817401483,2.84873420742375,25,0.9263489992008545,True
872,38424998,38469064,44.066,8516,2885,2599,60.16203703703704,37.03703703703704,9.048864948056945,3.7142443978990736,26,0.7076660040183924,True
873,38469064,38513129,44.065,15647,5239,2624,60.74074074074074,42.592592592592595,7.463414634146342,2.6944562415883877,23,0.9443469971301965,True
874,38513129,38557195,44.066,11233,3890,2640,61.11111111111111,37.03703703703704,8.307954545454546,2.9607682865125957,22,0.7695380045333877,True
875,38557195,38601260,44.065,17074,5662,2910,67.36111111111111,48.148148148148145,7.479725085910653,2.5414977711943436,23,0.9657530026743189,True
876,38601260,38645325,44.065,14642,5157,3019,69.88425925925925,46.2962962962963,8.036435905929116,3.004908871670595,21,0.9297480064560659,True
877,38645325,38689391,44.066,15249,5201,2976,68.88888888888889,46.2962962962963,8.071572580645162,3.154924202027444,24,0.9951390020432882,True
878,38689391,38733456,44.065,12094,4262,2919,67.56944444444444,41.666666666666664,8.454950325453922,3.275822440936274,23,0.7832030023564585,True
879,38733456,38777521,44.065,13259,4724,2686,62.175925925925924,40.74074074074074,8.017125837676844,3.190945644636422,23,0.8099340047920123,True
880,38777521,38821587,44.066,14716,5196,2603,60.25462962962963,40.74074074074074,7.6296580868228965,2.771693701703893,20,0.867335002112668,True
881,38821587,38865652,44.065,12822,4535,2553,59.09722222222222,38.888888888888886,7.684684684684685,2.7024506998326383,21,0.8007479991647415,True
882,38865652,38909717,44.065,12544,4379,2504,57.96296296296297,37.03703703703704,7.766773162939297,2.7326124382506802,24,0.805611998657696,True
883,38909717,38953783,44.066,9819,3403,2487,57.56944444444444,36.111111111111114,8.069561720948935,2.9256272252541513,23,0.6685990010737441,True
884,38953783,38997848,44.065,17115,5763,2499,57.84722222222222,38.888888888888886,7.140856342537015,2.249397995799808,18,1.0029520053649321,True
885,38997848,39041914,44.066,20432,7028,2710,62.73148148148149,42.592592592592595,7.052767527675277,2.246559833651893,20,1.1522650020197034,True
886,39041914,39085979,44.065,17781,6058,2641,61.13425925925926,43.51851851851852,7.20560393790231,2.398831996938074,19,1.1036969954147935,True
887,39085979,39130044,44.065,14848,4955,2776,64.25925925925927,43.51851851851852,7.935518731988473,3.106158348778996,25,0.925228996493388,True
888,39130044,39174110,44.066,15735,5334,2784,64.44444444444444,43.51851851851852,7.733836206896552,2.7662641197232727,23,1.2661759974434972,True
889,39174110,39218175,44.065,12715,4499,2405,55.6712962962963,42.592592592592595,7.765072765072765,2.7895160209039633,21,0.8587640040786937,True
890,39218175,39262240,44.065,16485,5626,2817,65.20833333333333,45.370370370370374,7.688675896343628,2.8741172194163305,21,1.0021279958891682,True
891,39262240,39306306,44.066,15187,5254,2603,60.25462962962963,44.44444444444444,7.787552823665002,2.914554513224901,20,0.9876490003080107,True
892,39306306,39350371,44.065,15147,5105,2651,61.36574074074074,43.51851851851852,7.4896265560165975,2.52191187513688,21,0.9113120031543076,True
893,39350371,39394437,44.066,12003,4147,2452,56.75925925925926,42.592592592592595,8.110522022838499,3.146183408106275,22,0.767211000493262,True
894,39394437,39438502,44.065,13887,4700,2516,58.24074074074074,38.888888888888886,7.661764705882353,2.9059968808491043,27,0.8858040018822066,True
895,39438502,39482567,44.065,9937,3568,2307,53.40277777777778,32.407407407407405,7.9843953185955785,2.654292777373004,20,0.7198700041044503,True
896,39482567,39526633,44.066,6250,2358,2199,50.90277777777778,34.25925925925926,8.71350613915416,3.14291315145857,22,0.5638069997075945,True
897,39526633,39570698,44.065,11303,3932,2656,61.48148148148148,37.96296296296296,8.423569277108435,3.21297753021376,22,0.7386489960481413,True
898,39570698,39614763,44.065,14780,4968,2801,64.83796296296296,43.51851851851852,7.858621920742592,2.7132382220568387,22,0.8760069977142848,True
899,39614763,39658829,44.066,10756,3880,2851,65.99537037037037,42.592592592592595,8.212907751666082,2.9489854621477622,22,0.7100459988578223,True
900,39658829,39702894,44.065,15991,5496,2996,69.35185185185185,42.592592592592595,7.638851802403204,2.623023615457885,25,0.9317990043200552,True
901,39702894,39746959,44.065,15939,5349,3327,77.0138888888889,40.74074074074074,8.094980462879471,3.2229072902865843,23,0.9396280001965351,True
902,39746959,39791025,44.066,13056,4856,2706,62.638888888888886,44.44444444444444,7.757945306725794,2.654011047457069,20,0.8309140030178241,True
903,39791025,39835090,44.065,6834,2604,2354,54.49074074074074,37.96296296296296,8.193288020390824,2.450968108514653,18,0.5461170003400184,True
904,39835090,39879156,44.066,5098,2147,1928,44.62962962962963,36.111111111111114,8.114107883817427,2.4353568102724363,19,0.4736420014523901,True
905,39879156,39923221,44.065,10324,3679,2465,57.06018518518518,36.111111111111114,7.743610547667343,2.421335345302685,19,0.6951949981157668,True
906,39923221,39967286,44.065,13176,4509,2588,59.90740740740741,38.888888888888886,7.8048686244204015,2.7138418628615595,23,0.8337630060850643,True
907,39967286,40011352,44.066,12023,4165,2701,62.523148148148145,41.666666666666664,8.08626434653832,2.7385722577342664,21,0.770688995544333,True
908,40011352,40055417,44.065,15991,5523,2811,65.06944444444444,43.51851851851852,7.577730345072927,2.528652309888624,22,0.9774270001798868,True
909,40055417,40099482,44.065,14114,4981,2895,67.01388888888889,44.44444444444444,7.992746113989638,2.9304457251375817,25,1.1667819999274798,True
910,40099482,40143548,44.066,13705,4948,2856,66.1111111111111,43.51851851851852,7.959383753501401,2.804638547004568,23,0.8556500033591874,True
911,40143548,40187613,44.065,17904,6279,2917,67.52314814814815,41.666666666666664,7.639355502228317,2.622952013890683,19,1.0795880007208325,True
912,40187613,40231678,44.065,10861,3969,2396,55.46296296296296,37.96296296296296,8.098914858096828,2.8651930201706013,21,0.7252089999383315,True
913,40231678,40275744,44.066,14708,4988,2567,59.4212962962963,35.18518518518518,7.539150759641605,2.609190504184659,21,0.8691109978826717,True
914,40275744,40319809,44.065,21617,7221,2898,67.08333333333333,47.22222222222222,7.0231193926846105,2.1550853880795025,17,1.223933999426663,True
915,40319809,40363875,44.066,23596,8427,3062,70.87962962962962,50.0,7.155127367733508,2.261144437517787,20,1.3153750041965395,True
916,40363875,40407940,44.065,23852,8810,2839,65.7175925925926,50.925925925925924,7.031701303275801,2.2077026515775926,18,1.3501969951903448,True
917,40407940,40452005,44.065,19241,6933,2431,56.273148148148145,43.51851851851852,7.057178116001645,2.144228978233569,18,1.1163149974890985,True
918,40452005,40496071,44.066,15992,5720,2482,57.4537037037037,37.96296296296296,7.671232876712328,2.862813205044496,23,1.0770640001283027,True
919,40496071,40540136,44.065,13408,4938,2551,59.050925925925924,37.96296296296296,7.551940415523324,2.707689581078425,22,0.9582310012774542,True
920,40540136,40584201,44.065,13695,4887,2263,52.38425925925926,41.666666666666664,7.480335837384003,2.705689897080224,21,0.8463959966320544,True
921,40584201,40628268,44.067,19005,6522,2529,58.541666666666664,45.370370370370374,7.199288256227758,2.571058829142328,21,1.0439499965286814,True
922,40628268,40672333,44.065,21952,7462,2936,67.96296296296296,49.074074074074076,7.248637602179836,2.236714831899683,20,1.2197929972899146,True
923,40672333,40716398,44.065,22345,8521,2732,63.24074074074073,59.25925925925926,6.968887262079063,2.183254805023711,17,1.4251259999582544,True
924,40716398,40760463,44.065,23423,8141,3274,75.78703703703704,53.7037037037037,7.237324373854612,2.460227239525307,22,1.3419020033325069,True
925,40760463,40804528,44.065,16339,5580,3112,72.03703703703704,45.370370370370374,7.534383033419023,2.4648115457602766,20,1.0357819992350414,True
926,40804528,40848594,44.066,14653,5182,2778,64.30555555555556,44.44444444444444,7.374010079193664,2.4442232573543397,21,0.8899770036805421,True
927,40848594,40892659,44.065,15749,5537,3003,69.51388888888889,47.22222222222222,7.55044955044955,2.53231574019268,21,0.9903059981297702,True
928,40892659,40936724,44.065,9100,3331,2316,53.61111111111111,35.18518518518518,7.927461139896373,2.6733357994926736,23,0.6840450005256571,True
929,40936724,40980790,44.066,10287,3562,2406,55.69444444444444,36.111111111111114,7.955943474646716,2.6990446578313243,21,0.8239779999712482,True
930,40980790,41024855,44.065,10408,3573,2276,52.68518518518518,36.111111111111114,7.993409490333919,2.8882907922346517,23,0.7862709971959703,True
931,41024855,41068920,44.065,7517,2695,2146,49.67592592592593,34.25925925925926,8.128611369990681,2.6719089641166347,20,0.6308939991868101,True
932,41068920,41112986,44.066,7795,2812,2021,46.782407407407405,37.96296296296296,7.739732805541811,2.4242200555317277,21,0.608358001045417,True
933,41112986,41157051,44.065,12873,4214,2608,60.370370370370374,39.81481481481482,8.008819018404909,2.9685724220430223,24,0.8259269961854443,True
934,41157051,41201117,44.066,21525,7075,3647,84.4212962962963,45.370370370370374,7.761721963257472,2.680599668639963,23,1.1558480036910623,True
935,41201117,41245182,44.065,25387,8832,3626,83.93518518518518,54.629629629629626,7.414506343077772,2.470900526441798,20,1.3386809951043688,True
936,41245182,41289247,44.065,23792,8667,3092,71.57407407407406,54.629629629629626,7.049159120310478,2.357211267399847,22,1.2439459969755262,True
937,41289247,41333313,44.066,24123,8518,2560,59.25925925925926,51.851851851851855,7.213671875,2.5214797153326427,22,1.3101369986543432,True
938,41333313,41377378,44.065,24500,8854,2414,55.879629629629626,44.44444444444444,6.944490472245236,2.1689762668360664,17,1.3406229991232976,True
939,41377378,41421443,44.065,9788,4095,1563,36.18055555555556,28.703703703703702,7.424184261036468,2.491157212581035,20,0.6535409993375652,True
940,41421443,41465509,44.066,5119,2247,1289,29.837962962962962,24.074074074074073,8.589604344453065,3.1642275021234596,21,0.47115300549194217,True
941,41465509,41509574,44.065,6697,2819,1405,32.523148148148145,27.77777777777778,7.677580071174377,2.7111137778017493,22,0.7763510002405383,True
942,41509574,41553639,44.065,11087,3875,1798,41.62037037037037,36.111111111111114,7.125695216907675,2.2622295106200365,17,0.7615419963258319,True
943,41553639,41597705,44.066,8527,3092,1691,39.14351851851852,26.85185185185185,7.707865168539326,2.5664078162669073,19,0.6206840043887496,True
944,41597705,41641770,44.065,8114,2916,1804,41.75925925925926,27.77777777777778,7.884146341463414,2.6579574065504707,22,0.6108099987613969,True
945,41641770,41685836,44.066,10994,3734,1975,45.717592592592595,29.62962962962963,7.791898734177215,2.810420967588608,25,0.8174229951691814,True
946,41685836,41729901,44.065,7725,2789,1860,43.05555555555556,26.85185185185185,7.994623655913978,2.7750759203563193,21,0.5942709976807237,True
947,41729901,41773966,44.065,7085,2644,1811,41.9212962962963,28.703703703703702,8.147432357813363,2.88387772341571,22,0.5443080008262768,True
948,41773966,41818032,44.066,12817,4462,2360,54.62962962962963,34.25925925925926,7.593220338983051,2.6808716269646875,21,0.8464259954052977,True
949,41818032,41862097,44.065,14496,5366,2428,56.20370370370371,39.81481481481482,7.545716639209226,2.717319326410424,21,0.9088130027521402,True
950,41862097,41906162,44.065,8417,2986,2268,52.5,30.555555555555557,8.548059964726631,3.0879067657452186,23,0.6164139995235018,True
951,41906162,41950228,44.066,11362,3803,2286,52.916666666666664,36.111111111111114,7.671916010498688,2.6908302380536067,22,0.7915230016806163,True
952,41950228,41994293,44.065,5480,2196,1922,44.49074074074074,31.48148148148148,8.397502601456816,2.955471478634739,21,0.4940819999319501,True
953,41994293,42038358,44.065,6765,2310,2056,47.592592592592595,34.25925925925926,8.691634241245136,3.1693829651588667,23,0.5382999952416867,True
954,42038358,42082424,44.066,13322,4355,2518,58.28703703703704,39.81481481481482,7.727958697378872,2.723318225173431,24,0.8421210004598834,True
955,42082424,42126489,44.065,9656,3332,2606,60.32407407407407,36.111111111111114,8.7831926323868,3.3020438237793077,22,0.6631150026805699,True
956,42126489,42170555,44.066,7098,2592,2383,55.16203703703704,34.25925925925926,8.775912715065044,3.264165834350918,25,0.5622579992632382,True
957,42170555,42214620,44.065,11457,3853,2640,61.11111111111111,39.81481481481482,7.930681818181818,2.578194897416284,20,0.7472189972759224,True
958,42214620,42258685,44.065,12801,4277,2919,67.56944444444444,41.666666666666664,7.865364850976362,2.9033824166817896,20,0.7990309968590736,True
959,42258685,42302751,44.066,27206,9073,3401,78.72685185185185,53.7037037037037,7.096442222875625,2.3433808857215395,18,1.532169000711292,True
960,42302751,42346816,44.065,17287,5424,3631,84.05092592592594,43.51851851851852,8.967777471770862,3.7316790117610976,26,1.0236540038022213,True
961,42346816,42390881,44.065,21870,7477,3213,74.375,50.925925925925924,7.347338935574229,2.3422113181068123,19,1.20520999917062,True
962,42390881,42434947,44.066,11781,4048,2797,64.74537037037037,38.888888888888886,7.910618519842688,2.639030400566927,23,0.7699600027990527,True
963,42434947,42479012,44.065,11911,4236,2596,60.092592592592595,38.888888888888886,7.795069337442219,2.570948342616073,23,1.0826069992617704,True
964,42479012,42523078,44.066,11456,4162,2495,57.754629629629626,37.03703703703704,7.925851703406813,2.778047537803609,21,0.7674329972360283,True
965,42523078,42567143,44.065,11608,3893,2467,57.10648148148148,37.03703703703704,7.888933927847588,2.9881245768063422,25,0.7527260022470728,True
966,42567143,42611208,44.065,18094,6056,2673,61.875,45.370370370370374,7.231575009352787,2.316813015200817,18,1.0787580031319521,True
967,42611208,42655274,44.066,14069,4599,2534,58.657407407407405,36.111111111111114,7.880820836621941,3.018099040838081,23,0.8582369991927408,True
968,42655274,42699339,44.065,8869,2940,2311,53.495370370370374,35.18518518518518,8.444396365209865,3.303133383378588,49,0.6495990019175224,True
969,42699339,42743404,44.065,10339,3385,2518,58.28703703703704,37.03703703703704,8.040111199364574,2.821746143471918,28,0.773353996919468,True
970,42743404,42787470,44.066,14207,4835,2765,64.00462962962963,44.44444444444444,7.583363471971067,2.5729174214812147,23,0.8801619987934828,True
971,42787470,42831535,44.065,18152,6219,3251,75.25462962962963,46.2962962962963,7.394340203014457,2.504407425884377,23,1.0925390015472658,True
972,42831535,42875600,44.065,26245,8731,3959,91.64351851851852,49.074074074074076,7.174286435968679,2.46929833986925,20,1.4053910053917207,True
973,42875600,42919666,44.066,23304,8661,4207,97.38425925925925,50.925925925925924,7.161873068695032,2.4414593301174823,20,1.300379000895191,True
974,42919666,42963732,44.066,20960,7758,3598,83.28703703703704,50.925925925925924,7.081712062256809,2.4196927306948184,21,1.1555220044101588,True
975,42963732,43007797,44.065,38899,12636,5073,117.43055555555556,64.81481481481481,7.070372560615021,2.401617374884685,21,1.9233069979236461,True
976,43007797,43051862,44.065,28396,10092,5683,131.55092592592592,54.629629629629626,7.524722857645609,2.848366744120122,23,1.4953400022932328,True
977,43051862,43095927,44.065,33436,11158,5658,130.9722222222222,61.111111111111114,7.071580063626723,2.115271696577373,22,1.7595570025150664,True
978,43095927,43139993,44.066,17759,6776,3994,92.45370370370371,55.55555555555556,7.489233850776165,2.7026775543597696,23,1.3257989994599484,True
979,43139993,43184058,44.065,20573,7369,4202,97.26851851851852,50.0,7.410518800571157,2.5275660176516697,23,1.173213000583928,True
980,43184058,43228123,44.065,16965,6207,3629,84.00462962962962,49.074074074074076,7.490217690823918,2.6750586959421674,24,1.0631219993229024,True
981,43228123,43272189,44.066,10385,4313,3069,71.04166666666667,40.74074074074074,7.987618116650375,2.8754717968066172,22,0.7108029967639595,True
982,43272189,43316254,44.065,15855,5902,3433,79.4675925925926,48.148148148148145,7.369938829012526,2.361834718054492,21,0.953583003138192,True
983,43316254,43360319,44.065,15963,5592,2956,68.42592592592594,45.370370370370374,7.457713125845737,2.5775990693585684,22,0.9699829970486462,True
984,43360319,43404385,44.066,11165,3969,2559,59.236111111111114,37.03703703703704,7.924970691676436,2.700758607972809,21,0.8075190053205006,True
985,43404385,43448450,44.065,8274,3127,2528,58.51851851851852,36.111111111111114,8.108386075949367,2.670773472152394,19,0.6098809972172603,True
986,43448450,43492516,44.066,10125,3550,2614,60.50925925925926,39.81481481481482,8.010711553175211,2.6543910637081645,22,0.719547999324277,True
987,43492516,43536581,44.065,16393,5396,3210,74.30555555555556,44.44444444444444,7.6601246105919,2.7247679000389726,23,0.9774270001798868,True
988,43536581,43580646,44.065,15064,5401,3243,75.06944444444444,50.0,7.910576626580327,2.9312224636793194,22,0.8993389928946272,True
989,43580646,43624712,44.066,22634,7665,3429,79.375,55.55555555555556,7.152522601341499,2.195679011694727,19,1.202043000375852,True
990,43624712,43668777,44.065,22889,7709,3180,73.61111111111111,48.148148148148145,7.538364779874214,2.7979282259381995,21,1.2124499990022741,True
991,43668777,43712842,44.065,21830,7358,3184,73.7037037037037,48.148148148148145,8.003768844221106,3.0439594795925218,22,1.179582002805546,True
992,43712842,43756908,44.066,26578,9572,2656,61.48148148148148,54.629629629629626,6.83019578313253,2.0844752360874272,19,1.44745299621718,True
993,43756908,43800973,44.065,14158,4915,2344,54.25925925925926,36.111111111111114,8.19112627986348,3.368974549692622,27,0.8765130041865632,True
994,43800973,43845039,44.066,11291,4292,2269,52.523148148148145,36.111111111111114,7.971793741736448,2.8535732047776063,20,0.8403609972447157,True
995,43845039,43889104,44.065,15813,6440,2316,53.61111111111111,42.592592592592595,7.907599309153714,3.1077530112603537,24,1.1621650046436116,True
996,43889104,43933169,44.065,17580,7215,2396,55.46296296296296,45.370370370370374,7.315108514190317,2.6333463441391984,24,1.033587999700103,True
997,43933169,43977235,44.066,13851,5906,2273,52.61574074074074,40.74074074074074,7.6181258249010115,2.8947312619234182,21,0.9128849997068755,True
998,43977235,44021300,44.065,12577,5312,2074,48.00925925925926,45.370370370370374,7.368370298939248,2.560602505981846,18,0.7839910031179897,True
999,44021300,44065365,44.065,18104,6730,2591,59.97685185185185,47.22222222222222,7.350057892705519,2.5393466774296383,20,1.1725049989763647,True
1000,44065365,44109431,44.066,27103,9381,3157,73.0787037037037,55.55555555555556,7.284447260057016,2.5955644507531606,26,1.6507079999428242,True
1001,44109431,44153496,44.065,34962,9906,4274,98.93518518518518,52.77777777777778,7.198408984557791,2.370252646671569,19,1.7116259987233207,True
1002,44153496,44197561,44.065,21295,8110,3410,78.93518518518519,49.074074074074076,7.092961876832844,2.2268378409322085,19,1.1615660041570663,True
1003,44197561,44241627,44.066,8533,4004,2620,60.648148148148145,36.111111111111114,7.696946564885496,2.789386617060239,19,0.618653000856284,True
1004,44241627,44285692,44.065,18164,6333,3041,70.39351851851852,38.888888888888886,7.536665570536008,2.8649397158458427,26,1.062398005160503,True
1005,44285692,44329758,44.066,13553,5089,2704,62.59259259259259,39.81481481481482,7.856508875739645,2.992614518812145,22,0.8509280014550313,True
1006,44329758,44373823,44.065,10568,3886,2373,54.93055555555556,36.111111111111114,7.623683101559208,2.5414348862304474,24,0.7016800009296276,True
1007,44373823,44417888,44.065,10758,3750,2613,60.48611111111111,36.111111111111114,7.9846919249904325,2.850086957737697,23,0.7162629990489222,True
1008,44417888,44461954,44.066,15143,5266,2831,65.53240740740742,46.2962962962963,7.805722359590251,2.8986864890814377,23,0.9190630007651635,True
1009,44461954,44506019,44.065,20284,7391,2887,66.82870370370371,49.074074074074076,7.541738829234499,2.6686755237928503,23,1.1284690044703893,True
1010,44506019,44550084,44.065,21007,7694,2961,68.54166666666667,50.0,7.268490374873354,2.4570302577012773,17,1.4976039965404198,True
1011,44550084,44594150,44.066,17998,6462,2733,63.263888888888886,49.074074074074076,7.51518477863154,2.731865318770315,21,1.0483259975444525,True
1012,44594150,44638215,44.065,16801,6473,2473,57.24537037037037,42.592592592592595,7.367165386170643,2.6489294566329953,22,1.0691509960452095,True
1013,44638215,44682281,44.066,19181,6190,2725,63.07870370370371,44.44444444444444,7.437431192660551,2.6497416885250815,20,1.0608020020299591,True
1014,44682281,44726346,44.065,18392,5959,2885,66.7824074074074,38.888888888888886,7.450953206239168,2.768747965399511,30,1.085408999642823,True
1015,44726346,44770411,44.065,14977,5148,2676,61.94444444444445,37.96296296296296,7.469357249626308,2.8686027347215974,28,0.9696799970697612,True
1016,44770411,44814477,44.066,21347,7502,2803,64.88425925925925,49.074074074074076,7.2365322868355335,2.515608009639416,20,1.2260869989404455,True
1017,44814477,44858542,44.065,23589,8548,2853,66.04166666666667,51.851851851851855,7.309148264984227,2.6035734852687566,22,1.255725001101382,True
1018,44858542,44902607,44.065,20131,7879,2851,65.99537037037037,50.925925925925924,7.059978954752719,2.187360746581316,17,1.156058002379723,True
1019,44902607,44946673,44.066,14550,5591,2234,51.71296296296296,42.592592592592595,7.477618621307072,2.5505964098882625,19,0.8456979994662106,True
1020,44946673,44990738,44.065,10043,3608,2099,48.58796296296296,37.96296296296296,8.001905669366366,2.939925131627068,21,0.9429540004930459,True
1021,44990738,45034803,44.065,12978,4647,2270,52.5462962962963,38.888888888888886,7.344933920704846,2.509621725895612,21,0.956105999648571,True
1022,45034803,45078869,44.066,16574,5839,2387,55.25462962962963,36.111111111111114,7.232090490155007,2.5468728509685112,21,1.051135994202923,True
1023,45078869,45122934,44.065,25029,9172,2705,62.61574074074073,51.851851851851855,6.97818853974122,2.2286749230645455,19,1.3515340033336543,True
1024,45122934,45167000,44.066,25509,9801,2591,59.97685185185185,46.2962962962963,7.133153222693941,2.272030712328856,16,1.3614889976452105,True
1025,45167000,45211065,44.065,16408,6323,1988,46.01851851851852,35.18518518518518,7.259557344064386,2.5597555146930335,22,1.2726869972539134,True
1026,45211065,45255130,44.065,12860,4395,1731,40.06944444444444,33.333333333333336,7.076256499133449,2.2554810500761646,18,0.871912001457531,True
1027,45255130,45299196,44.066,16520,7350,1597,36.967592592592595,37.03703703703704,6.546023794614903,1.6997305858741028,14,1.0019939945777878,True
1028,45299196,45343261,44.065,17260,7513,1725,39.93055555555555,36.111111111111114,7.108985507246377,2.3663719830383387,20,0.9739939996507019,True
1029,45343261,45387326,44.065,18539,6348,2569,59.467592592592595,41.666666666666664,7.587388088750487,2.9695896975194516,32,1.04783900314942,True
1030,45387326,45431392,44.066,18458,6111,2539,58.77314814814815,44.44444444444444,7.495864513588026,2.5500663427949557,21,1.1876149947056547,True
1031,45431392,45475457,44.065,25844,8729,2903,67.19907407407408,49.074074074074076,7.003100241129865,2.205508721647718,18,1.4666979986941442,True
1032,45475457,45519522,44.065,36733,11313,4411,102.10648148148148,55.55555555555556,7.033325776467921,2.2721291991107475,20,1.798916004190687,True
1033,45519522,45563588,44.066,34773,10805,5018,116.1574074074074,50.0,7.256476683937824,2.448876012408034,21,1.7168069971376099,True
1034,45563588,45607653,44.065,34784,11103,4679,108.31018518518519,57.407407407407405,7.129514853601197,2.248198157617153,18,1.7522409980301745,True
1035,45607653,45651719,44.066,25778,9400,3267,75.625,53.7037037037037,7.284358738904193,2.809688011003902,23,1.376337000692729,True
1036,45651719,45695784,44.065,17438,6765,2473,57.24537037037037,44.44444444444444,7.388192478770724,2.441663504949688,19,1.035989000229165,True
1037,45695784,45739849,44.065,20988,7606,2601,60.208333333333336,49.074074074074076,6.967320261437909,2.305253867784104,17,1.1729210018529557,True
1038,45739849,45783915,44.066,22938,8232,2732,63.24074074074073,50.925925925925924,7.136530014641289,2.480087189741209,17,1.5779940003994852,True
1039,45783915,45827980,44.065,20799,6820,2715,62.84722222222222,46.2962962962963,7.14585635359116,2.5269261481830516,21,1.15796500176657,True
1040,45827980,45872045,44.065,22148,7388,2902,67.17592592592592,49.074074074074076,7.0044796691936595,2.342998556214814,20,1.2919250002596527,True
1041,45872045,45916111,44.066,17052,5638,2657,61.50462962962963,45.370370370370374,7.44975536319157,2.7675972264036757,23,1.0256489986204542,True
1042,45916111,45960176,44.065,17237,5766,2546,58.93518518518519,44.44444444444444,7.312254516889238,2.5963565670079274,21,0.9967320002033375,True
1043,45960176,46004241,44.065,20277,6848,2530,58.56481481481481,46.2962962962963,7.054545454545455,2.3106962767761168,22,1.1642509998637252,True
1044,46004241,46048307,44.066,24046,8386,2708,62.68518518518519,53.7037037037037,7.1159527326440175,2.453826996416387,20,1.3546529953600839,True
1045,46048307,46092372,44.065,28135,9380,3526,81.62037037037037,53.7037037037037,7.131593874078276,2.306673617374674,18,1.4360830027726479,True
1046,46092372,46136438,44.066,22700,8254,3093,71.59722222222223,50.925925925925924,7.183317167798254,2.420481843014502,22,1.2361609988147393,True
1047,46136438,46180503,44.065,16973,6696,2359,54.60648148148148,40.74074074074074,7.462908011869437,2.8908726613214317,21,0.9606740059098229,True
1048,46180503,46224568,44.065,20569,7759,2499,57.84722222222222,46.2962962962963,7.058023209283713,2.282962860326509,17,1.1266770015936345,True
1049,46224568,46268634,44.066,20816,7627,2791,64.60648148148148,49.074074074074076,7.312432819777857,2.705909941925929,20,1.1134230007883161,True
1050,46268634,46312699,44.065,25260,9215,3047,70.5324074074074,55.55555555555556,7.167377748605185,2.592346752083181,20,1.3461449998430908,True
1051,46312699,46356764,44.065,25856,9162,3075,71.18055555555556,58.333333333333336,7.021138211382114,2.3677800667106412,21,1.406696996127721,True
1052,46356764,46400830,44.066,23337,8168,3131,72.47685185185185,49.074074074074076,7.198977962312361,2.424394067632298,21,1.54179099627072,True
1053,46400830,46444895,44.065,18072,6647,2681,62.06018518518518,49.074074074074076,7.649384558000746,2.987130264218891,25,1.1083779972977936,True
1054,46444895,46488961,44.066,15933,5808,2346,54.30555555555556,43.51851851851852,7.057971014492754,2.3079347120609737,20,0.9928660001605749,True
1055,46488961,46533026,44.065,17715,6636,2209,51.13425925925926,42.592592592592595,7.315074694431869,2.779566195597146,23,0.9930320011335425,True
1056,46533026,46577091,44.065,21071,7919,2610,60.416666666666664,47.22222222222222,7.369731800766283,2.642723604668966,22,1.1865109991049394,True
1057,46577091,46621157,44.066,16762,6590,2462,56.99074074074074,46.2962962962963,8.18399675060926,3.671063294968877,24,1.0059569976874627,True
1058,46621157,46665222,44.065,25627,10549,2845,65.8564814814815,61.111111111111114,7.169068541300527,2.346719509017122,19,1.3203720009187236,True
1059,46665222,46709287,44.065,28213,11538,3020,69.9074074074074,62.03703703703704,7.014238410596026,2.294709416766924,17,1.4880070011713542,True
1060,46709287,46753353,44.066,26094,9968,2750,63.65740740740741,51.851851851851855,6.919636363636363,2.192817999027622,20,1.341602997854352,True
1061,46753353,46797418,44.065,24314,9392,2641,61.13425925925926,47.22222222222222,7.0829231351760695,2.5798009422632884,22,1.2895580002805218,True
1062,46797418,46841483,44.065,21084,7680,2542,58.842592592592595,42.592592592592595,7.014948859166011,2.3760733582938016,18,1.1478750020614825,True
1063,46841483,46885549,44.066,16035,5588,2440,56.48148148148148,37.03703703703704,7.293032786885246,2.437705986031715,21,0.9783999994397163,True
1064,46885549,46929614,44.065,10812,3735,2299,53.217592592592595,32.407407407407405,7.916920400173988,3.2214977507898657,27,0.693809000949841,True
1065,46929614,46973680,44.066,16797,5702,2201,50.949074074074076,39.81481481481482,7.149023171285779,2.498442986274615,21,1.183738000690937,True
1066,46973680,47017745,44.065,23565,8147,2718,62.916666666666664,52.77777777777778,7.103016924208977,2.3879723189114292,19,1.2712570023722947,True
1067,47017745,47061810,44.065,27670,9890,3103,71.8287037037037,61.111111111111114,7.162423461166613,2.4337922447913103,19,1.5304980042856187,True
1068,47061810,47105876,44.066,20864,7735,2739,63.40277777777778,52.77777777777778,7.074114640379701,2.2975100200169893,19,1.1512380006024614,True
1069,47105876,47149941,44.065,11863,4365,2579,59.69907407407407,40.74074074074074,8.086855370298565,3.0736433750764367,21,0.7599509990541264,True
1070,47149941,47194006,44.065,17327,6060,2441,56.504629629629626,42.592592592592595,7.158951249487915,2.445332394238384,18,1.037055000779219,True
1071,47194006,47238072,44.066,24243,8358,2891,66.9212962962963,51.851851851851855,6.907644413697683,2.1020604819940387,17,1.336066001385916,True
1072,47238072,47282137,44.065,21055,7632,2675,61.92129629629629,49.074074074074076,7.122242990654206,2.4101829567235713,23,1.135008998971898,True
1073,47282137,47326202,44.065,18333,6545,2555,59.14351851851852,44.44444444444444,7.310371819960861,2.7057144099855654,20,1.0244750010315329,True
1074,47326202,47370268,44.066,25870,8452,3363,77.84722222222221,46.2962962962963,7.12280701754386,2.4713812846232046,19,1.3302080042194575,True
1075,47370268,47414333,44.065,35738,10619,4526,104.76851851851852,53.7037037037037,6.965753424657534,2.182144012765542,21,1.7733349959598854,True
1076,47414333,47458399,44.066,41760,12043,5620,130.09259259259258,55.55555555555556,7.219572953736654,2.3279612059375796,20,2.1080279984744266,True
1077,47458399,47502464,44.065,36579,10833,5581,129.1898148148148,64.81481481481481,7.3243146389535925,2.4487943749138936,22,1.866070000687614,True
1078,47502464,47546529,44.065,30333,9773,5093,117.89351851851852,62.03703703703704,7.122324759473788,2.2239963496757067,22,1.886780999484472,True
1079,47546529,47590595,44.066,19896,7474,4334,100.32407407407408,51.851851851851855,7.187586525149977,2.4556280137875275,25,1.2035920008202083,True
1080,47590595,47634660,44.065,29177,9656,4812,111.38888888888889,56.48148148148148,6.920615128844555,2.2371678496189755,20,1.5284349938156083,True
1081,47634660,47678725,44.065,27487,9040,4778,110.60185185185185,53.7037037037037,7.132063624947677,2.353077829702339,22,1.457628000935074,True
1082,47678725,47722791,44.066,27355,8646,4990,115.50925925925925,49.074074074074076,7.309018036072144,2.4868187252834075,21,1.4743770007044077,True
1083,47722791,47766856,44.065,40656,12174,6094,141.0648148148148,62.03703703703704,7.063669182802757,2.2278813389478325,20,2.0161570064374246,True
1084,47766856,47810922,44.066,66326,16858,8464,195.92592592592592,72.22222222222223,7.198015122873346,2.3071180706309313,24,3.0754389954381622,True
1085,47810922,47854987,44.065,46779,13358,8722,201.89814814814815,62.96296296296296,7.62955744095391,2.717454011560096,25,2.2836040006950498,True
1086,47854987,47899052,44.065,58815,14695,8175,189.23611111111111,65.74074074074075,7.3470336391437305,2.452196558009381,25,3.098009998211637,True
1087,47899052,47943118,44.066,52506,13843,6304,145.92592592592592,64.81481481481481,7.191941624365482,2.3270694707003017,24,2.5493489956716076,True
1088,47943118,47987183,44.065,33072,10362,4549,105.30092592592592,59.25925925925926,7.180699054737305,2.365087597585508,20,1.6782750026322901,True
1089,47987183,48031248,44.065,22892,7575,3710,85.87962962962962,50.0,7.238274932614555,2.496864068743297,22,1.3272409996716306,True
1090,48031248,48075314,44.066,10309,3910,3194,73.93518518518519,37.96296296296296,8.38134001252348,3.235367709494173,23,0.7673310028621927,True
1091,48075314,48119379,44.065,19069,6906,3373,78.07870370370371,55.55555555555556,7.152979543433146,2.4756784643320175,20,1.0886010059039108,True
1092,48119379,48163444,44.065,28964,10270,4317,99.93055555555556,59.25925925925926,7.137363910122771,2.4285739755297997,21,1.5951899986248463,True
1093,48163444,48207510,44.066,29572,10188,3924,90.83333333333333,58.333333333333336,6.957951070336391,2.2236142259718337,20,1.5686129991081543,True
1094,48207510,48251575,44.065,18005,6780,2720,62.962962962962955,46.2962962962963,7.416176470588235,2.552456158183009,19,1.0572809987934306,True
1095,48251575,48295641,44.066,19911,7082,2753,63.726851851851855,47.22222222222222,7.278605158009444,2.5811430129127206,21,1.088411001546774,True
1096,48295641,48339706,44.065,24294,8546,2919,67.56944444444444,52.77777777777778,7.133949982870846,2.503209694057053,20,1.3550340008805506,True
1097,48339706,48383771,44.065,21790,7378,2931,67.84722222222223,48.148148148148145,7.231320368474924,2.540236746071405,21,1.1802450026152655,True
1098,48383771,48427837,44.066,13129,4476,2998,69.39814814814815,40.74074074074074,8.178785857238159,3.2556294335882288,22,1.0966439949697815,True
1099,48427837,48471902,44.065,18647,6530,2986,69.12037037037037,49.074074074074076,7.383456128600134,2.5225004029542797,21,1.1176129992236383,True
1100,48471902,48515967,44.065,23618,8603,3079,71.27314814814815,55.55555555555556,7.45014615134784,2.7562028090701483,21,1.4421450032386929,True
1101,48515967,48560033,44.066,27353,10645,3316,76.75925925925927,64.81481481481481,7.169481302774427,2.5638264614045276,20,1.45049300044775,True
1102,48560033,48604098,44.065,21867,8204,2894,66.99074074074073,53.7037037037037,7.241534208707671,2.482291642741544,22,1.297713999520056,True
1103,48604098,48648163,44.065,22507,8209,2795,64.69907407407408,47.22222222222222,7.152057245080501,2.5561582079055394,23,1.2643239970202558,True
1104,48648163,48692229,44.066,22599,8260,2795,64.69907407407408,46.2962962962963,7.110554561717352,2.516410442902398,19,1.236322001204826,True
1105,48692229,48736294,44.065,19025,6727,2761,63.91203703703703,43.51851851851852,7.207533502354219,2.430942876349326,22,1.083407005353365,True
1106,48736294,48780360,44.066,14421,5073,2753,63.726851851851855,37.96296296296296,7.650199782055939,2.5443499787623263,20,0.9005710016936064,True
1107,48780360,48824425,44.065,6744,2492,2400,55.55555555555555,35.18518518518518,8.902916666666666,3.262180992279381,22,0.5496759986272082,True
1108,48824425,48868490,44.065,14728,5285,2773,64.18981481481481,38.888888888888886,7.386945546339704,2.4537413332281326,23,0.8732979986234568,True
1109,48868490,48912556,44.066,27740,9976,2984,69.07407407407408,50.0,6.943699731903485,2.25089657106808,16,1.4076959996600635,True
1110,48912556,48956621,44.065,17012,5796,2951,68.31018518518518,37.03703703703704,8.3568281938326,3.3947983767730285,23,0.9776700026122853,True
1111,48956621,49000686,44.065,16685,5920,2824,65.37037037037037,44.44444444444444,7.739022662889519,3.0653100914904967,28,1.0345569971832447,True
1112,49000686,49044752,44.066,14322,5276,2589,59.93055555555556,37.03703703703704,7.57435303205871,2.7033687867103358,21,0.8474040005239658,True
1113,49044752,49088817,44.065,15857,5934,2277,52.708333333333336,42.592592592592595,7.234079929732103,2.3837242184275707,18,1.1566129978746176,True
1114,49088817,49132883,44.066,21134,7548,2840,65.74074074074073,49.074074074074076,7.412676056338028,2.8431003498444887,23,1.1911230030818842,True
1115,49132883,49176948,44.065,16744,5995,2756,63.7962962962963,39.81481481481482,7.726415094339623,2.778449423293195,19,0.9748509983182885,True
1116,49176948,49221013,44.065,18055,6230,2806,64.95370370370371,42.592592592592595,7.432644333570919,2.6195417936154075,22,1.1384179961169139,True
1117,49221013,49265079,44.066,20344,6924,2847,65.90277777777779,50.0,7.578152441166139,2.8438066155561468,23,1.1420400041970424,True
1118,49265079,49309144,44.065,19885,6889,2915,67.47685185185186,49.074074074074076,7.272041166380789,2.352420843892254,18,1.132265999331139,True
1119,49309144,49353209,44.065,15012,5228,2852,66.01851851851852,46.2962962962963,7.8390603085554,2.862751589391234,24,0.9763819980435073,True
1120,49353209,49397275,44.066,11065,3901,2699,62.476851851851855,38.888888888888886,8.145238977399037,2.90564642530574,25,0.7611649998580106,True
1121,49397275,49441340,44.065,11387,4032,2642,61.15740740740741,40.74074074074074,8.131718395155186,2.940886305667687,25,0.7484320012736134,True
1122,49441340,49485405,44.065,11220,4082,2441,56.504629629629626,40.74074074074074,7.92011470708726,2.7362124945243784,22,0.7376579960691743,True
1123,49485405,49529471,44.066,12566,4610,2551,59.050925925925924,43.51851851851852,8.168953351626813,3.189443897257786,23,0.7945819961605594,True
1124,49529471,49573536,44.065,24185,8794,2912,67.4074074074074,52.77777777777778,6.979395604395604,2.2769119891059746,19,1.2848859987570904,True
1125,49573536,49617602,44.066,25826,9120,3094,71.62037037037038,49.074074074074076,6.970588235294118,2.4110768092079473,24,1.3632839982165024,True
1126,49617602,49661667,44.065,17530,6658,2876,66.57407407407408,43.51851851851852,7.292072322670376,2.6181841939045682,22,0.9967559963115491,True
1127,49661667,49705732,44.065,24729,9178,2492,57.68518518518518,46.2962962962963,6.965088282504013,2.2387549101193294,20,1.3249289986561053,True
1128,49705732,49749798,44.066,27555,10554,2514,58.19444444444444,48.148148148148145,7.0966587112171835,2.2585039448457778,18,1.7526180017739534,True
1129,49749798,49793863,44.065,25143,8858,2573,59.56018518518519,49.074074074074076,6.815001943256899,2.005621803939937,15,1.3938289994257502,True
1130,49793863,49837928,44.065,18492,6718,2134,49.39814814814815,40.74074074074074,6.78444236176195,1.9871710718967712,15,1.136232000135351,True
1131,49837928,49881994,44.066,7262,2780,1653,38.263888888888886,28.703703703703702,8.439201451905626,3.281798208804599,20,0.5912550041102804,True
1132,49881994,49926059,44.065,12732,4213,1904,44.07407407407407,34.25925925925926,7.098214285714286,2.32300265799237,22,0.799351000750903,True
1133,49926059,49970124,44.065,23733,8046,2524,58.425925925925924,44.44444444444444,6.867274167987322,2.092979060945087,17,1.327978003246244,True
1134,49970124,50014190,44.066,28507,9852,3232,74.81481481481482,56.48148148148148,6.89480198019802,2.2309585273794688,19,1.5207600008579902,True
1135,50014190,50058255,44.065,21565,7398,2937,67.98611111111111,50.0,7.410282601293837,2.7794058458212128,24,1.1920049946638756,True
1136,50058255,50102321,44.066,16387,5798,2581,59.745370370370374,39.81481481481482,7.910887253002712,2.9371238747512365,20,1.0330590012017637,True
1137,50102321,50146386,44.065,12058,4245,2797,64.74537037037037,40.74074074074074,8.234179478012155,2.969010026417713,21,0.7816510042175651,True
1138,50146386,50190451,44.065,13915,5106,2762,63.93518518518519,43.51851851851852,7.921795800144823,2.8929180108059085,23,0.8325699964188971,True
1139,50190451,50234517,44.066,20118,7298,2903,67.19907407407408,53.7037037037037,7.232862555976576,2.3976524941407296,19,1.1037779986509122,True
1140,50234517,50278582,44.065,21547,7900,2999,69.4212962962963,54.629629629629626,7.030010003334445,2.2985925133468315,22,1.1673589979181997,True
1141,50278582,50322647,44.065,13751,5014,2429,56.226851851851855,37.03703703703704,7.848085631947304,2.7299886519178176,22,0.8334270023624413,True
1142,50322647,50366714,44.067,9572,3573,2533,58.63425925925926,37.03703703703704,8.356099486774575,3.07703426354542,21,0.7331460001296364,True
1143,50366714,50410778,44.064,18920,7091,2711,62.75462962962963,45.370370370370374,7.390630763555883,2.5285767711144387,22,1.0509200001251884,True
1144,50410778,50454844,44.066,20250,7620,2541,58.81944444444444,50.925925925925924,7.100747737111374,2.267804936138568,20,1.4209439978003502,True
1145,50454844,50498909,44.065,19427,7033,2726,63.101851851851855,50.0,7.444607483492296,2.7193995961631634,21,1.109277000068687,True
1146,50498909,50542974,44.065,19914,7485,2639,61.08796296296296,50.925925925925924,7.2258431223948465,2.2792370151813404,17,1.2338400047156028,True
1147,50542974,50587040,44.066,26265,9797,2807,64.97685185185186,58.333333333333336,6.791236195226221,1.8994743999919137,18,1.3893140057916753,True
1148,50587040,50631105,44.065,23606,8723,2865,66.31944444444444,54.629629629629626,7.52739965095986,2.8604603741917134,24,1.2642500005313195,True
1149,50631105,50675170,44.065,17436,6488,2232,51.666666666666664,40.74074074074074,7.077060931899641,2.344514829302167,18,1.0750490037025884,True
1150,50675170,50719236,44.066,12507,4559,1978,45.78703703703704,33.333333333333336,7.2770475227502525,2.3291117091407734,20,0.8236360008595511,True
1151,50719236,50763301,44.065,10988,3824,2164,50.09259259259259,33.333333333333336,7.846118299445472,3.081139138202416,22,0.7265050007845275,True
1152,50763301,50807366,44.065,24586,9294,2589,59.93055555555556,49.074074074074076,6.692159134801082,1.8027114497460124,19,1.2829069964936934,True
1153,50807366,50851432,44.066,30668,13767,3545,82.06018518518518,69.44444444444444,6.853878702397743,1.9575400618864889,18,1.5320739985327236,True
1154,50851432,50895497,44.065,23666,10255,2693,62.33796296296296,52.77777777777778,7.09209060527293,2.336297286143897,20,1.2445359971025027,True
1155,50895497,50939563,44.066,17849,7494,1989,46.04166666666667,39.81481481481482,6.815485168426345,1.8868552550608548,15,0.998586998321116,True
1156,50939563,50983628,44.065,14122,5928,1899,43.958333333333336,36.111111111111114,7.664560294892048,2.9572453583445455,22,0.8886279974831268,True
1157,50983628,51027693,44.065,17706,7225,2047,47.38425925925926,42.592592592592595,7.289203712750367,2.385306695640542,18,1.0268120022374205,True
1158,51027693,51071759,44.066,17670,7224,2459,56.9212962962963,46.2962962962963,7.727938186254575,2.8681895055405042,23,0.9952640029950999,True
1159,51071759,51115824,44.065,24856,9588,2652,61.388888888888886,50.925925925925924,7.302036199095022,2.687681314135247,22,1.6371920064557344,True
1160,51115824,51159889,44.065,19121,7571,2615,60.53240740740741,44.44444444444444,7.570172084130019,2.7336073857472494,22,1.129033997131046,True
1161,51159889,51203955,44.066,24536,10221,2742,63.47222222222222,52.77777777777778,7.0291757840991975,2.2066527897203874,19,1.3399759991443716,True
1162,51203955,51248020,44.065,27994,12758,2994,69.30555555555556,54.629629629629626,7.472277889111557,2.8241845534092698,21,1.4476139986072667,True
1163,51248020,51292085,44.065,19158,9267,1609,37.245370370370374,39.81481481481482,7.257924176507148,2.4734716127311143,18,1.1571779978112318,True
1164,51292085,51336151,44.066,14249,6011,1589,36.78240740740741,34.25925925925926,7.406544996853367,2.961189266220468,21,0.8889499949873425,True
1165,51336151,51380216,44.065,20689,9293,1677,38.81944444444444,41.666666666666664,6.957662492546214,2.2177247223066487,20,1.2785170038114302,True
1166,51380216,51424282,44.066,30381,11682,2525,58.449074074074076,58.333333333333336,6.781386138613861,2.06923003315361,18,1.610111998161301,True
1167,51424282,51468347,44.065,22373,8746,2457,56.875,49.074074074074076,6.995522995522996,2.183945449426034,19,1.1694200002239086,True
1168,51468347,51512412,44.065,13671,5109,2411,55.81018518518518,38.888888888888886,8.03152218996267,3.0442338497362624,23,0.8276309963548556,True
1169,51512412,51556478,44.066,26920,10020,2774,64.21296296296296,57.407407407407405,7.041095890410959,2.2487130877475017,17,1.378922002913896,True
1170,51556478,51600543,44.065,36350,14702,3094,71.62037037037038,73.14814814814815,6.579831932773109,1.8568503398020775,16,1.7807300027925521,True
1171,51600543,51644608,44.065,26123,11546,1440,33.333333333333336,50.925925925925924,6.027083333333334,1.241622971826257,12,1.3439440008369274,True
1172,51644608,51688674,44.066,27452,11285,2004,46.388888888888886,46.2962962962963,6.2604790419161676,1.623804633287425,17,1.7551450000610203,True
1173,51688674,51732739,44.065,41167,13191,4507,104.3287037037037,43.51851851851852,7.0335034390947415,2.2934264683576915,22,2.223080999101512,True
1174,51732739,51776805,44.066,39671,12201,5374,124.39814814814815,49.074074074074076,7.329549683662076,2.3904882032886583,19,2.0196019977447577,True
1175,51776805,51820870,44.065,45682,16605,3273,75.7638888888889,56.48148148148148,6.893369996944699,2.076286177859893,19,2.279282998642884,True
1176,51820870,51864935,44.065,39483,16360,2496,57.77777777777778,62.96296296296296,6.340544871794871,1.5641384818148982,17,1.922622999700252,True
1177,51864935,51909001,44.066,29975,12318,2500,57.870370370370374,54.629629629629626,6.3504,1.584051716327469,15,1.4798240008531138,True
1178,51909001,51953066,44.065,15290,6675,1587,36.73611111111111,37.96296296296296,7.050409577819786,2.2274519187330246,16,0.8829750004224479,True
1179,51953066,51997131,44.065,14512,6356,1460,33.7962962962963,33.333333333333336,6.853424657534247,2.309099462239618,18,0.8675700009916909,True
1180,51997131,52041197,44.066,19066,8668,1436,33.24074074074074,37.03703703703704,6.532729805013927,1.881862871863635,19,1.0223669960396364,True
1181,52041197,52085262,44.065,14202,6325,1721,39.83796296296296,33.333333333333336,7.381173736199884,2.5567299655660327,18,0.8450219975202344,True
1182,52085262,52129327,44.065,20265,8922,2229,51.59722222222222,42.592592592592595,7.017496635262449,2.250997249834818,21,1.109917000576388,True
1183,52129327,52173393,44.066,23440,9320,2691,62.29166666666667,45.370370370370374,7.1003344481605355,2.2235613513548906,20,1.6191820031963289,True
1184,52173393,52217458,44.065,17765,6474,2356,54.53703703703704,42.592592592592595,7.139219015280136,2.2179940312116964,18,1.0950540017802268,True
1185,52217458,52261524,44.066,13384,4385,2649,61.31944444444445,33.333333333333336,8.523593808984522,3.475675892452653,29,0.8962240026448853,True
1186,52261524,52305589,44.065,27527,9948,2859,66.18055555555556,55.55555555555556,6.668415529905562,1.9705472047724744,18,1.4568019978469238,True
1187,52305589,52349654,44.065,30814,11875,3050,70.60185185185185,61.111111111111114,6.562950819672131,1.779520421913591,16,1.591925996763166,True
1188,52349654,52393720,44.066,23441,9469,2587,59.88425925925926,56.48148148148148,7.002319288751449,2.2757342557703315,19,1.3347340063774027,True
1189,52393720,52437785,44.065,14001,5557,2245,51.967592592592595,42.592592592592595,7.499777282850779,2.664060056761449,24,0.8401239974773489,True
1190,52437785,52481850,44.065,15254,5459,2572,59.53703703703703,40.74074074074074,7.890357698289269,3.3310757507797626,23,0.905818997125607,True
1191,52481850,52525916,44.066,29096,10368,2776,64.25925925925927,49.074074074074076,6.9510086455331415,2.137841532432348,19,1.4701480031362735,True
1192,52525916,52569981,44.065,71313,18359,6534,151.25,58.333333333333336,7.0440771349862255,2.318307443124276,24,3.298502997495234,True
1193,52569981,52614046,44.065,62328,15525,9312,215.55555555555554,47.22222222222222,7.7008161512027495,2.537867713213891,22,3.1168419955065474,True
1194,52614046,52658113,44.067,45880,14633,3985,92.24537037037037,49.074074074074076,7.0388958594730235,2.375057082680939,21,2.2980229987297207,True
1195,52658113,52702178,44.065,32967,12509,2467,57.10648148148148,51.851851851851855,6.648561005269558,1.901538897574844,16,1.6375369959860109,True
1196,52702178,52746243,44.065,31954,12434,2417,55.949074074074076,63.888888888888886,6.659081505999173,1.867683840922072,15,1.6009980026865378,True
1197,52746243,52790308,44.065,26325,10075,2785,64.4675925925926,52.77777777777778,7.129622980251346,2.4399580671654517,20,1.4190340007189661,True
1198,52790308,52834373,44.065,27876,11613,3343,77.38425925925927,59.25925925925926,6.938378701764882,2.152661919365352,19,1.4840380026726052,True
1199,52834373,52878439,44.066,25279,10666,2797,64.74537037037037,50.0,7.2327493743296385,2.4184578152737406,20,1.2881520015071146,True
1200,52878439,52922504,44.065,16524,6398,2404,55.648148148148145,39.81481481481482,7.824875207986689,2.933204852754173,19,1.0697960024117492,True
1201,52922504,52966569,44.065,31068,12855,2359,54.60648148148148,57.407407407407405,6.713861805849937,1.9724530122471813,16,1.7304779976257123,True
1202,52966569,53010635,44.066,28081,11291,2575,59.60648148148148,54.629629629629626,6.895533980582524,2.172100110405139,20,1.4420700026676059,True
1203,53010635,53054700,44.065,12743,4661,2543,58.86574074074074,32.407407407407405,8.210381439244987,3.332441966086642,25,0.8289330071420409,True
1204,53054700,53098766,44.066,13447,5279,2109,48.81944444444444,31.48148148148148,7.5803698435277385,2.683884726826999,22,0.8303789945784956,True
1205,53098766,53142831,44.065,25670,10483,2291,53.03240740740741,52.77777777777778,6.790920995198603,2.0243876653875073,17,1.5452270017703995,True
1206,53142831,53186896,44.065,24113,9776,2339,54.14351851851852,48.148148148148145,6.724241128687473,1.9505576896255223,17,1.3975920010125265,True
1207,53186896,53230962,44.066,14579,5640,2459,56.9212962962963,36.111111111111114,8.272875152501017,3.44927223687543,25,0.9857510012807325,True
1208,53230962,53275027,44.065,15293,5914,2422,56.06481481481482,37.96296296296296,7.77085053674649,2.9477854952715052,24,0.910739996470511,True
1209,53275027,53319092,44.065,18040,6970,2301,53.263888888888886,37.03703703703704,7.141242937853107,2.4001209629445013,20,1.091774996893946,True
1210,53319092,53363158,44.066,20395,10651,1822,42.17592592592593,43.51851851851852,6.823819978046103,2.252263919331649,20,1.17329500062624,True
1211,53363158,53407223,44.065,11313,5983,1415,32.754629629629626,29.62962962962963,7.671378091872792,2.7552956800692687,22,0.7591989997308701,True
1212,53407223,53451288,44.065,7904,3435,1478,34.21296296296297,28.703703703703702,8.138024357239512,3.0267015401603703,22,0.5879529999219812,True
1213,53451288,53495354,44.066,14693,7875,1702,39.398148148148145,36.111111111111114,7.45945945945946,2.651596719002506,20,0.8691999973962083,True
1214,53495354,53539419,44.065,21953,9811,2332,53.98148148148148,46.2962962962963,7.5861921097770155,3.0465003532253028,23,1.1558549958863296,True
1215,53539419,53583485,44.066,26886,10471,2970,68.75,59.25925925925926,6.930976430976431,1.974658489703891,17,1.3583030013251118,True
1216,53583485,53627550,44.065,17465,6622,2950,68.28703703703704,51.851851851851855,8.069491525423729,3.4214059077404717,26,1.0082809967570938,True
1217,53627550,53671615,44.065,14762,5556,3234,74.86111111111111,50.925925925925924,8.031539888682746,2.943856370694468,23,0.8824340038700029,True
1218,53671615,53715681,44.066,20755,8261,3385,78.35648148148148,55.55555555555556,7.797636632200886,2.768165787946798,20,1.176128993392922,True
1219,53715681,53759746,44.065,28780,14082,2533,58.63425925925926,66.66666666666667,6.739439399921042,1.9783700082235796,16,1.4370890057762153,True
1220,53759746,53803811,44.065,22466,11853,2291,53.03240740740741,48.148148148148145,6.891750327367961,2.2407629960649427,18,1.289204999920912,True
1221,53803811,53847877,44.066,14667,7787,1765,40.85648148148148,39.81481481481482,8.043059490084985,3.2298823840182234,22,0.867940005264245,True
1222,53847877,53891942,44.065,12576,5821,1720,39.81481481481482,40.74074074074074,7.507558139534884,2.8692335237937074,23,0.7807799993315712,True
1223,53891942,53936007,44.065,26677,13200,1934,44.76851851851852,47.22222222222222,6.416752843846949,1.6585613818058917,16,1.4072769990889356,True
1224,53936007,53980073,44.066,24179,9339,2571,59.513888888888886,52.77777777777778,6.775184753014392,1.847771033856692,15,1.2547350052045658,True
1225,53980073,54024138,44.065,9734,3260,2892,66.94444444444444,35.18518518518518,8.580567081604427,3.006460762661406,24,0.6851720027043484,True
1226,54024138,54068204,44.066,13791,4731,2902,67.17592592592592,35.18518518518518,8.174707098552723,3.244803060132739,25,0.8446270003332756,True
1227,54068204,54112269,44.065,17078,5995,2292,53.05555555555556,36.111111111111114,7.263961605584642,2.7182486556968573,20,1.0548840000410564,True
1228,54112269,54156334,44.065,16344,5590,2245,51.967592592592595,36.111111111111114,7.089086859688196,2.1246440947141534,18,0.9199269989039749,True
1229,54156334,54200400,44.066,12264,4291,1841,42.61574074074074,34.25925925925926,7.164584464964693,2.3844429368344997,19,0.7943400050862692,True
1230,54200400,54244465,44.065,9254,3202,1702,39.398148148148145,27.77777777777778,7.673913043478261,2.6661059395315094,20,0.6339960018522106,True
1231,54244465,54288530,44.065,3146,1331,1306,30.23148148148148,21.296296296296298,8.480857580398162,2.973597632270493,20,0.3862529993057251,True
1232,54288530,54332596,44.066,3913,1502,1432,33.14814814814815,22.22222222222222,8.348463687150838,2.638498364107217,19,0.41468499694019556,True
1233,54332596,54376661,44.065,9947,3407,1917,44.375,27.77777777777778,7.676056338028169,2.761406937854248,21,0.6982499980949797,True
1234,54376661,54420727,44.066,21972,7349,2532,58.611111111111114,43.51851851851852,7.075434439178515,2.465287605679945,19,1.2138189995312132,True
1235,54420727,54464792,44.065,24341,8345,2641,61.13425925925926,50.0,7.372964786065884,2.7823774484609953,23,1.2557919981190935,True
1236,54464792,54508857,44.065,29212,10879,2793,64.65277777777779,51.851851851851855,6.661296097386323,1.9342565521773611,16,1.5094339978531934,True
1237,54508857,54552923,44.066,16754,4912,3446,79.76851851851852,33.333333333333336,8.690946024376089,3.69403911594369,24,0.99666700407397,True
1238,54552923,54596988,44.065,15975,5949,2510,58.10185185185185,38.888888888888886,7.638645418326694,2.863373000155037,22,1.0488990010344423,True
1239,54596988,54641053,44.065,11216,3997,2584,59.81481481481482,36.111111111111114,8.073142414860682,2.91887049831094,25,0.777389999711886,True
1240,54641053,54685119,44.066,20080,7377,2762,63.93518518518519,48.148148148148145,7.240405503258509,2.3399043428646444,22,1.1153579980600625,True
1241,54685119,54729184,44.065,20402,7114,2689,62.24537037037037,49.074074074074076,7.171067311268129,2.529800742157953,23,1.161163003416732,True
1242,54729184,54773249,44.065,17124,5722,2605,60.300925925925924,38.888888888888886,7.348560460652592,2.654334600152942,22,0.9994700012612157,True
1243,54773249,54817315,44.066,13758,4535,2634,60.97222222222222,37.96296296296296,7.642369020501139,2.582952671195715,22,0.8936249942053109,True
1244,54817315,54861380,44.065,8408,3020,2247,52.013888888888886,32.407407407407405,8.155318202047175,2.6593240545310306,22,0.6268549986998551,True
1245,54861380,54905447,44.067,4989,1825,1991,46.08796296296296,29.62962962962963,9.547463586137619,4.062746476924931,26,0.5099059999338351,True
1246,54905447,54949512,44.065,16035,5339,2677,61.967592592592595,37.96296296296296,7.4374299589092265,2.528490590985611,21,0.9474319958826527,True
1247,54949512,54993577,44.065,20470,6986,3132,72.5,45.370370370370374,7.413154533844189,2.5949022892107063,23,1.1160130015923642,True
1248,54993577,55037642,44.065,15314,5246,3352,77.59259259259258,46.2962962962963,8.83472553699284,3.7605237357517316,24,1.0470260021975264,True
1249,55037642,55081707,44.065,19275,6936,3482,80.60185185185186,52.77777777777778,8.014072372199886,3.2802434754761496,25,1.192356001411099,True
1250,55081707,55125772,44.065,19676,7292,3184,73.7037037037037,49.074074074074076,7.523241206030151,2.6289770154662446,22,1.1099889961769804,True
1251,55125772,55169838,44.066,14463,5521,2726,63.101851851851855,37.96296296296296,8.285766691122523,3.2465562627175117,21,0.8966800014604814,True
1252,55169838,55213903,44.065,17249,6324,2688,62.22222222222222,45.370370370370374,7.595238095238095,2.6573697953098177,21,0.9908310021273792,True
1253,55213903,55257968,44.065,20531,7660,2794,64.67592592592592,45.370370370370374,7.365425912670007,2.4493363265680035,19,1.1494680002215318,True
1254,55257968,55302034,44.066,20675,7906,2765,64.00462962962963,47.22222222222222,7.285714285714286,2.50801865663319,23,1.3785299961455166,True
1255,55302034,55346099,44.065,16756,6204,2711,62.75462962962963,40.74074074074074,7.531907045370712,2.6001865580556447,23,1.8308780054212548,True
1256,55346099,55390165,44.066,13207,5178,2126,49.21296296296296,37.96296296296296,7.566321730950141,2.6214747987313998,18,0.9024669998325408,True
1257,55390165,55434230,44.065,12232,5378,1818,42.083333333333336,36.111111111111114,7.621012101210121,2.8468303391757614,23,0.8018629960133694,True
1258,55434230,55478295,44.065,7144,3268,1680,38.88888888888889,26.85185185185185,8.99702380952381,3.572296273561275,23,0.5833010000060312,True
1259,55478295,55522361,44.066,8533,3061,1968,45.55555555555556,25.925925925925927,7.797256097560975,2.595346952592801,20,0.649002002319321,True
1260,55522361,55566426,44.065,20263,8255,2345,54.282407407407405,42.592592592592595,7.031130063965885,2.244227611355298,19,1.1677830043481663,True
1261,55566426,55610491,44.065,27132,10473,3138,72.63888888888889,53.7037037037037,7.115360101975781,2.3294768943617887,20,1.5932290043565445,True
1262,55610491,55654557,44.066,24556,9105,3236,74.9074074074074,59.25925925925926,7.152966625463535,2.2927898972869754,18,1.3295450044097379,True
1263,55654557,55698622,44.065,16576,5946,2694,62.36111111111111,50.0,7.42724573125464,2.4992382034080167,21,0.9655979956733063,True
1264,55698622,55742688,44.066,15366,5488,3009,69.65277777777777,48.148148148148145,7.663010967098704,2.757888056818876,22,0.9233759992639534,True
1265,55742688,55786753,44.065,16494,6112,2936,67.96296296296296,50.0,7.897820163487738,3.101339367920863,24,0.9692550011095591,True
1266,55786753,55830818,44.065,17259,6811,2680,62.03703703703704,50.0,7.624253731343283,2.7262285678712126,20,0.9911180022754706,True
1267,55830818,55874884,44.066,18531,7478,2837,65.67129629629629,47.22222222222222,7.460345435318999,2.4036446346328657,20,1.0849350001080893,True
1268,55874884,55918949,44.065,16967,6628,2343,54.23611111111111,40.74074074074074,7.400768245838669,2.4222153132965283,18,1.0107779962709174,True
1269,55918949,55963014,44.065,12212,4909,2010,46.52777777777778,32.407407407407405,7.642288557213931,2.7270348623762275,22,0.7954070024425164,True
1270,55963014,56007080,44.066,10414,3875,1930,44.675925925925924,32.407407407407405,8.173056994818653,3.3438675572269463,22,0.7010580011410639,True
1271,56007080,56051145,44.065,16702,6366,1913,44.28240740740741,35.18518518518518,6.826450601150026,2.042207736978107,17,1.0784000041894615,True
1272,56051145,56095210,44.065,22086,8642,2683,62.10648148148149,54.629629629629626,7.090570257174805,2.215638470193751,19,1.1825000037788413,True
1273,56095210,56139276,44.066,25372,9920,3243,75.06944444444444,63.888888888888886,7.262719703977798,2.4454683377121595,20,1.6352210004697554,True
1274,56139276,56183341,44.065,16152,5907,3089,71.50462962962963,50.0,7.936549044998381,3.0528719376883124,23,1.1466729993117042,True
1275,56183341,56227407,44.066,14584,5184,3354,77.63888888888889,49.074074074074076,8.395348837209303,3.2593047135577944,23,0.9392200008733198,True
1276,56227407,56271472,44.065,12349,4228,3506,81.15740740740742,44.44444444444444,9.077010838562463,3.6471279432366703,23,0.798261993622873,True
1277,56271472,56315537,44.065,13169,5075,2909,67.33796296296296,43.51851851851852,7.802337573049158,2.684597224281236,22,0.8783409939496778,True
1278,56315537,56359603,44.066,10827,4009,2885,66.7824074074074,41.666666666666664,8.126169844020797,2.6973299704374147,23,0.7644200013601221,True
1279,56359603,56403668,44.065,16106,5855,2793,64.65277777777779,46.2962962962963,7.520587182241318,2.6178671003391285,22,0.9403399963048287,True
1280,56403668,56447733,44.065,20163,6966,3035,70.25462962962962,50.925925925925924,7.51169686985173,2.6243276230658106,20,1.1294040014036,True
1281,56447733,56491799,44.066,16857,5804,2885,66.7824074074074,38.888888888888886,7.704332755632582,2.8287209718199624,23,0.9504039990133606,True
1282,56491799,56535864,44.065,15675,5611,2463,57.01388888888889,41.666666666666664,7.569630531871701,2.6787541995535276,20,0.8972849973361008,True
1283,56535864,56579929,44.065,8429,3145,2277,52.708333333333336,36.111111111111114,8.342995169082126,3.0567118581598502,23,0.6812150022597052,True
1284,56579929,56623995,44.066,4949,2010,1877,43.449074074074076,30.555555555555557,8.34203516249334,2.6388367646106246,20,0.4751740052597597,True
1285,56623995,56668060,44.065,9246,3346,2060,47.68518518518518,34.25925925925926,7.625242718446602,2.579482842975363,20,1.0156459975405596,True
1286,56668060,56712126,44.066,14353,5029,2229,51.59722222222222,41.666666666666664,7.3301929116195605,2.644901476618269,20,0.9048029969562776,True
1287,56712126,56756191,44.065,18653,6323,2773,64.18981481481481,44.44444444444444,7.387666786873423,2.699137592773089,20,1.075981002941262,True
1288,56756191,56800256,44.065,19302,6758,2999,69.4212962962963,52.77777777777778,7.366122040680227,2.523381689617103,19,1.235976000316441,True
1289,56800256,56844322,44.066,17090,6081,2859,66.18055555555556,50.0,7.5606855543896465,2.695469302202543,22,1.0063099980470724,True
1290,56844322,56888387,44.065,13047,4636,2647,61.273148148148145,39.81481481481482,7.744994333207405,2.5387715985613752,20,0.8584489987697452,True
1291,56888387,56932452,44.065,11082,4065,2548,58.98148148148148,38.888888888888886,8.142072213500786,2.6855454893993014,22,0.7706350006628782,True
1292,56932452,56976518,44.066,7168,2633,2487,57.56944444444444,40.74074074074074,8.697225572979493,2.929613291816392,22,0.6100199971115217,True
1293,56976518,57020583,44.065,9324,3452,2609,60.39351851851852,38.888888888888886,8.517439632042928,3.0493234517689127,23,0.6578019965672866,True
1294,57020583,57064649,44.066,6480,2560,2064,47.77777777777778,33.333333333333336,8.65891472868217,3.1487566736138928,23,0.5617829956463538,True
1295,57064649,57108714,44.065,8995,3405,2398,55.50925925925926,38.888888888888886,8.474145120934113,2.9574334186891025,21,0.6931739990250207,True
1296,57108714,57152779,44.065,13165,5054,2518,58.28703703703704,40.74074074074074,8.144162033359809,3.280909058501171,25,0.9003069935715757,True
1297,57152779,57196845,44.066,22047,8494,2907,67.29166666666667,50.925925925925924,7.3353973168214655,2.648284658537488,20,1.2825880039599724,True
1298,57196845,57240910,44.065,20919,7673,3011,69.69907407407408,53.7037037037037,7.5782132181999335,2.6118506456385524,20,1.1712340055964887,True
1299,57240910,57284976,44.066,16134,5887,3138,72.63888888888889,48.148148148148145,7.911727214786488,2.686779736645555,22,0.9542010011500679,True
1300,57284976,57329041,44.065,11641,4180,3121,72.24537037037038,48.148148148148145,8.62864466517142,2.9972004007955846,21,0.8740109988139011,True
1301,57329041,57373106,44.065,15569,5649,3156,73.05555555555556,46.2962962962963,8.073510773130545,3.0153255304693327,25,0.9135090003837831,True
1302,57373106,57417171,44.065,21724,8037,3031,70.16203703703704,51.851851851851855,7.266248762784559,2.4245892861153586,19,1.1996190005447716,True
1303,57417171,57461237,44.066,20242,7582,2805,64.93055555555556,43.51851851851852,7.412121212121212,2.605327592471914,21,1.1087769962614402,True
1304,57461237,57505302,44.065,15879,6039,2794,64.67592592592592,41.666666666666664,7.750178954903364,3.0356757823338607,22,0.9159780020127073,True
1305,57505302,57549368,44.066,10302,3895,2595,60.06944444444444,34.25925925925926,8.420423892100192,3.156442323885375,23,0.6781000047340058,True
1306,57549368,57593433,44.065,11313,4242,2657,61.50462962962963,36.111111111111114,8.528415506210012,3.2456858618894295,23,0.77146700641606,True
1307,57593433,57637498,44.065,10181,3619,2648,61.29629629629629,34.25925925925926,9.319108761329305,4.013071217337381,24,0.832985999295488,True
1308,57637498,57681564,44.066,14470,5450,2475,57.291666666666664,33.333333333333336,7.3987878787878785,2.380509780192144,20,0.8840329974191263,True
1309,57681564,57725629,44.065,8595,3423,2139,49.51388888888889,28.703703703703702,8.430575035063114,3.3078342407864607,26,0.6225710021681152,True
1310,57725629,57769694,44.065,8073,3143,2086,48.28703703703704,23.14814814814815,8.342281879194632,2.7765635673707423,22,0.6228389975149184,True
1311,57769694,57813760,44.066,7652,2921,2024,46.851851851851855,28.703703703703702,8.534090909090908,2.8322367631687553,20,0.5961370043223724,True
1312,57813760,57857825,44.065,7065,2624,2076,48.05555555555555,25.0,7.980250481695569,2.237380611097708,18,0.5827569984830916,True
1313,57857825,57901890,44.065,7440,2676,1975,45.717592592592595,27.77777777777778,7.912911392405063,2.3596846774429037,21,0.5878960000700317,True
1314,57901890,57945956,44.066,6727,2452,2011,46.550925925925924,27.77777777777778,8.026852312282447,2.314478887074894,19,0.5612899985862896,True
1315,57945956,57990021,44.065,6624,2427,2091,48.40277777777778,26.85185185185185,8.23194643711143,2.472469744408663,20,0.5447289950097911,True
1316,57990021,58034087,44.066,7087,2548,2043,47.29166666666667,29.62962962962963,8.070974057758198,2.530354996446087,19,0.5641710013151169,True
1317,58034087,58078152,44.065,11692,3837,2173,50.300925925925924,30.555555555555557,7.749654855039116,2.693057687091294,24,0.8180630029528402,True
1318,58078152,58122217,44.065,9627,3224,2291,53.03240740740741,35.18518518518518,8.208642514185945,2.723410710960758,21,0.6406600004993379,True
1319,58122217,58166283,44.066,15373,5031,2570,59.49074074074074,45.370370370370374,7.487548638132296,2.5990196862175545,24,1.014134002616629,True
1320,58166283,58210348,44.065,13160,4426,2538,58.75,43.51851851851852,8.055555555555555,3.234416885211168,24,0.8072389973676763,True
1321,58210348,58254413,44.065,15346,5248,2613,60.48611111111111,47.22222222222222,7.506314580941447,2.681108935525378,23,0.8994620002340525,True
1322,58254413,58298479,44.066,14609,5058,2594,60.0462962962963,50.925925925925924,7.534309946029299,2.6849078767065153,19,0.8607159979874268,True
1323,58298479,58342544,44.065,13535,4703,2732,63.24074074074073,41.666666666666664,7.644216691068814,2.706086804223177,21,0.8259210007963702,True
1324,58342544,58386610,44.066,13649,4728,3144,72.77777777777777,40.74074074074074,7.650763358778626,2.5094312033521,20,0.8411079979850911,True
1325,58386610,58430675,44.065,7474,3380,2721,62.986111111111114,37.96296296296296,7.755604557148107,2.5790320818905323,21,0.5755659949500114,True
1326,58430675,58474740,44.065,19562,6735,3766,87.17592592592592,46.2962962962963,7.244025491237387,2.409528161731146,22,1.1311800044495612,True
1327,58474740,58518806,44.066,16607,6079,3994,92.45370370370371,43.51851851851852,7.869804707060591,2.934022382827417,22,0.9727659999043681,True
1328,58518806,58562871,44.065,21550,6680,4229,97.89351851851852,50.925925925925924,7.591156301726176,2.527601672836343,21,1.2133330019423738,True
1329,58562871,58606936,44.065,22563,7083,4302,99.58333333333333,54.629629629629626,7.6155276615527665,2.5454530409504574,23,1.3606949942186475,True
1330,58606936,58651002,44.066,26881,8333,4131,95.625,60.18518518518518,7.359235052045509,2.4418135566327983,21,1.4736669982085004,True
1331,58651002,58695067,44.065,22882,7502,3695,85.5324074074074,52.77777777777778,7.364546684709066,2.544114469625802,20,1.265380000404548,True
1332,58695067,58739132,44.065,21815,7363,3507,81.18055555555556,53.7037037037037,7.139720558882235,2.3485513511830893,23,1.2243219971423969,True
1333,58739132,58783198,44.066,15211,5282,3370,78.00925925925927,44.44444444444444,8.170623145400594,3.1904387804328436,22,0.9522690015728585,True
1334,58783198,58827263,44.065,13338,4784,2767,64.05092592592592,47.22222222222222,7.977231658836285,2.94875921634446,21,0.876108999364078,True
1335,58827263,58871329,44.066,14098,5055,2797,64.74537037037037,44.44444444444444,7.765105470146586,2.756775661245891,24,0.8434589981334284,True
1336,58871329,58915394,44.065,14561,5284,2715,62.84722222222222,45.370370370370374,7.777900552486188,2.7740625834017387,20,0.886214998899959,True
1337,58915394,58959459,44.065,19100,7000,2827,65.43981481481481,50.925925925925924,7.49557835160948,2.5793865127663462,21,1.1188240023329854,True
1338,58959459,59003525,44.066,20852,7838,2995,69.3287037037037,59.25925925925926,7.353923205342237,2.4704491492663694,20,1.2754880008287728,True
1339,59003525,59047590,44.065,16757,6218,2826,65.41666666666667,46.2962962962963,7.533262561924983,2.5596474815326777,21,1.041171999531798,True
1340,59047590,59091655,44.065,14586,5557,2824,65.37037037037037,43.51851851851852,7.9465297450424925,2.908844454300287,24,0.8775289970799349,True
1341,59091655,59135721,44.066,16769,6161,2950,68.28703703703704,45.370370370370374,7.866440677966102,3.0075260189989166,21,1.0038990003522485,True
1342,59135721,59179786,44.065,20651,8132,2818,65.23148148148148,52.77777777777778,7.234563520227112,2.4629226057539753,20,1.1193699974683113,True
1343,59179786,59223852,44.066,23652,9994,2748,63.61111111111111,53.7037037037037,7.122998544395925,2.26343847834819,17,1.3048999971942976,True
1344,59223852,59267917,44.065,25507,10356,2973,68.81944444444444,53.7037037037037,7.186680121089808,2.439127217920071,21,1.5462470037164167,True
1345,59267917,59311982,44.065,18646,7266,2598,60.138888888888886,41.666666666666664,7.414164742109315,2.5189320672894464,21,1.0386700014350936,True
1346,59311982,59356048,44.066,8153,3260,2136,49.44444444444444,35.18518518518518,8.031367041198502,2.904608440241723,20,0.6529890015372075,True
1347,59356048,59400113,44.065,11555,4678,2345,54.282407407407405,39.81481481481482,7.776545842217484,2.7276449397617877,20,0.7619669995619915,True
1348,59400113,59444178,44.065,23049,9452,2653,61.41203703703704,52.77777777777778,7.2114587259706,2.5269278507475663,19,1.2784360005753115,True
1349,59444178,59488244,44.066,24180,10329,2345,54.282407407407405,45.370370370370374,6.932622601279317,2.406756159546448,21,1.3975990004837513,True
1350,59488244,59532309,44.065,15444,6526,2517,58.263888888888886,48.148148148148145,7.638061183949146,2.6021654240556735,23,0.8950099945650436,True
1351,59532309,59576374,44.065,11587,4658,2620,60.648148148148145,42.592592592592595,8.407251908396946,3.102477599782607,23,0.7599019954795949,True
1352,59576374,59620440,44.066,15874,6704,2583,59.791666666666664,43.51851851851852,7.963608207510647,3.103242167766247,23,0.9204410016536713,True
1353,59620440,59664505,44.065,23559,9749,2569,59.467592592592595,48.148148148148145,7.2078629817049436,2.2445818304366836,16,1.2135319993831217,True
1354,59664505,59708571,44.066,14901,6118,2327,53.86574074074074,41.666666666666664,7.7116458960034375,2.7518415442979394,21,0.8870000019669533,True
