event_index,t_event,t_common_us,x_event,y_event,p,feature_id,feature_slot,distance_squared,candidate_count,associated
0,29895518,29895518,155,126,1,37,37,36.0,2,1
1,29895524,29895524,220,133,0,-1,-1,nan,0,0
2,29895526,29895526,29,116,1,165,165,41.0,3,1
3,29895531,29895531,161,130,1,215,215,4.0,3,1
4,29895545,29895545,41,111,1,25,25,4.0,1,1
5,29895547,29895547,168,35,1,376,376,1.0,5,1
6,29895547,29895547,232,139,0,87,87,5.0,2,1
7,29895548,29895548,181,109,0,30,30,4.0,1,1
8,29895548,29895548,231,67,0,118,118,4.0,4,1
9,29895550,29895550,167,50,1,155,155,2.0,3,1
10,29895552,29895552,142,123,1,324,324,5.0,2,1
11,29895554,29895554,189,92,1,78,78,32.0,1,1
12,29895560,29895560,143,124,1,324,324,13.0,2,1
13,29895562,29895562,104,93,1,-1,-1,nan,0,0
14,29895562,29895562,232,68,0,118,118,2.0,3,1
15,29895563,29895563,111,2,1,3,3,26.0,1,1
16,29895565,29895565,237,129,1,133,133,37.0,2,1
17,29895570,29895570,25,108,1,165,165,9.0,2,1
18,29895574,29895574,162,40,1,237,237,5.0,4,1
19,29895575,29895575,162,130,1,215,215,5.0,3,1
20,29895583,29895583,181,90,1,77,77,18.0,2,1
21,29895585,29895585,98,84,0,67,67,18.0,1,1
22,29895588,29895588,184,108,0,30,30,2.0,2,1
23,29895591,29895591,26,96,0,72,72,0.0,2,1
24,29895599,29895599,160,126,1,37,37,1.0,3,1
25,29895599,29895599,160,134,1,215,215,5.0,2,1
26,29895600,29895600,37,111,0,25,25,4.0,1,1
27,29895600,29895600,76,28,0,144,144,0.0,2,1
28,29895606,29895606,176,102,0,29,29,2.0,2,1
29,29895606,29895606,238,134,1,176,176,1.0,1,1
30,29895611,29895611,183,173,1,139,139,25.0,2,1
31,29895614,29895614,172,44,0,275,275,5.0,3,1
32,29895617,29895617,38,109,0,25,25,5.0,1,1
33,29895619,29895619,186,174,1,46,46,9.0,1,1
34,29895629,29895629,187,173,1,46,46,5.0,2,1
35,29895631,29895631,30,119,1,250,250,25.0,1,1
36,29895637,29895637,235,63,1,205,205,0.0,3,1
37,29895643,29895643,183,108,0,30,30,1.0,1,1
38,29895648,29895648,39,109,0,25,25,4.0,1,1
39,29895650,29895650,102,13,0,145,145,0.0,2,1
40,29895651,29895651,182,173,1,139,139,16.0,2,1
41,29895656,29895656,117,0,0,3,3,2.0,2,1
42,29895660,29895660,221,129,1,256,256,34.0,2,1
43,29895660,29895660,174,103,0,29,29,1.0,2,1
44,29895661,29895661,189,107,0,125,125,8.0,2,1
45,29895668,29895668,117,122,0,75,75,17.0,1,1
46,29895671,29895671,171,34,1,109,109,5.0,3,1
47,29895677,29895677,232,142,0,87,87,2.0,1,1
48,29895681,29895681,148,125,1,357,357,4.0,1,1
49,29895684,29895684,238,122,1,133,133,1.0,1,1
50,29895686,29895686,34,118,1,-1,-1,nan,0,0
51,29895687,29895687,190,106,0,125,125,2.0,2,1
52,29895689,29895689,162,44,0,344,344,5.0,3,1
53,29895689,29895689,172,37,0,310,310,5.0,3,1
54,29895694,29895694,175,104,0,29,29,1.0,2,1
55,29895704,29895704,230,119,1,217,217,4.0,1,1
56,29895713,29895713,160,137,1,85,85,2.0,2,1
57,29895717,29895717,171,36,1,109,109,13.0,3,1
58,29895717,29895717,74,43,1,58,58,29.0,1,1
59,29895717,29895717,75,43,1,58,58,20.0,1,1
60,29895718,29895718,99,83,0,67,67,32.0,1,1
61,29895718,29895718,33,104,0,166,166,36.0,1,1
62,29895720,29895720,179,92,1,77,77,2.0,2,1
63,29895728,29895728,81,36,0,10,10,8.0,1,1
64,29895729,29895729,192,177,1,46,46,18.0,2,1
65,29895732,29895732,190,178,1,46,46,17.0,2,1
66,29895740,29895740,189,172,1,46,46,4.0,3,1
67,29895742,29895742,155,125,1,37,37,37.0,2,1
68,29895743,29895743,162,127,1,37,37,2.0,3,1
69,29895749,29895749,118,121,0,75,75,13.0,1,1
70,29895761,29895761,235,62,1,205,205,1.0,2,1
71,29895775,29895775,29,96,0,72,72,9.0,3,1
72,29895785,29895785,154,125,1,357,357,40.0,2,1
73,29895787,29895787,231,68,0,118,118,1.0,4,1
74,29895787,29895787,177,105,0,29,29,8.0,2,1
75,29895796,29895796,159,136,1,85,85,4.0,2,1
76,29895805,29895805,156,43,1,61,61,4.0,2,1
77,29895809,29895809,114,130,0,35,35,5.0,1,1
78,29895811,29895811,229,76,0,23,23,0.0,3,1
79,29895811,29895811,226,75,0,23,23,10.0,3,1
80,29895816,29895816,36,117,1,25,25,45.0,2,1
81,29895818,29895818,226,73,0,164,164,13.0,3,1
82,29895821,29895821,228,60,1,205,205,58.0,1,1
83,29895825,29895825,189,177,1,46,46,9.0,1,1
84,29895825,29895825,74,42,1,58,58,34.0,1,1
85,29895828,29895828,157,125,1,37,37,17.0,1,1
86,29895830,29895830,190,107,0,125,125,5.0,2,1
87,29895840,29895840,82,42,0,10,10,17.0,2,1
88,29895841,29895841,114,128,0,35,35,17.0,1,1
89,29895845,29895845,32,104,0,166,166,37.0,1,1
90,29895846,29895846,169,46,0,275,275,4.0,3,1
91,29895852,29895852,141,135,0,130,130,5.0,1,1
92,29895854,29895854,75,33,0,144,144,26.0,1,1
93,29895857,29895857,80,45,0,58,58,1.0,2,1
94,29895862,29895862,163,42,1,344,344,10.0,3,1
95,29895862,29895862,230,67,0,118,118,5.0,4,1
96,29895863,29895863,229,127,0,39,39,2.0,2,1
97,29895863,29895863,230,69,0,118,118,1.0,5,1
98,29895864,29895864,190,93,1,78,78,18.0,1,1
99,29895864,29895864,232,59,1,205,205,25.0,1,1
100,29895872,29895872,176,105,0,29,29,5.0,2,1
101,29895874,29895874,74,20,0,50,50,9.0,2,1
102,29895876,29895876,150,137,0,254,254,2.0,2,1
103,29895879,29895879,20,102,0,24,24,5.0,2,1
104,29895881,29895881,178,104,0,29,29,10.0,3,1
105,29895881,29895881,183,91,1,77,77,29.0,1,1
106,29895881,29895881,184,91,1,77,77,40.0,1,1
107,29895886,29895886,37,114,1,25,25,13.0,1,1
108,29895887,29895887,238,137,1,176,176,4.0,2,1
109,29895889,29895889,222,134,1,-1,-1,nan,0,0
110,29895895,29895895,233,142,0,87,87,1.0,1,1
111,29895903,29895903,156,138,0,85,85,9.0,3,1
112,29895904,29895904,218,125,0,256,256,1.0,1,1
113,29895907,29895907,233,138,1,87,87,9.0,2,1
114,29895908,29895908,191,91,1,78,78,29.0,1,1
115,29895914,29895914,230,73,0,23,23,10.0,4,1
116,29895918,29895918,161,36,1,237,237,4.0,4,1
117,29895923,29895923,25,96,0,72,72,1.0,1,1
118,29895923,29895923,116,1,0,3,3,0.0,2,1
119,29895925,29895925,184,89,1,77,77,52.0,1,1
120,29895928,29895928,174,178,0,45,45,4.0,2,1
121,29895933,29895933,237,140,0,87,87,17.0,2,1
122,29895941,29895941,230,125,0,39,39,13.0,2,1
123,29895943,29895943,236,121,1,133,133,8.0,2,1
124,29895943,29895943,236,122,1,133,133,5.0,2,1
125,29895944,29895944,184,172,1,46,46,29.0,2,1
126,29895948,29895948,173,43,0,275,275,13.0,3,1
127,29895948,29895948,191,94,1,78,78,8.0,1,1
128,29895954,29895954,190,105,0,125,125,1.0,1,1
129,29895961,29895961,22,102,0,24,24,5.0,2,1
130,29895967,29895967,230,133,0,39,39,29.0,1,1
131,29895972,29895972,22,101,0,24,24,10.0,2,1
132,29895974,29895974,33,118,1,250,250,61.0,1,1
133,29895977,29895977,192,95,1,78,78,2.0,1,1
134,29895979,29895979,76,27,0,144,144,1.0,2,1
135,29895980,29895980,94,3,0,-1,-1,nan,0,0
136,29895982,29895982,40,115,1,25,25,17.0,2,1
137,29895985,29895985,22,105,1,24,24,2.0,2,1
138,29895990,29895990,235,121,1,133,133,13.0,2,1
139,29895998,29895998,152,125,1,357,357,20.0,1,1
140,29896000,29896000,80,43,0,58,58,5.0,2,1
141,29896001,29896001,185,108,0,30,30,5.0,2,1
142,29896003,29896003,110,2,1,3,3,37.0,1,1
143,29896008,29896008,161,34,1,13,13,4.0,4,1
144,29896008,29896008,227,75,0,23,23,5.0,3,1
145,29896011,29896011,153,124,1,357,357,26.0,1,1
146,29896012,29896012,116,2,0,3,3,1.0,2,1
147,29896013,29896013,183,171,1,139,139,29.0,2,1
148,29896021,29896021,234,67,0,71,71,5.0,3,1
149,29896022,29896022,222,142,0,-1,-1,nan,0,0
150,29896023,29896023,188,175,1,46,46,2.0,2,1
151,29896023,29896023,66,40,1,106,106,50.0,1,1
152,29896026,29896026,224,64,1,164,164,36.0,1,1
153,29896029,29896029,34,119,1,-1,-1,nan,0,0
154,29896033,29896033,77,45,1,58,58,4.0,1,1
155,29896034,29896034,30,117,1,250,250,45.0,2,1
156,29896036,29896036,182,110,0,30,30,2.0,1,1
157,29896036,29896036,182,171,1,139,139,20.0,2,1
158,29896049,29896049,73,20,0,50,50,4.0,2,1
159,29896053,29896053,173,40,1,310,310,1.0,5,1
160,29896054,29896054,190,172,1,46,46,5.0,3,1
161,29896058,29896058,176,45,0,197,197,2.0,4,1
162,29896067,29896067,230,121,1,217,217,0.0,2,1
163,29896070,29896070,153,137,0,254,254,5.0,2,1
164,29896070,29896070,69,39,1,-1,-1,nan,0,0
165,29896078,29896078,111,1,1,3,3,25.0,1,1
166,29896079,29896079,31,98,0,166,166,4.0,3,1
167,29896080,29896080,235,140,0,87,87,5.0,2,1
168,29896085,29896085,151,138,0,254,254,0.0,2,1
169,29896092,29896092,140,136,0,130,130,1.0,3,1
170,29896093,29896093,223,147,0,47,47,40.0,1,1
171,29896095,29896095,165,46,1,344,344,2.0,4,1
172,29896098,29896098,233,141,0,87,87,0.0,2,1
173,29896098,29896098,76,34,0,144,144,36.0,1,1
174,29896098,29896098,74,28,0,144,144,4.0,2,1
175,29896103,29896103,226,62,1,-1,-1,nan,0,0
176,29896103,29896103,226,61,1,-1,-1,nan,0,0
177,29896121,29896121,169,48,0,275,275,8.0,3,1
178,29896128,29896128,75,32,0,144,144,17.0,1,1
179,29896129,29896129,174,45,0,197,197,10.0,3,1
180,29896144,29896144,177,106,0,29,29,13.0,2,1
181,29896147,29896147,225,62,1,-1,-1,nan,0,0
182,29896147,29896147,233,120,1,217,217,10.0,2,1
183,29896147,29896147,231,136,0,87,87,29.0,2,1
184,29896152,29896152,189,178,1,46,46,16.0,1,1
185,29896154,29896154,133,134,0,173,173,4.0,3,1
186,29896162,29896162,229,74,0,23,23,4.0,3,1
187,29896164,29896164,31,99,0,166,166,5.0,2,1
188,29896168,29896168,22,100,0,24,24,17.0,2,1
189,29896170,29896170,93,87,0,67,67,4.0,2,1
190,29896171,29896171,80,44,0,58,58,2.0,2,1
191,29896180,29896180,180,91,1,77,77,8.0,2,1
192,29896181,29896181,237,130,1,176,176,26.0,2,1
193,29896181,29896181,229,77,0,23,23,1.0,1,1
194,29896185,29896185,236,124,0,133,133,5.0,2,1
195,29896186,29896186,173,34,0,109,109,1.0,3,1
196,29896193,29896193,153,138,0,254,254,4.0,2,1
197,29896195,29896195,225,73,0,164,164,10.0,3,1
198,29896196,29896196,146,137,0,254,254,26.0,3,1
199,29896202,29896202,117,123,0,75,75,26.0,1,1
200,29896203,29896203,237,122,1,133,133,2.0,2,1
201,29896204,29896204,61,36,1,106,106,1.0,2,1
202,29896214,29896214,160,127,1,37,37,2.0,3,1
203,29896216,29896216,63,32,1,106,106,13.0,2,1
204,29896218,29896218,152,124,1,357,357,17.0,1,1
205,29896219,29896219,218,124,0,256,256,0.0,1,1
206,29896222,29896222,178,106,0,29,29,18.0,2,1
207,29896229,29896229,25,95,0,72,72,2.0,2,1
208,29896229,29896229,191,104,0,125,125,1.0,1,1
209,29896229,29896229,234,120,1,217,217,17.0,2,1
210,29896237,29896237,225,64,1,164,164,37.0,2,1
211,29896238,29896238,237,132,1,176,176,10.0,1,1
212,29896238,29896238,31,117,1,250,250,52.0,1,1
213,29896243,29896243,144,124,1,357,357,17.0,2,1
214,29896244,29896244,106,1,1,-1,-1,nan,0,0
215,29896255,29896255,227,129,0,39,39,2.0,1,1
216,29896255,29896255,232,64,0,205,205,10.0,3,1
217,29896257,29896257,184,174,1,46,46,25.0,2,1
218,29896258,29896258,181,172,1,139,139,10.0,1,1
219,29896268,29896268,135,134,0,173,173,8.0,2,1
220,29896269,29896269,115,127,0,35,35,25.0,1,1
221,29896270,29896270,72,19,0,50,50,2.0,2,1
222,29896270,29896270,24,80,0,16,16,1.0,4,1
223,29896274,29896274,31,118,1,250,250,41.0,1,1
224,29896278,29896278,168,33,1,376,376,5.0,4,1
225,29896300,29896300,34,105,0,166,166,50.0,2,1
226,29896301,29896301,172,177,0,45,45,1.0,3,1
227,29896306,29896306,226,154,0,47,47,2.0,2,1
228,29896308,29896308,81,43,0,58,58,8.0,2,1
229,29896308,29896308,180,107,0,30,30,13.0,2,1
230,29896317,29896317,150,124,1,357,357,5.0,1,1
231,29896317,29896317,84,39,0,10,10,2.0,2,1
232,29896319,29896319,237,124,0,133,133,2.0,2,1
233,29896330,29896330,158,125,1,37,37,10.0,2,1
234,29896331,29896331,22,80,0,16,16,1.0,5,1
235,29896334,29896334,60,35,1,106,106,1.0,2,1
236,29896353,29896353,139,136,0,130,130,0.0,3,1
237,29896357,29896357,189,93,1,78,78,25.0,1,1
238,29896357,29896357,189,175,1,46,46,1.0,3,1
239,29896362,29896362,230,76,0,23,23,1.0,2,1
240,29896368,29896368,225,74,0,164,164,17.0,3,1
241,29896371,29896371,98,90,1,67,67,18.0,1,1
242,29896382,29896382,232,119,1,217,217,8.0,2,1
243,29896386,29896386,140,123,1,324,324,5.0,1,1
244,29896392,29896392,63,38,1,106,106,13.0,2,1
245,29896402,29896402,192,93,1,78,78,10.0,1,1
246,29896403,29896403,26,110,1,165,165,2.0,2,1
247,29896414,29896414,172,36,0,109,109,10.0,3,1
248,29896417,29896417,155,138,0,85,85,16.0,2,1
249,29896429,29896429,175,44,0,197,197,4.0,3,1
250,29896434,29896434,173,35,0,109,109,4.0,3,1
251,29896437,29896437,165,45,1,344,344,1.0,4,1
252,29896442,29896442,180,105,0,30,30,25.0,2,1
253,29896447,29896447,145,136,0,130,130,36.0,2,1
254,29896453,29896453,72,31,0,144,144,25.0,1,1
255,29896455,29896455,221,138,1,-1,-1,nan,0,0
256,29896455,29896455,137,122,1,324,324,17.0,1,1
257,29896456,29896456,161,126,1,37,37,0.0,3,1
258,29896456,29896456,76,33,0,144,144,25.0,1,1
259,29896456,29896456,40,109,0,25,25,5.0,1,1
260,29896466,29896466,232,60,1,205,205,18.0,1,1
261,29896476,29896476,224,154,0,47,47,2.0,2,1
262,29896481,29896481,28,115,1,165,165,25.0,2,1
263,29896481,29896481,229,123,1,217,217,5.0,2,1
264,29896481,29896481,78,23,0,2,2,0.0,3,1
265,29896483,29896483,36,108,0,25,25,18.0,1,1
266,29896492,29896492,99,9,0,145,145,25.0,1,1
267,29896500,29896500,32,102,0,166,166,17.0,1,1
268,29896506,29896506,68,40,1,-1,-1,nan,0,0
269,29896507,29896507,31,100,0,166,166,8.0,2,1
270,29896507,29896507,188,92,1,78,78,41.0,1,1
271,29896507,29896507,76,26,0,144,144,4.0,3,1
272,29896512,29896512,103,14,0,145,145,2.0,2,1
273,29896512,29896512,65,38,1,106,106,25.0,1,1
274,29896514,29896514,116,0,0,3,3,1.0,2,1
275,29896515,29896515,78,35,0,10,10,34.0,2,1
276,29896517,29896517,160,132,1,215,215,1.0,4,1
277,29896520,29896520,10,105,0,119,119,2.0,3,1
278,29896521,29896521,118,120,0,75,75,8.0,1,1
279,29896526,29896526,176,42,1,197,197,5.0,3,1
280,29896530,29896530,78,45,1,58,58,1.0,1,1
281,29896533,29896533,63,37,1,106,106,8.0,2,1
282,29896535,29896535,142,124,1,324,324,10.0,2,1
283,29896540,29896540,39,114,1,25,25,9.0,1,1
284,29896547,29896547,171,45,0,275,275,1.0,5,1
285,29896568,29896568,178,172,1,139,139,1.0,2,1
286,29896573,29896573,116,121,0,75,75,9.0,1,1
287,29896576,29896576,161,40,1,237,237,4.0,4,1
288,29896577,29896577,230,70,0,118,118,2.0,4,1
289,29896579,29896579,170,35,1,376,376,9.0,3,1
290,29896579,29896579,156,137,0,85,85,10.0,3,1
291,29896581,29896581,173,178,0,45,45,1.0,2,1
292,29896581,29896581,140,124,1,324,324,10.0,1,1
293,29896586,29896586,232,120,1,217,217,5.0,2,1
294,29896588,29896588,187,91,1,78,78,61.0,1,1
295,29896589,29896589,94,87,0,67,67,1.0,1,1
296,29896590,29896590,173,32,1,109,109,1.0,3,1
297,29896593,29896593,183,110,0,30,30,1.0,1,1
298,29896594,29896594,229,129,0,39,39,2.0,1,1
299,29896595,29896595,177,93,1,77,77,1.0,2,1
300,29896603,29896603,233,140,0,87,87,1.0,2,1
301,29896603,29896603,102,81,0,-1,-1,nan,0,0
302,29896605,29896605,182,90,1,77,77,25.0,2,1
303,29896605,29896605,182,88,1,77,77,41.0,2,1
304,29896612,29896612,152,137,0,254,254,2.0,2,1
305,29896615,29896615,156,41,1,61,61,8.0,2,1
306,29896620,29896620,84,37,0,10,10,2.0,1,1
307,29896624,29896624,233,139,0,87,87,4.0,2,1
308,29896625,29896625,170,34,1,109,109,10.0,3,1
309,29896625,29896625,181,91,1,77,77,13.0,2,1
310,29896631,29896631,34,104,0,166,166,37.0,1,1
311,29896633,29896633,230,59,1,205,205,41.0,1,1
312,29896636,29896636,95,4,0,-1,-1,nan,0,0
313,29896641,29896641,175,45,1,197,197,5.0,3,1
314,29896641,29896641,230,71,0,118,118,5.0,4,1
315,29896648,29896648,174,43,0,197,197,10.0,3,1
316,29896649,29896649,76,21,0,2,2,8.0,3,1
317,29896649,29896649,77,44,1,58,58,5.0,1,1
318,29896654,29896654,33,106,0,25,25,61.0,1,1
319,29896655,29896655,236,140,0,87,87,10.0,2,1
320,29896662,29896662,155,137,0,85,85,17.0,3,1
321,29896664,29896664,179,107,0,30,30,20.0,2,1
322,29896674,29896674,80,35,0,10,10,18.0,1,1
323,29896686,29896686,190,91,1,78,78,34.0,1,1
324,29896692,29896692,125,134,0,36,36,5.0,2,1
325,29896692,29896692,32,99,0,166,166,2.0,2,1
326,29896694,29896694,229,59,1,205,205,52.0,1,1
327,29896698,29896698,185,172,1,46,46,20.0,2,1
328,29896717,29896717,35,106,0,25,25,41.0,1,1
329,29896718,29896718,185,89,1,70,70,58.0,1,1
330,29896718,29896718,132,134,0,173,173,5.0,3,1
331,29896722,29896722,184,109,0,30,30,1.0,1,1
332,29896739,29896739,186,172,1,46,46,13.0,2,1
333,29896739,29896739,30,98,0,166,166,9.0,2,1
334,29896741,29896741,234,121,1,217,217,16.0,2,1
335,29896747,29896747,35,119,1,417,417,58.0,1,1
336,29896748,29896748,175,102,0,29,29,1.0,2,1
337,29896749,29896749,23,97,0,72,72,10.0,2,1
338,29896749,29896749,92,0,0,-1,-1,nan,0,0
339,29896753,29896753,184,90,1,77,77,45.0,1,1
340,29896757,29896757,172,33,1,109,109,1.0,3,1
341,29896758,29896758,135,75,1,20,20,4.0,4,1
342,29896767,29896767,20,105,1,24,24,2.0,2,1
343,29896769,29896769,191,90,1,78,78,40.0,1,1
344,29896770,29896770,178,105,0,29,29,13.0,2,1
345,29896777,29896777,70,21,1,50,50,2.0,1,1
346,29896778,29896778,233,64,1,205,205,5.0,3,1
347,29896779,29896779,227,61,1,-1,-1,nan,0,0
348,29896779,29896779,169,49,0,155,155,5.0,3,1
349,29896788,29896788,21,100,0,24,24,16.0,2,1
350,29896795,29896795,193,98,0,78,78,4.0,2,1
351,29896795,29896795,220,135,0,-1,-1,nan,0,0
352,29896795,29896795,78,25,0,2,2,4.0,2,1
353,29896800,29896800,193,96,1,78,78,0.0,1,1
354,29896800,29896800,158,127,1,37,37,10.0,2,1
355,29896810,29896810,132,135,0,173,173,2.0,3,1
356,29896811,29896811,74,33,0,144,144,29.0,1,1
357,29896816,29896816,26,97,0,72,72,1.0,2,1
358,29896826,29896826,227,60,1,-1,-1,nan,0,0
359,29896826,29896826,230,134,0,39,39,40.0,2,1
360,29896835,29896835,183,109,0,30,30,0.0,1,1
361,29896837,29896837,157,44,0,61,61,2.0,3,1
362,29896837,29896837,117,121,0,75,75,10.0,1,1
363,29896839,29896839,230,131,0,39,39,13.0,1,1
364,29896842,29896842,158,138,0,85,85,1.0,3,1
365,29896850,29896850,138,123,1,324,324,13.0,1,1
366,29896851,29896851,77,33,0,144,144,26.0,2,1
367,29896851,29896851,222,143,0,-1,-1,nan,0,0
368,29896852,29896852,189,179,1,46,46,25.0,1,1
369,29896856,29896856,133,135,0,173,173,1.0,3,1
370,29896856,29896856,232,67,0,118,118,5.0,3,1
371,29896857,29896857,234,141,0,87,87,1.0,2,1
372,29896857,29896857,231,137,0,87,87,20.0,2,1
373,29896865,29896865,116,131,0,35,35,2.0,1,1
374,29896866,29896866,76,44,1,58,58,10.0,1,1
375,29896866,29896866,171,44,0,275,275,4.0,5,1
376,29896867,29896867,188,108,0,125,125,18.0,2,1
377,29896869,29896869,221,134,1,-1,-1,nan,0,0
378,29896872,29896872,228,77,0,23,23,2.0,1,1
379,29896872,29896872,142,135,0,130,130,10.0,1,1
380,29896875,29896875,235,141,1,87,87,4.0,2,1
381,29896877,29896877,163,36,1,237,237,8.0,3,1
382,29896881,29896881,188,174,1,46,46,1.0,2,1
383,29896882,29896882,182,92,1,77,77,17.0,1,1
384,29896883,29896883,115,128,0,35,35,16.0,1,1
385,29896885,29896885,238,135,1,176,176,0.0,2,1
386,29896898,29896898,228,75,0,23,23,2.0,3,1
387,29896903,29896903,170,48,0,275,275,5.0,3,1
388,29896905,29896905,34,103,0,166,166,26.0,1,1
389,29896907,29896907,181,92,1,77,77,10.0,1,1
390,29896908,29896908,27,95,0,72,72,2.0,3,1
391,29896908,29896908,193,94,1,78,78,4.0,1,1
392,29896917,29896917,32,107,0,-1,-1,nan,0,0
393,29896918,29896918,116,125,0,75,75,49.0,2,1
394,29896926,29896926,166,47,1,344,344,8.0,3,1
395,29896926,29896926,117,124,0,75,75,37.0,1,1
396,29896934,29896934,115,126,0,35,35,36.0,1,1
397,29896949,29896949,231,139,0,87,87,8.0,1,1
398,29896959,29896959,238,136,1,176,176,1.0,2,1
399,29896963,29896963,28,96,0,72,72,4.0,3,1
400,29896964,29896964,173,37,0,310,310,4.0,3,1
401,29896964,29896964,73,32,0,144,144,25.0,1,1
402,29896965,29896965,101,81,0,-1,-1,nan,0,0
403,29896965,29896965,229,122,1,217,217,2.0,2,1
404,29896969,29896969,232,137,0,87,87,17.0,2,1
405,29896970,29896970,24,98,0,72,72,8.0,2,1
406,29896970,29896970,186,89,1,70,70,53.0,1,1
407,29896975,29896975,190,94,1,78,78,13.0,1,1
408,29896983,29896983,116,132,0,35,35,1.0,1,1
409,29896985,29896985,178,45,0,197,197,2.0,4,1
410,29896994,29896994,74,31,0,144,144,13.0,1,1
411,29896996,29896996,230,123,1,217,217,4.0,2,1
412,29896996,29896996,237,131,1,176,176,17.0,1,1
413,29897001,29897001,231,119,1,217,217,5.0,1,1
414,29897011,29897011,145,124,1,357,357,10.0,2,1
415,29897014,29897014,183,90,1,77,77,34.0,1,1
416,29897017,29897017,24,107,1,165,165,17.0,2,1
417,29897017,29897017,170,46,0,275,275,1.0,5,1
418,29897025,29897025,81,37,0,10,10,5.0,1,1
419,29897026,29897026,191,95,1,78,78,5.0,1,1
420,29897031,29897031,97,6,0,-1,-1,nan,0,0
421,29897031,29897031,79,23,0,2,2,1.0,2,1
422,29897032,29897032,115,130,0,35,35,4.0,1,1
423,29897034,29897034,116,133,0,35,35,2.0,1,1
424,29897035,29897035,27,97,0,72,72,2.0,2,1
425,29897035,29897035,30,97,0,166,166,10.0,3,1
426,29897037,29897037,149,137,0,254,254,5.0,2,1
427,29897058,29897058,228,125,1,39,39,9.0,2,1
428,29897058,29897058,40,111,1,25,25,1.0,1,1
429,29897060,29897060,236,68,0,71,71,0.0,3,1
430,29897061,29897061,81,35,0,10,10,13.0,1,1
431,29897068,29897068,134,134,0,173,173,5.0,3,1
432,29897068,29897068,96,5,0,-1,-1,nan,0,0
433,29897070,29897070,187,108,0,30,30,17.0,2,1
434,29897070,29897070,226,57,1,-1,-1,nan,0,0
435,29897078,29897078,159,44,0,61,61,2.0,3,1
436,29897081,29897081,98,85,0,67,67,13.0,1,1
437,29897082,29897082,38,114,1,25,25,10.0,1,1
438,29897083,29897083,235,122,1,133,133,10.0,2,1
439,29897089,29897089,21,103,0,24,24,1.0,1,1
440,29897089,29897089,230,129,0,39,39,5.0,1,1
441,29897093,29897093,123,133,0,36,36,20.0,1,1
442,29897099,29897099,117,1,0,3,3,1.0,2,1
443,29897107,29897107,174,35,0,109,109,5.0,3,1
444,29897108,29897108,237,133,1,176,176,5.0,1,1
445,29897109,29897109,26,113,1,165,165,5.0,2,1
446,29897118,29897118,163,44,0,344,344,2.0,3,1
447,29897119,29897119,29,117,1,250,250,40.0,3,1
448,29897134,29897134,238,138,1,176,176,9.0,2,1
449,29897137,29897137,176,44,0,197,197,1.0,4,1
450,29897139,29897139,234,61,1,205,205,5.0,2,1
451,29897150,29897150,230,128,1,39,39,4.0,2,1
452,29897152,29897152,115,131,0,35,35,1.0,1,1
453,29897154,29897154,172,178,0,45,45,0.0,2,1
454,29897166,29897166,160,41,1,61,61,8.0,3,1
455,29897166,29897166,233,136,0,87,87,25.0,2,1
456,29897168,29897168,174,34,0,109,109,2.0,3,1
457,29897184,29897184,184,173,1,46,46,26.0,2,1
458,29897190,29897190,171,33,1,109,109,4.0,3,1
459,29897192,29897192,171,179,0,45,45,2.0,2,1
460,29897197,29897197,140,135,0,130,130,2.0,2,1
461,29897197,29897197,152,138,0,254,254,1.0,3,1
462,29897199,29897199,188,176,1,46,46,5.0,1,1
463,29897207,29897207,136,134,0,130,130,13.0,2,1
464,29897209,29897209,115,129,0,35,35,9.0,1,1
465,29897211,29897211,236,127,1,133,133,20.0,1,1
466,29897214,29897214,69,22,1,50,50,8.0,1,1
467,29897217,29897217,36,116,1,25,25,34.0,1,1
468,29897225,29897225,142,136,0,130,130,9.0,1,1
469,29897228,29897228,116,120,0,75,75,4.0,1,1
470,29897230,29897230,66,5,0,98,98,10.0,1,1
471,29897230,29897230,152,126,1,357,357,25.0,1,1
472,29897231,29897231,169,51,1,155,155,1.0,3,1
473,29897232,29897232,67,39,1,106,106,52.0,1,1
474,29897232,29897232,219,131,0,256,256,50.0,1,1
475,29897233,29897233,190,92,1,78,78,25.0,1,1
476,29897238,29897238,158,41,1,61,61,4.0,3,1
477,29897240,29897240,35,116,1,25,25,41.0,1,1
478,29897253,29897253,173,36,0,109,109,9.0,3,1
479,29897255,29897255,159,139,0,85,85,1.0,3,1
480,29897257,29897257,228,129,0,39,39,1.0,1,1
481,29897258,29897258,75,21,0,2,2,13.0,3,1
482,29897261,29897261,135,122,1,324,324,37.0,2,1
483,29897267,29897267,69,40,1,-1,-1,nan,0,0
484,29897267,29897267,64,30,1,106,106,34.0,2,1
485,29897268,29897268,23,99,0,72,72,18.0,2,1
486,29897271,29897271,102,80,0,-1,-1,nan,0,0
487,29897282,29897282,112,2,1,3,3,17.0,1,1
488,29897284,29897284,71,40,1,-1,-1,nan,0,0
489,29897284,29897284,146,125,1,357,357,8.0,2,1
490,29897289,29897289,174,26,1,369,369,8.0,2,1
491,29897291,29897291,154,139,0,254,254,10.0,2,1
492,29897300,29897300,116,130,0,35,35,5.0,1,1
493,29897300,29897300,147,137,0,254,254,17.0,2,1
494,29897302,29897302,174,41,1,310,310,5.0,3,1
495,29897310,29897310,28,113,1,165,165,13.0,2,1
496,29897310,29897310,174,42,0,310,310,10.0,3,1
497,29897310,29897310,35,109,0,25,25,20.0,1,1
498,29897320,29897320,157,138,0,85,85,4.0,3,1
499,29897324,29897324,38,110,0,25,25,2.0,1,1
500,29897325,29897325,75,20,0,50,50,16.0,2,1
501,29897325,29897325,117,125,0,75,75,50.0,2,1
502,29897325,29897325,127,133,0,36,36,4.0,2,1
503,29897327,29897327,20,103,0,24,24,2.0,1,1
504,29897327,29897327,77,26,0,144,144,5.0,2,1
505,29897330,29897330,218,127,0,256,256,9.0,1,1
506,29897333,29897333,172,39,0,310,310,1.0,5,1
507,29897334,29897334,139,135,0,130,130,1.0,2,1
508,29897336,29897336,225,72,0,164,164,5.0,3,1
509,29897336,29897336,159,126,1,37,37,4.0,3,1
510,29897338,29897338,40,113,1,25,25,5.0,1,1
511,29897341,29897341,185,109,0,30,30,4.0,2,1
512,29897343,29897343,235,69,0,71,71,2.0,3,1
513,29897345,29897345,224,66,1,164,164,16.0,2,1
514,29897361,29897361,231,118,1,217,217,10.0,1,1
515,29897370,29897370,189,176,1,46,46,4.0,2,1
516,29897371,29897371,227,76,0,23,23,4.0,2,1
517,29897380,29897380,78,36,0,10,10,29.0,1,1
518,29897381,29897381,93,1,0,-1,-1,nan,0,0
519,29897382,29897382,29,115,1,165,165,32.0,2,1
520,29897387,29897387,32,100,0,166,166,5.0,2,1
521,29897387,29897387,230,72,0,118,118,10.0,4,1
522,29897397,29897397,9,105,0,119,119,1.0,3,1
523,29897397,29897397,82,36,0,10,10,5.0,1,1
524,29897397,29897397,117,132,0,35,35,4.0,1,1
525,29897400,29897400,170,31,1,109,109,13.0,3,1
526,29897403,29897403,114,77,0,19,19,5.0,1,1
527,29897408,29897408,186,90,1,-1,-1,nan,0,0
528,29897413,29897413,230,77,0,23,23,2.0,1,1
529,29897416,29897416,236,69,0,71,71,1.0,3,1
530,29897418,29897418,108,0,1,-1,-1,nan,0,0
531,29897420,29897420,27,96,0,72,72,1.0,2,1
532,29897420,29897420,30,96,0,166,166,13.0,3,1
533,29897421,29897421,122,133,0,36,36,29.0,2,1
534,29897423,29897423,33,102,0,166,166,16.0,1,1
535,29897427,29897427,144,137,0,130,130,26.0,3,1
536,29897430,29897430,76,43,1,58,58,13.0,1,1
537,29897432,29897432,71,30,0,144,144,29.0,1,1
538,29897437,29897437,62,35,1,106,106,1.0,2,1
539,29897437,29897437,128,134,0,36,36,2.0,2,1
540,29897439,29897439,66,38,1,106,106,34.0,1,1
541,29897444,29897444,135,135,0,173,173,5.0,2,1
542,29897446,29897446,234,69,0,71,71,5.0,3,1
543,29897447,29897447,227,74,1,23,23,8.0,3,1
544,29897462,29897462,159,137,1,85,85,1.0,2,1
545,29897463,29897463,36,107,0,25,25,25.0,1,1
546,29897466,29897466,177,103,0,29,29,4.0,2,1
547,29897467,29897467,160,32,1,13,13,1.0,4,1
548,29897469,29897469,62,36,1,106,106,2.0,2,1
549,29897472,29897472,170,45,0,275,275,2.0,5,1
550,29897474,29897474,180,172,1,139,139,5.0,1,1
551,29897475,29897475,138,136,0,130,130,1.0,3,1
552,29897480,29897480,231,134,0,39,39,45.0,3,1
553,29897480,29897480,113,76,0,19,19,1.0,1,1
554,29897483,29897483,23,106,1,24,24,8.0,2,1
555,29897488,29897488,164,123,1,37,37,18.0,2,1
556,29897493,29897493,25,97,0,72,72,2.0,1,1
557,29897493,29897493,232,135,0,176,176,36.0,2,1
558,29897503,29897503,25,103,0,24,24,17.0,2,1
559,29897503,29897503,151,123,1,357,357,9.0,1,1
560,29897505,29897505,226,63,1,164,164,53.0,2,1
561,29897513,29897513,232,134,0,176,176,37.0,3,1
562,29897514,29897514,179,105,0,29,29,20.0,2,1
563,29897521,29897521,78,22,0,2,2,1.0,3,1
564,29897523,29897523,73,19,0,50,50,5.0,2,1
565,29897531,29897531,37,108,0,25,25,13.0,1,1
566,29897533,29897533,73,30,0,144,144,13.0,1,1
567,29897536,29897536,30,116,1,165,165,50.0,2,1
568,29897536,29897536,236,141,0,87,87,9.0,2,1
569,29897544,29897544,60,37,1,106,106,5.0,2,1
570,29897545,29897545,126,134,0,36,36,2.0,2,1
571,29897554,29897554,74,32,0,144,144,20.0,1,1
572,29897562,29897562,230,132,0,39,39,20.0,1,1
573,29897567,29897567,172,179,0,45,45,1.0,1,1
574,29897569,29897569,37,113,1,25,25,8.0,1,1
575,29897570,29897570,231,141,0,87,87,4.0,1,1
576,29897575,29897575,65,37,1,106,106,20.0,1,1
577,29897580,29897580,157,43,1,61,61,1.0,3,1
578,29897581,29897581,231,140,0,87,87,5.0,1,1
579,29897582,29897582,186,108,0,30,30,10.0,2,1
580,29897587,29897587,23,98,0,72,72,13.0,2,1
581,29897591,29897591,160,135,1,85,85,10.0,2,1
582,29897595,29897595,80,36,0,10,10,13.0,1,1
583,29897596,29897596,24,97,0,72,72,5.0,2,1
584,29897598,29897598,173,45,0,275,275,5.0,4,1
585,29897600,29897600,115,121,0,75,75,10.0,1,1
586,29897608,29897608,186,173,1,46,46,10.0,1,1
587,29897609,29897609,30,100,0,166,166,13.0,2,1
588,29897612,29897612,162,33,1,13,13,2.0,4,1
589,29897613,29897613,156,126,1,37,37,25.0,2,1
590,29897614,29897614,192,171,1,224,224,5.0,3,1
591,29897619,29897619,178,107,0,29,29,25.0,2,1
592,29897624,29897624,31,102,0,166,166,20.0,2,1
593,29897626,29897626,72,42,1,58,58,58.0,1,1
594,29897627,29897627,231,138,0,87,87,13.0,2,1
595,29897636,29897636,230,68,0,118,118,2.0,4,1
596,29897642,29897642,192,101,0,125,125,17.0,2,1
597,29897645,29897645,192,96,1,78,78,1.0,1,1
598,29897647,29897647,231,133,0,39,39,34.0,2,1
599,29897653,29897653,187,175,1,46,46,5.0,1,1
600,29897653,29897653,161,38,1,237,237,0.0,5,1
601,29897659,29897659,151,124,1,357,357,10.0,1,1
602,29897664,29897664,39,113,1,25,25,4.0,1,1
603,29897670,29897670,148,124,1,357,357,1.0,2,1
604,29897677,29897677,238,124,0,133,133,1.0,1,1
605,29897678,29897678,192,102,0,125,125,10.0,2,1
606,29897681,29897681,83,39,0,10,10,1.0,2,1
607,29897684,29897684,28,114,1,165,165,18.0,2,1
608,29897685,29897685,146,123,1,357,357,4.0,2,1
609,29897689,29897689,229,75,0,23,23,1.0,3,1
610,29897691,29897691,160,40,1,237,237,5.0,3,1
611,29897698,29897698,181,108,0,30,30,5.0,2,1
612,29897710,29897710,189,174,1,46,46,0.0,3,1
613,29897713,29897713,174,33,0,109,109,1.0,3,1
614,29897714,29897714,229,70,0,118,118,5.0,4,1
615,29897714,29897714,179,172,1,139,139,2.0,2,1
616,29897717,29897717,39,108,0,25,25,9.0,1,1
617,29897720,29897720,191,105,0,125,125,0.0,1,1
618,29897721,29897721,161,129,1,37,37,9.0,3,1
619,29897721,29897721,113,77,0,19,19,4.0,1,1
620,29897722,29897722,93,89,1,67,67,8.0,2,1
621,29897736,29897736,224,65,1,164,164,25.0,1,1
622,29897747,29897747,182,108,0,30,30,2.0,1,1
623,29897747,29897747,129,134,0,36,36,5.0,2,1
624,29897748,29897748,26,109,1,165,165,5.0,2,1
625,29897748,29897748,138,135,0,130,130,2.0,2,1
626,29897756,29897756,177,45,1,197,197,1.0,4,1
627,29897775,29897775,175,103,0,29,29,0.0,2,1
628,29897775,29897775,82,40,0,10,10,5.0,2,1
629,29897783,29897783,187,173,1,46,46,5.0,2,1
630,29897784,29897784,78,34,0,144,144,40.0,2,1
631,29897787,29897787,181,107,0,30,30,8.0,2,1
632,29897792,29897792,79,34,0,10,10,32.0,2,1
633,29897793,29897793,166,46,1,344,344,5.0,3,1
634,29897797,29897797,144,136,0,130,130,25.0,2,1
635,29897798,29897798,230,135,0,87,87,45.0,2,1
636,29897799,29897799,82,37,0,10,10,2.0,1,1
637,29897819,29897819,126,133,0,36,36,5.0,2,1
638,29897823,29897823,236,67,0,71,71,1.0,3,1
639,29897827,29897827,24,96,0,72,72,4.0,1,1
640,29897830,29897830,231,60,1,205,205,25.0,1,1
641,29897839,29897839,19,103,0,24,24,5.0,2,1
642,29897839,29897839,175,178,0,45,45,9.0,2,1
643,29897840,29897840,24,106,1,24,24,13.0,2,1
644,29897845,29897845,77,22,0,2,2,2.0,3,1
645,29897849,29897849,234,68,0,71,71,4.0,3,1
646,29897850,29897850,105,93,1,-1,-1,nan,0,0
647,29897852,29897852,185,174,1,46,46,16.0,2,1
648,29897853,29897853,96,84,0,67,67,10.0,1,1
649,29897866,29897866,219,132,0,-1,-1,nan,0,0
650,29897869,29897869,65,29,1,106,106,52.0,2,1
651,29897871,29897871,145,137,0,130,130,37.0,3,1
652,29897878,29897878,231,131,0,39,39,18.0,1,1
653,29897878,29897878,170,43,0,275,275,10.0,4,1
654,29897881,29897881,137,135,0,130,130,5.0,2,1
655,29897883,29897883,82,41,0,10,10,10.0,2,1
656,29897884,29897884,181,173,1,139,139,9.0,1,1
657,29897888,29897888,26,95,0,72,72,1.0,3,1
658,29897891,29897891,231,132,0,39,39,25.0,2,1
659,29897907,29897907,233,142,0,87,87,1.0,1,1
660,29897909,29897909,228,76,0,23,23,1.0,3,1
661,29897909,29897909,180,106,0,30,30,18.0,2,1
662,29897912,29897912,37,115,1,25,25,20.0,1,1
663,29897917,29897917,35,110,0,25,25,17.0,1,1
664,29897917,29897917,182,172,1,139,139,17.0,2,1
665,29897917,29897917,183,172,1,139,139,26.0,2,1
666,29897917,29897917,186,109,0,30,30,9.0,2,1
667,29897922,29897922,33,105,0,166,166,49.0,1,1
668,29897924,29897924,233,61,1,205,205,8.0,2,1
669,29897931,29897931,173,38,0,310,310,1.0,4,1
670,29897932,29897932,115,1,0,3,3,1.0,2,1
671,29897936,29897936,180,108,0,30,30,10.0,2,1
672,29897946,29897946,147,125,1,357,357,5.0,2,1
673,29897953,29897953,158,126,1,37,37,9.0,2,1
674,29897956,29897956,67,38,1,106,106,45.0,1,1
675,29897961,29897961,229,60,1,205,205,45.0,1,1
676,29897962,29897962,168,36,1,376,376,2.0,4,1
677,29897964,29897964,32,106,0,-1,-1,nan,0,0
678,29897967,29897967,238,140,0,176,176,25.0,2,1
679,29897968,29897968,77,24,0,2,2,2.0,3,1
680,29897971,29897971,236,122,1,133,133,5.0,2,1
681,29897973,29897973,161,35,1,13,13,9.0,3,1
682,29897973,29897973,228,61,1,205,205,53.0,1,1
683,29897974,29897974,231,58,1,205,205,41.0,1,1
684,29897976,29897976,232,121,1,217,217,4.0,2,1
685,29897978,29897978,234,62,1,205,205,2.0,3,1
686,29897984,29897984,233,67,0,118,118,8.0,3,1
687,29897987,29897987,72,32,0,144,144,32.0,1,1
688,29897988,29897988,21,102,0,24,24,4.0,2,1
689,29897988,29897988,77,25,0,2,2,5.0,3,1
690,29897993,29897993,21,101,0,24,24,9.0,2,1
691,29897998,29897998,170,47,0,275,275,2.0,4,1
692,29898015,29898015,228,128,0,39,39,0.0,2,1
693,29898015,29898015,169,35,1,376,376,4.0,3,1
694,29898023,29898023,154,137,0,254,254,10.0,2,1
695,29898027,29898027,230,60,1,205,205,34.0,1,1
696,29898029,29898029,156,127,1,37,37,26.0,2,1
697,29898034,29898034,235,121,1,133,133,13.0,2,1
698,29898036,29898036,36,118,1,417,417,52.0,2,1
699,29898036,29898036,116,128,0,35,35,17.0,1,1
700,29898038,29898038,20,101,0,24,24,10.0,3,1
701,29898041,29898041,66,27,1,-1,-1,nan,0,0
702,29898046,29898046,120,133,0,35,35,26.0,2,1
703,29898056,29898056,32,118,1,250,250,50.0,1,1
704,29898058,29898058,46,36,0,9,9,5.0,3,1
705,29898058,29898058,218,126,0,256,256,4.0,1,1
706,29898059,29898059,74,20,0,50,50,9.0,2,1
707,29898059,29898059,150,138,0,254,254,1.0,2,1
708,29898066,29898066,148,137,0,254,254,10.0,2,1
709,29898066,29898066,28,95,0,72,72,5.0,4,1
710,29898067,29898067,109,1,1,3,3,49.0,1,1
711,29898067,29898067,100,83,0,67,67,41.0,1,1
712,29898069,29898069,74,30,0,144,144,8.0,1,1
713,29898072,29898072,68,24,1,50,50,25.0,1,1
714,29898077,29898077,24,79,0,16,16,2.0,4,1
715,29898084,29898084,156,139,0,85,85,10.0,2,1
716,29898087,29898087,154,138,0,254,254,9.0,2,1
717,29898090,29898090,168,34,1,376,376,2.0,4,1
718,29898096,29898096,116,93,1,27,27,20.0,1,1
719,29898097,29898097,71,41,1,-1,-1,nan,0,0
720,29898099,29898099,237,134,1,176,176,2.0,1,1
721,29898108,29898108,236,128,1,133,133,29.0,2,1
722,29898120,29898120,61,35,1,106,106,0.0,2,1
723,29898131,29898131,182,91,1,77,77,20.0,1,1
724,29898135,29898135,64,36,1,106,106,10.0,1,1
725,29898136,29898136,84,38,0,10,10,1.0,1,1
726,29898137,29898137,133,121,1,384,384,34.0,1,1
727,29898141,29898141,28,129,1,81,81,26.0,3,1
728,29898142,29898142,83,37,0,10,10,1.0,1,1
729,29898143,29898143,238,123,1,133,133,0.0,1,1
730,29898143,29898143,38,108,0,25,25,10.0,1,1
731,29898144,29898144,230,74,0,23,23,5.0,3,1
732,29898144,29898144,35,105,0,25,25,52.0,2,1
733,29898146,29898146,220,136,1,-1,-1,nan,0,0
734,29898146,29898146,221,140,0,-1,-1,nan,0,0
735,29898147,29898147,172,45,0,275,275,2.0,4,1
736,29898147,29898147,64,37,1,106,106,13.0,1,1
737,29898148,29898148,153,126,1,357,357,34.0,1,1
738,29898148,29898148,236,126,1,133,133,13.0,2,1
739,29898149,29898149,156,124,1,37,37,29.0,1,1
740,29898154,29898154,178,92,1,77,77,1.0,3,1
741,29898164,29898164,160,44,0,61,61,5.0,3,1
742,29898166,29898166,161,131,1,215,215,1.0,4,1
743,29898168,29898168,170,49,0,155,155,8.0,3,1
744,29898169,29898169,230,130,1,39,39,8.0,1,1
745,29898174,29898174,158,42,1,61,61,1.0,3,1
746,29898177,29898177,237,140,0,87,87,17.0,2,1
747,29898177,29898177,70,41,1,-1,-1,nan,0,0
748,29898178,29898178,75,30,0,144,144,5.0,2,1
749,29898178,29898178,116,122,0,75,75,16.0,1,1
750,29898189,29898189,39,112,1,25,25,1.0,1,1
751,29898190,29898190,132,121,1,384,384,29.0,1,1
752,29898193,29898193,75,32,0,144,144,17.0,1,1
753,29898198,29898198,228,60,1,205,205,58.0,1,1
754,29898203,29898203,158,139,0,85,85,2.0,3,1
755,29898204,29898204,144,123,1,324,324,13.0,2,1
756,29898204,29898204,236,123,1,133,133,4.0,2,1
757,29898211,29898211,180,109,0,30,30,9.0,2,1
758,29898215,29898215,187,172,1,46,46,8.0,2,1
759,29898216,29898216,162,40,1,237,237,5.0,4,1
760,29898224,29898224,22,99,0,72,72,25.0,2,1
761,29898225,29898225,117,0,0,3,3,2.0,2,1
762,29898231,29898231,187,107,0,30,30,20.0,2,1
763,29898242,29898242,158,44,0,61,61,1.0,3,1
764,29898256,29898256,188,173,1,46,46,2.0,2,1
765,29898257,29898257,74,43,1,58,58,29.0,1,1
766,29898257,29898257,161,43,0,61,61,9.0,3,1
767,29898260,29898260,34,117,1,25,25,61.0,1,1
768,29898261,29898261,179,108,0,30,30,17.0,2,1
769,29898262,29898262,79,35,0,10,10,25.0,2,1
770,29898265,29898265,171,34,1,109,109,5.0,3,1
771,29898267,29898267,237,139,0,176,176,17.0,2,1
772,29898267,29898267,33,103,0,166,166,25.0,1,1
773,29898267,29898267,192,94,1,78,78,5.0,1,1
774,29898269,29898269,229,130,0,39,39,5.0,1,1
775,29898274,29898274,149,124,1,357,357,2.0,1,1
776,29898277,29898277,72,20,0,50,50,1.0,2,1
777,29898283,29898283,157,126,1,37,37,16.0,2,1
778,29898293,29898293,189,107,0,125,125,8.0,2,1
779,29898302,29898302,73,41,1,58,58,52.0,1,1
780,29898319,29898319,116,1,0,3,3,0.0,2,1
781,29898324,29898324,233,121,1,217,217,9.0,2,1
782,29898327,29898327,226,130,0,39,39,8.0,1,1
783,29898332,29898332,109,0,1,3,3,50.0,1,1
784,29898337,29898337,22,79,0,16,16,2.0,5,1
785,29898338,29898338,231,142,0,87,87,5.0,1,1
786,29898339,29898339,38,109,0,25,25,5.0,1,1
787,29898342,29898342,189,106,0,125,125,5.0,2,1
788,29898343,29898343,176,43,0,197,197,2.0,4,1
789,29898347,29898347,161,41,1,237,237,9.0,3,1
790,29898350,29898350,163,39,1,237,237,5.0,5,1
791,29898362,29898362,162,42,0,344,344,13.0,3,1
792,29898381,29898381,174,45,0,197,197,10.0,3,1
793,29898383,29898383,188,177,1,46,46,10.0,1,1
794,29898385,29898385,229,128,1,39,39,1.0,2,1
795,29898386,29898386,189,178,1,46,46,16.0,1,1
796,29898386,29898386,231,121,1,217,217,1.0,3,1
797,29898386,29898386,189,177,1,46,46,9.0,1,1
798,29898394,29898394,230,75,0,23,23,2.0,3,1
799,29898398,29898398,234,142,0,87,87,2.0,1,1
800,29898401,29898401,116,124,0,75,75,36.0,1,1
801,29898413,29898413,27,112,1,165,165,5.0,2,1
802,29898413,29898413,194,94,1,78,78,5.0,1,1
803,29898416,29898416,226,61,1,-1,-1,nan,0,0
804,29898419,29898419,76,22,0,2,2,5.0,3,1
805,29898422,29898422,138,122,1,324,324,10.0,1,1
806,29898427,29898427,127,134,0,36,36,1.0,2,1
807,29898427,29898427,62,34,1,106,106,2.0,1,1
808,29898430,29898430,235,63,1,205,205,0.0,3,1
809,29898435,29898435,192,100,0,78,78,17.0,2,1
810,29898445,29898445,235,68,0,71,71,1.0,3,1
811,29898445,29898445,163,43,0,344,344,5.0,3,1
812,29898446,29898446,146,136,0,254,254,29.0,2,1
813,29898447,29898447,35,118,1,-1,-1,nan,0,0
814,29898452,29898452,184,172,1,46,46,29.0,2,1
815,29898457,29898457,153,125,1,357,357,29.0,1,1
816,29898462,29898462,230,127,0,39,39,5.0,2,1
817,29898462,29898462,164,38,1,237,237,9.0,5,1
818,29898468,29898468,22,100,0,24,24,17.0,2,1
819,29898475,29898475,163,134,1,215,215,8.0,3,1
820,29898482,29898482,110,1,1,3,3,36.0,1,1
821,29898482,29898482,224,68,1,164,164,4.0,2,1
822,29898488,29898488,160,31,1,13,13,2.0,3,1
823,29898488,29898488,173,179,0,45,45,2.0,2,1
824,29898489,29898489,97,88,1,67,67,5.0,1,1
825,29898499,29898499,94,2,0,-1,-1,nan,0,0
826,29898502,29898502,230,122,1,217,217,1.0,2,1
827,29898506,29898506,187,174,1,46,46,4.0,2,1
828,29898508,29898508,75,28,0,144,144,1.0,2,1
829,29898509,29898509,180,173,1,139,139,4.0,1,1
830,29898509,29898509,94,88,1,67,67,2.0,1,1
831,29898511,29898511,160,123,1,37,37,10.0,2,1
832,29898512,29898512,191,93,1,78,78,13.0,1,1
833,29898514,29898514,186,174,1,46,46,9.0,1,1
834,29898516,29898516,116,127,0,35,35,26.0,1,1
835,29898516,29898516,159,127,1,37,37,5.0,3,1
836,29898517,29898517,159,135,1,85,85,9.0,2,1
837,29898517,29898517,163,135,1,215,215,13.0,2,1
838,29898517,29898517,162,131,1,215,215,2.0,4,1
839,29898518,29898518,221,130,1,256,256,45.0,2,1
840,29898518,29898518,232,142,0,87,87,2.0,1,1
841,29898519,29898519,238,137,1,176,176,4.0,2,1
842,29898519,29898519,233,60,1,205,205,13.0,1,1
843,29898519,29898519,225,63,1,164,164,50.0,1,1
844,29898519,29898519,155,41,1,61,61,13.0,3,1
845,29898519,29898519,70,40,1,-1,-1,nan,0,0
846,29898520,29898520,75,42,1,58,58,25.0,1,1
847,29898520,29898520,75,44,1,58,58,17.0,1,1
848,29898520,29898520,70,39,1,-1,-1,nan,0,0
849,29898522,29898522,161,32,1,13,13,0.0,4,1
850,29898522,29898522,134,123,1,324,324,53.0,1,1
851,29898522,29898522,135,123,1,324,324,40.0,1,1
852,29898522,29898522,147,123,1,357,357,1.0,2,1
853,29898523,29898523,136,122,1,324,324,26.0,1,1
854,29898523,29898523,126,120,1,384,384,32.0,1,1
855,29898524,29898524,154,126,1,357,357,45.0,2,1
856,29898524,29898524,220,125,1,256,256,5.0,1,1
857,29898524,29898524,188,88,1,70,70,36.0,1,1
858,29898524,29898524,223,66,1,164,164,17.0,1,1
859,29898529,29898529,179,171,1,139,139,5.0,2,1
860,29898529,29898529,67,26,1,50,50,52.0,1,1
861,29898530,29898530,159,42,1,61,61,2.0,3,1
862,29898530,29898530,225,65,1,164,164,26.0,2,1
863,29898532,29898532,188,92,1,78,78,41.0,1,1
864,29898533,29898533,227,127,1,39,39,2.0,2,1
865,29898534,29898534,32,130,1,81,81,1.0,2,1
866,29898535,29898535,96,90,1,67,67,10.0,1,1
867,29898537,29898537,132,122,1,384,384,40.0,1,1
868,29898540,29898540,232,120,1,217,217,5.0,2,1
869,29898540,29898540,227,62,1,-1,-1,nan,0,0
870,29898540,29898540,23,105,1,24,24,5.0,2,1
871,29898545,29898545,189,171,1,46,46,9.0,4,1
872,29898547,29898547,92,2,1,-1,-1,nan,0,0
873,29898547,29898547,62,38,1,106,106,10.0,2,1
874,29898547,29898547,68,39,1,-1,-1,nan,0,0
875,29898548,29898548,162,126,1,37,37,1.0,3,1
876,29898549,29898549,180,93,1,77,77,4.0,1,1
877,29898550,29898550,36,114,1,25,25,18.0,1,1
878,29898553,29898553,232,60,1,205,205,18.0,1,1
879,29898573,29898573,156,125,1,37,37,26.0,1,1
880,29898583,29898583,136,123,1,324,324,29.0,1,1
881,29898614,29898614,190,107,0,125,125,5.0,2,1
882,29898655,29898655,184,110,0,30,30,2.0,1,1
883,29898661,29898661,72,40,1,-1,-1,nan,0,0
884,29898668,29898668,32,117,1,250,250,61.0,1,1
885,29898676,29898676,232,143,0,87,87,5.0,1,1
886,29898681,29898681,230,73,0,23,23,10.0,4,1
887,29898684,29898684,189,93,1,78,78,25.0,1,1
888,29898689,29898689,231,69,0,118,118,0.0,5,1
889,29898689,29898689,151,138,0,254,254,0.0,2,1
890,29898696,29898696,131,135,1,173,173,5.0,2,1
891,29898703,29898703,134,135,0,173,173,2.0,3,1
892,29898710,29898710,188,107,0,125,125,13.0,2,1
893,29898718,29898718,22,105,1,24,24,2.0,2,1
894,29898725,29898725,171,45,0,275,275,1.0,5,1
895,29898739,29898739,21,104,1,24,24,0.0,1,1
896,29898746,29898746,236,125,0,133,133,8.0,2,1
897,29898755,29898755,73,42,1,58,58,45.0,1,1
898,29898756,29898756,234,121,1,217,217,16.0,2,1
899,29898756,29898756,233,69,0,118,118,4.0,3,1
900,29898765,29898765,36,117,1,25,25,45.0,2,1
901,29898766,29898766,110,0,1,3,3,37.0,1,1
902,29898777,29898777,80,34,0,10,10,25.0,2,1
903,29898777,29898777,179,92,1,77,77,2.0,2,1
904,29898787,29898787,136,135,0,130,130,10.0,2,1
905,29898792,29898792,179,106,0,29,29,25.0,2,1
906,29898796,29898796,71,20,1,50,50,0.0,2,1
907,29898811,29898811,174,36,0,109,109,10.0,3,1
908,29898820,29898820,102,12,0,145,145,1.0,2,1
909,29898827,29898827,148,126,1,357,357,9.0,1,1
910,29898828,29898828,231,135,0,87,87,40.0,3,1
911,29898828,29898828,26,94,0,72,72,4.0,2,1
912,29898830,29898830,77,21,0,2,2,5.0,3,1
913,29898837,29898837,227,77,0,23,23,5.0,2,1
914,29898838,29898838,66,37,1,106,106,29.0,1,1
915,29898844,29898844,30,99,0,166,166,10.0,2,1
916,29898852,29898852,229,129,0,39,39,2.0,1,1
917,29898852,29898852,226,75,0,23,23,10.0,3,1
918,29898852,29898852,76,27,0,144,144,1.0,2,1
919,29898854,29898854,145,123,1,357,357,9.0,2,1
920,29898872,29898872,232,68,0,118,118,2.0,3,1
921,29898880,29898880,27,111,1,165,165,4.0,2,1
922,29898880,29898880,77,34,0,144,144,37.0,2,1
923,29898884,29898884,172,38,0,310,310,2.0,4,1
924,29898887,29898887,235,141,0,87,87,4.0,2,1
925,29898887,29898887,188,175,1,46,46,2.0,2,1
926,29898893,29898893,186,170,1,46,46,25.0,3,1
927,29898895,29898895,176,105,0,29,29,5.0,2,1
928,29898897,29898897,236,129,1,133,133,40.0,2,1
929,29898900,29898900,237,123,1,133,133,1.0,2,1
930,29898902,29898902,232,69,0,118,118,1.0,4,1
931,29898909,29898909,161,33,1,13,13,1.0,4,1
932,29898910,29898910,99,90,1,67,67,25.0,1,1
933,29898914,29898914,226,62,1,-1,-1,nan,0,0
934,29898916,29898916,175,104,0,29,29,1.0,2,1
935,29898944,29898944,162,43,0,344,344,8.0,3,1
936,29898944,29898944,181,109,0,30,30,4.0,1,1
937,29898954,29898954,73,20,0,50,50,4.0,2,1
938,29898959,29898959,231,120,1,217,217,2.0,2,1
939,29898960,29898960,164,37,1,237,237,10.0,3,1
940,29898961,29898961,22,98,0,72,72,20.0,2,1
941,29898970,29898970,169,52,0,155,155,2.0,2,1
942,29898971,29898971,172,37,0,310,310,5.0,3,1
943,29898972,29898972,230,69,0,118,118,1.0,5,1
944,29898976,29898976,114,132,0,35,35,1.0,1,1
945,29898982,29898982,177,106,0,29,29,13.0,2,1
946,29898988,29898988,131,134,0,173,173,8.0,2,1
947,29898993,29898993,232,141,0,87,87,1.0,1,1
948,29899006,29899006,163,40,1,237,237,8.0,4,1
949,29899007,29899007,181,171,1,139,139,13.0,1,1
950,29899013,29899013,180,92,1,77,77,5.0,1,1
951,29899016,29899016,230,133,0,39,39,29.0,1,1
952,29899018,29899018,230,136,0,87,87,34.0,1,1
953,29899026,29899026,114,131,0,35,35,2.0,1,1
954,29899044,29899044,124,133,0,36,36,13.0,1,1
955,29899047,29899047,186,175,1,46,46,10.0,1,1
956,29899048,29899048,189,179,1,46,46,25.0,1,1
957,29899048,29899048,116,126,0,35,35,37.0,1,1
958,29899062,29899062,118,0,0,3,3,5.0,2,1
959,29899064,29899064,22,104,1,24,24,1.0,2,1
960,29899068,29899068,150,126,1,357,357,13.0,1,1
961,29899072,29899072,229,78,0,23,23,4.0,1,1
962,29899075,29899075,74,19,0,50,50,10.0,2,1
963,29899078,29899078,187,91,1,78,78,61.0,1,1
964,29899098,29899098,188,178,1,46,46,17.0,1,1
965,29899108,29899108,190,106,0,125,125,2.0,2,1
966,29899108,29899108,191,106,0,125,125,1.0,1,1
967,29899115,29899115,235,122,1,133,133,10.0,2,1
968,29899116,29899116,137,136,0,130,130,4.0,3,1
969,29899119,29899119,68,38,1,106,106,58.0,1,1
970,29899119,29899119,159,38,1,237,237,4.0,3,1
971,29899121,29899121,153,138,0,254,254,4.0,2,1
972,29899122,29899122,33,101,0,166,166,9.0,1,1
973,29899124,29899124,78,33,0,144,144,29.0,2,1
974,29899126,29899126,83,40,0,10,10,4.0,2,1
975,29899142,29899142,225,67,1,164,164,10.0,2,1
976,29899142,29899142,76,21,0,2,2,8.0,3,1
977,29899144,29899144,65,36,1,106,106,17.0,1,1
978,29899152,29899152,63,31,1,106,106,20.0,2,1
979,29899157,29899157,186,91,1,-1,-1,nan,0,0
980,29899162,29899162,160,134,1,215,215,5.0,2,1
981,29899163,29899163,182,110,0,30,30,2.0,1,1
982,29899163,29899163,231,59,1,205,205,32.0,1,1
983,29899165,29899165,225,66,1,164,164,17.0,2,1
984,29899168,29899168,133,122,1,384,384,45.0,1,1
985,29899171,29899171,82,39,0,10,10,2.0,2,1
986,29899172,29899172,173,44,0,275,275,8.0,3,1
987,29899172,29899172,178,44,1,197,197,1.0,4,1
988,29899176,29899176,145,125,1,357,357,13.0,2,1
989,29899182,29899182,238,132,1,176,176,9.0,1,1
990,29899183,29899183,29,98,0,72,72,13.0,2,1
991,29899183,29899183,169,50,0,155,155,2.0,3,1
992,29899187,29899187,116,2,0,3,3,1.0,2,1
993,29899188,29899188,185,173,1,46,46,17.0,2,1
994,29899194,29899194,38,112,1,25,25,2.0,1,1
995,29899198,29899198,234,122,1,133,133,17.0,2,1
996,29899199,29899199,164,44,0,344,344,1.0,4,1
997,29899199,29899199,157,127,1,37,37,17.0,2,1
998,29899199,29899199,95,3,0,-1,-1,nan,0,0
999,29899204,29899204,29,95,0,72,72,10.0,3,1
1000,29899206,29899206,19,102,0,24,24,8.0,2,1
1001,29899209,29899209,190,94,1,78,78,13.0,1,1
1002,29899214,29899214,171,178,0,45,45,1.0,2,1
1003,29899216,29899216,233,143,0,87,87,4.0,1,1
1004,29899221,29899221,238,139,1,176,176,16.0,2,1
1005,29899224,29899224,73,31,0,144,144,18.0,1,1
1006,29899230,29899230,237,135,1,176,176,1.0,2,1
1007,29899230,29899230,115,76,0,19,19,5.0,1,1
1008,29899230,29899230,229,76,0,23,23,0.0,3,1
1009,29899242,29899242,220,129,1,256,256,29.0,1,1
1010,29899243,29899243,220,137,0,-1,-1,nan,0,0
1011,29899250,29899250,38,113,1,25,25,5.0,1,1
1012,29899259,29899259,155,125,1,37,37,37.0,2,1
1013,29899265,29899265,164,39,1,237,237,10.0,5,1
1014,29899270,29899270,105,92,1,-1,-1,nan,0,0
1015,29899271,29899271,155,139,0,85,85,17.0,2,1
1016,29899276,29899276,39,109,0,25,25,4.0,1,1
1017,29899276,29899276,76,28,0,144,144,0.0,2,1
1018,29899280,29899280,130,121,1,384,384,25.0,1,1
1019,29899281,29899281,36,106,0,25,25,34.0,1,1
1020,29899285,29899285,181,110,0,30,30,5.0,1,1
1021,29899286,29899286,162,35,1,13,13,10.0,3,1
1022,29899290,29899290,115,132,0,35,35,0.0,1,1
1023,29899294,29899294,170,35,1,376,376,9.0,3,1
1024,29899302,29899302,182,174,1,139,139,17.0,2,1
1025,29899302,29899302,156,138,0,85,85,9.0,3,1
1026,29899304,29899304,236,141,0,87,87,9.0,2,1
1027,29899306,29899306,176,94,1,77,77,5.0,2,1
1028,29899306,29899306,177,94,1,77,77,2.0,2,1
1029,29899312,29899312,218,129,0,256,256,25.0,1,1
1030,29899314,29899314,174,32,1,109,109,2.0,3,1
1031,29899317,29899317,176,106,0,29,29,10.0,2,1
1032,29899322,29899322,189,108,0,125,125,13.0,2,1
1033,29899330,29899330,143,123,1,324,324,8.0,2,1
1034,29899333,29899333,191,95,1,78,78,5.0,1,1
1035,29899337,29899337,226,76,0,23,23,9.0,2,1
1036,29899338,29899338,157,139,0,85,85,5.0,2,1
1037,29899342,29899342,33,118,1,250,250,61.0,1,1
1038,29899343,29899343,228,129,0,39,39,1.0,1,1
1039,29899343,29899343,230,78,0,23,23,5.0,1,1
1040,29899343,29899343,143,137,0,130,130,17.0,1,1
1041,29899350,29899350,98,89,1,67,67,13.0,1,1
1042,29899351,29899351,161,44,0,61,61,10.0,3,1
1043,29899351,29899351,221,141,0,-1,-1,nan,0,0
1044,29899357,29899357,73,19,0,50,50,5.0,2,1
1045,29899358,29899358,69,23,1,50,50,13.0,1,1
1046,29899362,29899362,226,64,1,164,164,40.0,2,1
1047,29899363,29899363,116,129,0,35,35,10.0,1,1
1048,29899364,29899364,174,104,0,29,29,2.0,2,1
1049,29899366,29899366,151,126,1,357,357,18.0,1,1
1050,29899366,29899366,150,124,1,357,357,5.0,1,1
1051,29899366,29899366,227,130,0,39,39,5.0,1,1
1052,29899367,29899367,76,32,0,144,144,16.0,1,1
1053,29899367,29899367,25,96,0,72,72,1.0,1,1
1054,29899368,29899368,175,105,0,29,29,4.0,2,1
1055,29899369,29899369,162,36,1,237,237,5.0,3,1
1056,29899369,29899369,165,34,1,376,376,5.0,3,1
1057,29899373,29899373,237,125,0,133,133,5.0,1,1
1058,29899378,29899378,35,108,0,25,25,25.0,1,1
1059,29899378,29899378,35,117,1,25,25,52.0,1,1
1060,29899383,29899383,130,134,0,36,36,10.0,2,1
1061,29899394,29899394,218,128,0,256,256,16.0,1,1
1062,29899399,29899399,75,29,0,144,144,2.0,2,1
1063,29899399,29899399,121,133,0,35,35,37.0,2,1
1064,29899404,29899404,78,45,1,58,58,1.0,1,1
1065,29899404,29899404,143,136,0,130,130,16.0,1,1
1066,29899404,29899404,232,136,0,87,87,26.0,2,1
1067,29899405,29899405,187,176,1,46,46,8.0,1,1
1068,29899405,29899405,141,124,1,324,324,9.0,2,1
1069,29899407,29899407,175,32,0,109,109,5.0,2,1
1070,29899413,29899413,227,61,1,-1,-1,nan,0,0
1071,29899420,29899420,185,90,1,77,77,58.0,1,1
1072,29899420,29899420,182,107,0,30,30,5.0,1,1
1073,29899423,29899423,174,35,0,109,109,5.0,3,1
1074,29899425,29899425,185,110,1,30,30,5.0,2,1
1075,29899427,29899427,31,98,0,166,166,4.0,3,1
1076,29899428,29899428,28,126,1,250,250,10.0,2,1
1077,29899428,29899428,230,137,0,87,87,25.0,1,1
1078,29899432,29899432,229,77,1,23,23,1.0,1,1
1079,29899439,29899439,115,125,0,35,35,49.0,2,1
1080,29899445,29899445,184,175,1,46,46,26.0,2,1
1081,29899450,29899450,231,68,1,118,118,1.0,4,1
1082,29899451,29899451,144,125,1,357,357,20.0,2,1
1083,29899451,29899451,149,126,1,357,357,10.0,1,1
1084,29899451,29899451,160,131,1,215,215,2.0,4,1
1085,29899455,29899455,230,76,0,23,23,1.0,2,1
1086,29899456,29899456,174,44,0,197,197,9.0,3,1
1087,29899466,29899466,233,68,0,118,118,5.0,3,1
1088,29899469,29899469,182,111,0,30,30,5.0,1,1
1089,29899480,29899480,124,134,0,36,36,10.0,2,1
1090,29899481,29899481,146,137,0,254,254,26.0,3,1
1091,29899482,29899482,95,85,0,67,67,4.0,1,1
1092,29899482,29899482,81,35,0,10,10,13.0,1,1
1093,29899486,29899486,232,140,0,87,87,2.0,2,1
1094,29899492,29899492,37,116,1,25,25,29.0,2,1
1095,29899497,29899497,159,44,0,61,61,2.0,3,1
1096,29899502,29899502,79,24,0,2,2,2.0,2,1
1097,29899502,29899502,144,122,1,324,324,10.0,2,1
1098,29899502,29899502,84,37,0,10,10,2.0,1,1
1099,29899505,29899505,173,33,1,109,109,0.0,3,1
1100,29899507,29899507,115,127,0,35,35,25.0,1,1
1101,29899511,29899511,159,136,1,85,85,4.0,2,1
1102,29899517,29899517,160,126,1,37,37,1.0,3,1
1103,29899526,29899526,29,96,0,72,72,9.0,3,1
1104,29899527,29899527,181,172,1,139,139,10.0,1,1
1105,29899538,29899538,130,135,0,36,36,9.0,2,1
1106,29899539,29899539,219,133,0,-1,-1,nan,0,0
1107,29899549,29899549,188,108,0,125,125,18.0,2,1
1108,29899554,29899554,228,77,0,23,23,2.0,1,1
1109,29899558,29899558,97,85,0,67,67,8.0,1,1
1110,29899562,29899562,162,41,1,237,237,10.0,4,1
1111,29899563,29899563,175,42,1,197,197,8.0,3,1
1112,29899563,29899563,170,48,0,275,275,5.0,3,1
1113,29899569,29899569,186,171,1,46,46,18.0,3,1
1114,29899579,29899579,229,131,0,39,39,10.0,1,1
1115,29899580,29899580,237,132,1,176,176,10.0,1,1
1116,29899594,29899594,161,127,1,37,37,1.0,3,1
1117,29899600,29899600,230,70,0,118,118,2.0,4,1
1118,29899604,29899604,176,45,0,197,197,2.0,4,1
1119,29899611,29899611,187,109,0,30,30,16.0,2,1
1120,29899623,29899623,162,34,1,13,13,5.0,4,1
1121,29899625,29899625,183,110,0,30,30,1.0,1,1
1122,29899630,29899630,220,124,1,256,256,4.0,1,1
1123,29899631,29899631,172,177,0,45,45,1.0,3,1
1124,29899631,29899631,27,94,0,72,72,5.0,4,1
1125,29899640,29899640,72,19,0,50,50,2.0,2,1
1126,29899641,29899641,151,137,0,254,254,1.0,1,1
1127,29899657,29899657,237,141,0,87,87,16.0,2,1
1128,29899661,29899661,169,36,1,376,376,5.0,3,1
1129,29899667,29899667,125,120,1,384,384,41.0,1,1
1130,29899670,29899670,178,94,1,77,77,1.0,2,1
1131,29899680,29899680,231,129,0,39,39,10.0,1,1
1132,29899682,29899682,63,36,1,106,106,5.0,2,1
1133,29899682,29899682,234,69,0,71,71,5.0,3,1
1134,29899686,29899686,224,67,1,164,164,9.0,2,1
1135,29899688,29899688,138,124,1,324,324,18.0,1,1
1136,29899693,29899693,183,174,1,139,139,26.0,2,1
1137,29899695,29899695,170,44,1,275,275,5.0,5,1
1138,29899697,29899697,23,98,0,72,72,13.0,2,1
1139,29899698,29899698,150,137,0,254,254,2.0,2,1
1140,29899703,29899703,172,34,1,109,109,2.0,3,1
1141,29899717,29899717,171,44,0,275,275,4.0,5,1
1142,29899729,29899729,83,36,0,10,10,4.0,1,1
1143,29899733,29899733,64,31,1,106,106,25.0,2,1
1144,29899738,29899738,179,46,0,197,197,8.0,2,1
1145,29899738,29899738,163,38,1,237,237,4.0,5,1
1146,29899748,29899748,136,124,1,324,324,34.0,1,1
1147,29899752,29899752,133,123,1,384,384,58.0,1,1
1148,29899753,29899753,103,13,0,145,145,1.0,2,1
1149,29899755,29899755,184,91,1,77,77,40.0,1,1
1150,29899759,29899759,20,102,0,24,24,5.0,2,1
1151,29899759,29899759,160,133,1,215,215,2.0,3,1
1152,29899767,29899767,82,42,0,10,10,17.0,2,1
1153,29899768,29899768,184,90,1,77,77,45.0,1,1
1154,29899770,29899770,235,142,1,87,87,5.0,2,1
1155,29899774,29899774,185,91,1,77,77,53.0,1,1
1156,29899774,29899774,174,34,0,109,109,2.0,3,1
1157,29899775,29899775,229,61,1,205,205,40.0,1,1
1158,29899780,29899780,33,119,1,250,250,52.0,1,1
1159,29899784,29899784,161,126,1,37,37,0.0,3,1
1160,29899788,29899788,31,117,1,250,250,52.0,1,1
1161,29899801,29899801,221,132,1,-1,-1,nan,0,0
1162,29899815,29899815,139,136,0,130,130,0.0,3,1
1163,29899816,29899816,84,39,0,10,10,2.0,2,1
1164,29899822,29899822,76,44,1,58,58,10.0,1,1
1165,29899825,29899825,162,44,0,344,344,5.0,3,1
1166,29899825,29899825,184,109,0,30,30,1.0,1,1
1167,29899832,29899832,25,94,0,72,72,5.0,2,1
1168,29899832,29899832,65,39,1,106,106,32.0,1,1
1169,29899837,29899837,164,43,0,344,344,4.0,4,1
1170,29899842,29899842,180,46,0,198,198,9.0,2,1
1171,29899842,29899842,185,108,0,30,30,5.0,2,1
1172,29899845,29899845,163,35,1,13,13,13.0,3,1
1173,29899850,29899850,158,43,1,61,61,0.0,3,1
1174,29899851,29899851,171,46,0,275,275,0.0,5,1
1175,29899851,29899851,74,31,0,144,144,13.0,1,1
1176,29899852,29899852,225,74,0,164,164,17.0,3,1
1177,29899855,29899855,147,124,1,357,357,2.0,2,1
1178,29899857,29899857,29,97,0,72,72,10.0,3,1
1179,29899868,29899868,173,39,0,310,310,0.0,5,1
1180,29899873,29899873,118,133,0,35,35,10.0,1,1
1181,29899873,29899873,192,96,1,78,78,1.0,1,1
1182,29899887,29899887,161,128,1,37,37,4.0,3,1
1183,29899891,29899891,155,127,1,37,37,37.0,2,1
1184,29899896,29899896,75,43,1,58,58,20.0,1,1
1185,29899899,29899899,22,109,1,165,165,13.0,2,1
1186,29899909,29899909,236,69,0,71,71,1.0,3,1
1187,29899917,29899917,77,33,0,144,144,26.0,2,1
1188,29899917,29899917,40,109,0,25,25,5.0,1,1
1189,29899925,29899925,233,120,1,217,217,10.0,2,1
1190,29899928,29899928,237,133,1,176,176,5.0,1,1
1191,29899929,29899929,232,61,1,205,205,13.0,1,1
1192,29899935,29899935,188,109,0,30,30,25.0,2,1
1193,29899938,29899938,75,20,0,50,50,16.0,2,1
1194,29899943,29899943,163,37,1,237,237,5.0,4,1
1195,29899943,29899943,226,74,0,23,23,13.0,3,1
1196,29899944,29899944,147,136,0,254,254,20.0,1,1
1197,29899945,29899945,27,95,0,72,72,2.0,3,1
1198,29899945,29899945,117,2,0,3,3,2.0,2,1
1199,29899945,29899945,225,64,1,164,164,37.0,2,1
1200,29899949,29899949,63,32,1,106,106,13.0,2,1
1201,29899950,29899950,178,93,1,77,77,0.0,2,1
1202,29899953,29899953,9,104,0,119,119,4.0,3,1
1203,29899955,29899955,77,27,0,144,144,2.0,2,1
1204,29899960,29899960,66,38,1,106,106,34.0,1,1
1205,29899961,29899961,37,114,1,25,25,13.0,1,1
1206,29899964,29899964,178,104,0,29,29,10.0,3,1
1207,29899964,29899964,141,136,0,130,130,4.0,1,1
1208,29899969,29899969,173,37,0,310,310,4.0,3,1
1209,29899973,29899973,144,137,0,130,130,26.0,3,1
1210,29899976,29899976,24,97,0,72,72,5.0,2,1
1211,29899976,29899976,31,97,0,166,166,5.0,3,1
1212,29899988,29899988,166,35,1,376,376,1.0,4,1
1213,29899989,29899989,101,85,0,67,67,40.0,1,1
1214,29899991,29899991,230,60,1,205,205,34.0,1,1
1215,29899996,29899996,172,44,0,275,275,5.0,3,1
1216,29899996,29899996,231,138,0,87,87,13.0,2,1
1217,29900004,29900004,231,139,0,87,87,8.0,1,1
1218,29900012,29900012,146,124,1,357,357,5.0,2,1
1219,29900014,29900014,81,41,0,10,10,13.0,2,1
1220,29900014,29900014,171,43,0,275,275,9.0,4,1
1221,29900015,29900015,73,29,0,144,144,10.0,2,1
1222,29900020,29900020,99,8,0,145,145,34.0,1,1
1223,29900022,29900022,25,107,1,165,165,16.0,2,1
1224,29900030,29900030,161,34,1,13,13,4.0,4,1
1225,29900031,29900031,177,93,1,77,77,1.0,2,1
1226,29900032,29900032,36,115,1,25,25,25.0,1,1
1227,29900035,29900035,114,75,0,19,19,1.0,1,1
1228,29900036,29900036,128,134,0,36,36,2.0,2,1
1229,29900038,29900038,62,36,1,106,106,2.0,2,1
1230,29900038,29900038,78,44,1,58,58,2.0,2,1
1231,29900038,29900038,230,77,0,23,23,2.0,1,1
1232,29900040,29900040,124,123,0,-1,-1,nan,0,0
1233,29900048,29900048,81,36,0,10,10,8.0,1,1
1234,29900050,29900050,173,35,0,109,109,4.0,3,1
1235,29900058,29900058,232,135,0,176,176,36.0,2,1
1236,29900058,29900058,152,137,0,254,254,2.0,2,1
1237,29900058,29900058,236,130,1,176,176,29.0,2,1
1238,29900060,29900060,232,133,0,176,176,40.0,2,1
1239,29900066,29900066,136,136,0,130,130,9.0,3,1
1240,29900072,29900072,106,95,1,-1,-1,nan,0,0
1241,29900072,29900072,155,138,0,85,85,16.0,2,1
1242,29900073,29900073,34,104,0,166,166,37.0,1,1
1243,29900073,29900073,34,133,1,81,81,10.0,2,1
1244,29900074,29900074,181,91,1,77,77,13.0,2,1
1245,29900074,29900074,157,125,1,37,37,17.0,1,1
1246,29900074,29900074,191,172,1,46,46,8.0,3,1
1247,29900076,29900076,188,176,1,46,46,5.0,1,1
1248,29900079,29900079,235,123,1,133,133,9.0,2,1
1249,29900083,29900083,162,129,1,37,37,10.0,3,1
1250,29900086,29900086,192,178,1,46,46,25.0,2,1
1251,29900087,29900087,150,125,1,357,357,8.0,1,1
1252,29900088,29900088,153,127,1,357,357,41.0,1,1
1253,29900094,29900094,237,136,1,176,176,2.0,2,1
1254,29900099,29900099,25,95,0,72,72,2.0,2,1
1255,29900107,29900107,36,109,0,25,25,13.0,1,1
1256,29900117,29900117,167,36,1,376,376,1.0,5,1
1257,29900120,29900120,34,107,0,25,25,41.0,1,1
1258,29900128,29900128,158,138,0,85,85,1.0,3,1
1259,29900129,29900129,123,134,0,36,36,17.0,2,1
1260,29900134,29900134,178,46,0,197,197,5.0,3,1
1261,29900145,29900145,182,109,0,30,30,1.0,1,1
1262,29900146,29900146,230,129,0,39,39,5.0,1,1
1263,29900146,29900146,230,134,0,39,39,40.0,2,1
1264,29900146,29900146,113,131,0,35,35,5.0,1,1
1265,29900151,29900151,78,46,1,58,58,2.0,1,1
1266,29900153,29900153,231,136,0,87,87,29.0,2,1
1267,29900163,29900163,34,118,1,-1,-1,nan,0,0
1268,29900174,29900174,160,42,1,61,61,5.0,3,1
1269,29900176,29900176,76,25,0,2,2,8.0,3,1
1270,29900177,29900177,181,93,1,77,77,9.0,1,1
1271,29900182,29900182,183,173,1,139,139,25.0,2,1
1272,29900189,29900189,128,121,1,384,384,29.0,1,1
1273,29900191,29900191,187,92,1,78,78,52.0,1,1
1274,29900201,29900201,10,104,0,119,119,5.0,3,1
1275,29900202,29900202,230,71,0,118,118,5.0,4,1
1276,29900202,29900202,222,147,0,47,47,45.0,1,1
1277,29900213,29900213,182,173,1,139,139,16.0,2,1
1278,29900228,29900228,132,135,0,173,173,2.0,3,1
1279,29900233,29900233,37,107,0,25,25,20.0,1,1
1280,29900235,29900235,170,50,0,155,155,5.0,3,1
1281,29900240,29900240,229,60,1,205,205,45.0,1,1
1282,29900251,29900251,77,26,0,144,144,5.0,2,1
1283,29900253,29900253,20,104,1,24,24,1.0,1,1
1284,29900262,29900262,231,143,0,87,87,8.0,1,1
1285,29900268,29900268,30,117,1,250,250,45.0,2,1
1286,29900276,29900276,231,130,0,39,39,13.0,1,1
1287,29900280,29900280,79,42,0,58,58,9.0,2,1
1288,29900282,29900282,184,107,0,30,30,5.0,2,1
1289,29900282,29900282,76,20,0,2,2,13.0,2,1
1290,29900283,29900283,173,38,0,310,310,1.0,4,1
1291,29900284,29900284,114,78,0,19,19,10.0,1,1
1292,29900284,29900284,118,1,0,3,3,4.0,2,1
1293,29900290,29900290,192,95,1,78,78,2.0,1,1
1294,29900294,29900294,177,43,1,197,197,1.0,4,1
1295,29900297,29900297,79,46,1,58,58,1.0,1,1
1296,29900298,29900298,236,70,0,71,71,4.0,3,1
1297,29900298,29900298,74,29,0,144,144,5.0,2,1
1298,29900302,29900302,230,72,0,118,118,10.0,4,1
1299,29900307,29900307,138,136,0,130,130,1.0,3,1
1300,29900320,29900320,192,106,0,125,125,2.0,1,1
1301,29900326,29900326,183,91,1,77,77,29.0,1,1
1302,29900331,29900331,70,21,1,50,50,2.0,1,1
1303,29900339,29900339,236,123,1,133,133,4.0,2,1
1304,29900344,29900344,127,120,1,384,384,25.0,1,1
1305,29900345,29900345,230,124,1,217,217,9.0,2,1
1306,29900347,29900347,26,96,0,72,72,0.0,2,1
1307,29900349,29900349,131,121,1,384,384,26.0,1,1
1308,29900349,29900349,233,121,1,217,217,9.0,2,1
1309,29900351,29900351,183,92,1,77,77,26.0,1,1
1310,29900359,29900359,228,78,0,23,23,5.0,1,1
1311,29900362,29900362,134,122,1,324,324,50.0,2,1
1312,29900366,29900366,179,93,1,77,77,1.0,2,1
1313,29900369,29900369,235,69,1,71,71,2.0,3,1
1314,29900374,29900374,33,117,1,-1,-1,nan,0,0
1315,29900385,29900385,228,130,0,39,39,4.0,1,1
1316,29900385,29900385,231,128,0,39,39,9.0,2,1
1317,29900386,29900386,175,44,0,197,197,4.0,3,1
1318,29900387,29900387,233,122,1,217,217,10.0,3,1
1319,29900387,29900387,177,107,0,29,29,20.0,2,1
1320,29900392,29900392,186,173,1,46,46,10.0,1,1
1321,29900392,29900392,231,70,0,118,118,1.0,4,1
1322,29900396,29900396,162,138,1,85,85,9.0,2,1
1323,29900401,29900401,184,111,0,30,30,5.0,1,1
1324,29900403,29900403,156,139,0,85,85,10.0,2,1
1325,29900403,29900403,36,116,1,25,25,34.0,1,1
1326,29900407,29900407,186,109,0,30,30,9.0,2,1
1327,29900408,29900408,224,69,1,164,164,1.0,2,1
1328,29900408,29900408,161,133,1,215,215,1.0,4,1
1329,29900418,29900418,238,124,1,133,133,1.0,1,1
1330,29900423,29900423,79,34,0,10,10,32.0,2,1
1331,29900424,29900424,29,99,0,166,166,17.0,2,1
1332,29900424,29900424,23,97,0,72,72,10.0,2,1
1333,29900424,29900424,184,173,1,46,46,26.0,2,1
1334,29900433,29900433,78,24,0,2,2,1.0,2,1
1335,29900437,29900437,137,122,1,324,324,17.0,1,1
1336,29900442,29900442,25,108,1,165,165,9.0,2,1
1337,29900443,29900443,129,135,0,36,36,4.0,2,1
1338,29900444,29900444,187,108,0,30,30,17.0,2,1
1339,29900452,29900452,80,35,0,10,10,18.0,1,1
1340,29900458,29900458,230,120,1,217,217,1.0,1,1
1341,29900470,29900470,231,140,0,87,87,5.0,1,1
1342,29900470,29900470,63,35,1,106,106,4.0,1,1
1343,29900472,29900472,154,125,1,357,357,40.0,2,1
1344,29900482,29900482,78,23,0,2,2,0.0,3,1
1345,29900483,29900483,180,174,1,139,139,5.0,1,1
1346,29900483,29900483,116,121,0,75,75,9.0,1,1
1347,29900484,29900484,94,1,0,-1,-1,nan,0,0
1348,29900494,29900494,188,106,1,125,125,10.0,2,1
1349,29900501,29900501,96,85,0,67,67,5.0,1,1
1350,29900503,29900503,235,70,0,71,71,5.0,3,1
1351,29900505,29900505,188,179,1,46,46,26.0,1,1
1352,29900506,29900506,117,1,0,3,3,1.0,2,1
1353,29900514,29900514,142,123,1,324,324,5.0,2,1
1354,29900514,29900514,115,126,0,35,35,36.0,1,1
1355,29900516,29900516,152,138,1,254,254,1.0,3,1
1356,29900516,29900516,125,133,0,36,36,8.0,1,1
1357,29900516,29900516,70,29,0,144,144,37.0,1,1
1358,29900516,29900516,174,37,0,310,310,5.0,4,1
1359,29900521,29900521,114,79,0,19,19,17.0,1,1
1360,29900526,29900526,219,128,1,256,256,17.0,1,1
1361,29900532,29900532,149,138,0,254,254,4.0,2,1
1362,29900532,29900532,22,99,0,72,72,25.0,2,1
1363,29900534,29900534,229,130,0,39,39,5.0,1,1
1364,29900537,29900537,135,136,0,173,173,4.0,3,1
1365,29900537,29900537,234,143,0,87,87,5.0,1,1
1366,29900539,29900539,228,61,1,205,205,53.0,1,1
1367,29900557,29900557,69,40,1,-1,-1,nan,0,0
1368,29900557,29900557,230,132,0,39,39,20.0,1,1
1369,29900563,29900563,236,128,1,133,133,29.0,2,1
1370,29900565,29900565,170,49,0,155,155,8.0,3,1
1371,29900566,29900566,224,66,1,164,164,16.0,2,1
1372,29900567,29900567,194,96,1,78,78,1.0,1,1
1373,29900571,29900571,177,92,1,77,77,2.0,3,1
1374,29900572,29900572,177,173,1,139,139,1.0,3,1
1375,29900573,29900573,28,94,0,72,72,8.0,4,1
1376,29900578,29900578,79,22,0,2,2,2.0,2,1
1377,29900585,29900585,181,174,1,139,139,10.0,1,1
1378,29900592,29900592,175,33,0,109,109,4.0,2,1
1379,29900593,29900593,139,124,1,324,324,13.0,1,1
1380,29900599,29900599,180,107,0,30,30,13.0,2,1
1381,29900599,29900599,149,125,1,357,357,5.0,1,1
1382,29900602,29900602,172,42,0,310,310,10.0,3,1
1383,29900603,29900603,232,121,1,217,217,4.0,2,1
1384,29900604,29900604,231,141,0,87,87,4.0,1,1
1385,29900608,29900608,184,174,1,46,46,25.0,2,1
1386,29900612,29900612,237,137,1,176,176,5.0,2,1
1387,29900613,29900613,140,136,0,130,130,1.0,3,1
1388,29900622,29900622,182,93,1,77,77,16.0,1,1
1389,29900623,29900623,232,139,0,87,87,5.0,2,1
1390,29900633,29900633,231,67,0,118,118,4.0,4,1
1391,29900634,29900634,34,106,0,25,25,50.0,1,1
1392,29900642,29900642,227,75,0,23,23,5.0,3,1
1393,29900644,29900644,188,93,1,78,78,34.0,1,1
1394,29900645,29900645,236,126,0,133,133,13.0,2,1
1395,29900658,29900658,116,120,0,75,75,4.0,1,1
1396,29900660,29900660,75,31,0,144,144,10.0,1,1
1397,29900664,29900664,131,123,1,384,384,50.0,1,1
1398,29900664,29900664,82,36,0,10,10,5.0,1,1
1399,29900668,29900668,112,1,1,3,3,16.0,1,1
1400,29900669,29900669,220,138,0,-1,-1,nan,0,0
1401,29900669,29900669,96,86,0,67,67,2.0,1,1
1402,29900674,29900674,142,137,0,130,130,10.0,2,1
1403,29900676,29900676,185,175,1,46,46,17.0,2,1
1404,29900679,29900679,231,133,0,39,39,34.0,2,1
1405,29900686,29900686,114,126,0,35,35,37.0,1,1
1406,29900688,29900688,233,141,0,87,87,0.0,2,1
1407,29900689,29900689,221,142,0,-1,-1,nan,0,0
1408,29900690,29900690,178,106,0,29,29,18.0,2,1
1409,29900691,29900691,78,22,0,2,2,1.0,3,1
1410,29900711,29900711,117,123,0,75,75,26.0,1,1
1411,29900712,29900712,236,124,1,133,133,5.0,2,1
1412,29900712,29900712,238,125,0,133,133,4.0,1,1
1413,29900717,29900717,35,106,0,25,25,41.0,1,1
1414,29900722,29900722,148,138,0,254,254,9.0,2,1
1415,29900722,29900722,230,131,0,39,39,13.0,1,1
1416,29900722,29900722,174,41,1,310,310,5.0,3,1
1417,29900729,29900729,187,175,1,46,46,5.0,1,1
1418,29900731,29900731,114,96,1,27,27,1.0,1,1
1419,29900740,29900740,170,46,0,275,275,1.0,5,1
1420,29900747,29900747,234,70,0,71,71,8.0,4,1
1421,29900748,29900748,81,42,0,58,58,13.0,2,1
1422,29900758,29900758,230,138,0,87,87,18.0,1,1
1423,29900762,29900762,233,61,1,205,205,8.0,2,1
1424,29900768,29900768,160,128,1,37,37,5.0,3,1
1425,29900768,29900768,101,10,0,145,145,10.0,1,1
1426,29900773,29900773,186,90,1,-1,-1,nan,0,0
1427,29900774,29900774,72,41,1,-1,-1,nan,0,0
1428,29900778,29900778,182,92,1,77,77,17.0,1,1
1429,29900791,29900791,233,142,0,87,87,1.0,1,1
1430,29900808,29900808,231,69,0,118,118,0.0,5,1
1431,29900809,29900809,95,86,0,67,67,1.0,1,1
1432,29900810,29900810,236,142,0,87,87,10.0,2,1
1433,29900815,29900815,164,40,1,237,237,13.0,4,1
1434,29900817,29900817,182,172,1,139,139,17.0,2,1
1435,29900832,29900832,179,105,0,29,29,20.0,2,1
1436,29900834,29900834,231,60,1,205,205,25.0,1,1
1437,29900840,29900840,85,37,0,10,10,5.0,1,1
1438,29900846,29900846,178,173,1,139,139,0.0,3,1
1439,29900854,29900854,114,130,1,35,35,5.0,1,1
1440,29900859,29900859,34,108,0,25,25,34.0,1,1
1441,29900870,29900870,115,2,0,3,3,2.0,2,1
1442,29900873,29900873,193,97,1,78,78,1.0,1,1
1443,29900877,29900877,8,104,0,119,119,5.0,3,1
1444,29900877,29900877,176,104,0,29,29,2.0,2,1
1445,29900879,29900879,24,96,0,72,72,4.0,1,1
1446,29900881,29900881,218,130,1,256,256,36.0,1,1
1447,29900890,29900890,30,100,0,166,166,13.0,2,1
1448,29900891,29900891,183,172,1,139,139,26.0,2,1
1449,29900892,29900892,230,61,1,205,205,29.0,1,1
1450,29900896,29900896,69,39,1,-1,-1,nan,0,0
1451,29900902,29900902,160,132,1,215,215,1.0,4,1
1452,29900905,29900905,99,84,0,67,67,25.0,1,1
1453,29900907,29900907,236,139,1,87,87,13.0,2,1
1454,29900907,29900907,169,53,0,155,155,5.0,3,1
1455,29900907,29900907,26,93,0,72,72,9.0,2,1
1456,29900912,29900912,191,105,0,125,125,0.0,1,1
1457,29900912,29900912,164,45,0,344,344,0.0,5,1
1458,29900915,29900915,231,61,1,205,205,20.0,1,1
1459,29900916,29900916,170,36,1,376,376,10.0,3,1
1460,29900920,29900920,142,125,1,324,324,17.0,2,1
1461,29900923,29900923,187,168,1,332,332,16.0,3,1
1462,29900926,29900926,171,32,1,109,109,5.0,3,1
1463,29900926,29900926,37,110,0,25,25,5.0,1,1
1464,29900927,29900927,79,36,0,10,10,20.0,1,1
1465,29900927,29900927,231,137,0,87,87,20.0,2,1
1466,29900928,29900928,185,109,0,30,30,4.0,2,1
1467,29900935,29900935,24,95,0,72,72,5.0,2,1
1468,29900938,29900938,226,63,1,164,164,53.0,2,1
1469,29900942,29900942,183,111,0,30,30,4.0,1,1
1470,29900943,29900943,38,108,0,25,25,10.0,1,1
1471,29900943,29900943,153,139,0,254,254,5.0,3,1
1472,29900944,29900944,172,45,0,275,275,2.0,4,1
1473,29900949,29900949,72,30,0,144,144,20.0,1,1
1474,29900961,29900961,236,140,0,87,87,10.0,2,1
1475,29900963,29900963,149,137,0,254,254,5.0,2,1
1476,29900967,29900967,128,120,1,384,384,20.0,1,1
1477,29900969,29900969,160,127,1,37,37,2.0,3,1
1478,29900971,29900971,234,62,1,205,205,2.0,3,1
1479,29900972,29900972,97,5,0,-1,-1,nan,0,0
1480,29900976,29900976,227,77,0,23,23,5.0,2,1
1481,29900982,29900982,159,137,1,85,85,1.0,2,1
1482,29900985,29900985,145,136,0,130,130,36.0,2,1
1483,29900989,29900989,227,63,1,118,118,52.0,2,1
1484,29900990,29900990,234,141,0,87,87,1.0,2,1
1485,29900990,29900990,33,102,0,166,166,16.0,1,1
1486,29900995,29900995,231,142,0,87,87,5.0,1,1
1487,29900997,29900997,179,107,0,30,30,20.0,2,1
1488,29900997,29900997,237,124,1,133,133,2.0,2,1
1489,29900998,29900998,21,101,0,24,24,9.0,2,1
1490,29901003,29901003,26,95,0,72,72,1.0,3,1
1491,29901007,29901007,150,138,1,254,254,1.0,2,1
1492,29901008,29901008,113,129,1,35,35,13.0,1,1
1493,29901008,29901008,161,130,1,215,215,4.0,3,1
1494,29901020,29901020,232,138,0,87,87,10.0,2,1
1495,29901021,29901021,186,108,0,30,30,10.0,2,1
1496,29901029,29901029,113,80,0,19,19,25.0,1,1
1497,29901030,29901030,238,141,0,87,87,25.0,2,1
1498,29901038,29901038,30,96,0,166,166,13.0,3,1
1499,29901045,29901045,172,43,0,275,275,10.0,3,1
1500,29901046,29901046,228,72,0,23,23,17.0,3,1
1501,29901050,29901050,230,75,0,23,23,2.0,3,1
1502,29901051,29901051,136,121,1,324,324,25.0,2,1
1503,29901059,29901059,233,62,1,205,205,5.0,3,1
1504,29901069,29901069,178,105,0,29,29,13.0,2,1
1505,29901074,29901074,188,177,1,46,46,10.0,1,1
1506,29901074,29901074,70,22,1,50,50,5.0,1,1
1507,29901075,29901075,171,35,1,109,109,8.0,3,1
1508,29901077,29901077,129,121,1,384,384,26.0,1,1
1509,29901081,29901081,233,70,0,118,118,5.0,4,1
1510,29901090,29901090,178,108,0,30,30,26.0,2,1
1511,29901097,29901097,83,38,0,10,10,0.0,1,1
1512,29901098,29901098,137,123,1,324,324,20.0,1,1
1513,29901100,29901100,230,121,1,217,217,0.0,2,1
1514,29901103,29901103,234,122,1,133,133,17.0,2,1
1515,29901107,29901107,237,134,1,176,176,2.0,1,1
1516,29901108,29901108,219,134,0,-1,-1,nan,0,0
1517,29901108,29901108,235,64,1,205,205,1.0,3,1
1518,29901108,29901108,28,97,0,72,72,5.0,2,1
1519,29901108,29901108,189,94,1,78,78,20.0,1,1
1520,29901113,29901113,193,95,1,78,78,1.0,1,1
1521,29901115,29901115,77,32,0,144,144,17.0,1,1
1522,29901118,29901118,165,45,0,344,344,1.0,4,1
1523,29901118,29901118,220,131,1,256,256,53.0,1,1
1524,29901118,29901118,226,131,0,39,39,13.0,1,1
1525,29901119,29901119,230,74,0,23,23,5.0,3,1
1526,29901124,29901124,117,122,0,75,75,17.0,1,1
1527,29901134,29901134,173,36,0,109,109,9.0,3,1
1528,29901143,29901143,225,75,0,23,23,17.0,2,1
1529,29901146,29901146,153,136,1,254,254,8.0,2,1
1530,29901153,29901153,173,176,0,45,45,5.0,3,1
1531,29901157,29901157,142,136,0,130,130,9.0,1,1
1532,29901163,29901163,82,35,0,10,10,10.0,1,1
1533,29901163,29901163,177,44,0,197,197,0.0,4,1
1534,29901167,29901167,182,91,1,77,77,20.0,1,1
1535,29901167,29901167,70,40,1,-1,-1,nan,0,0
1536,29901168,29901168,119,133,0,35,35,17.0,1,1
1537,29901168,29901168,179,109,0,30,30,16.0,2,1
1538,29901169,29901169,21,99,0,24,24,25.0,2,1
1539,29901170,29901170,35,115,1,25,25,32.0,1,1
1540,29901175,29901175,125,134,0,36,36,5.0,2,1
1541,29901175,29901175,26,94,0,72,72,4.0,2,1
1542,29901177,29901177,237,141,0,87,87,16.0,2,1
1543,29901183,29901183,132,123,1,384,384,53.0,1,1
1544,29901187,29901187,23,96,0,72,72,9.0,1,1
1545,29901188,29901188,177,105,0,29,29,8.0,2,1
1546,29901190,29901190,229,132,0,39,39,17.0,1,1
1547,29901191,29901191,154,139,0,254,254,10.0,2,1
1548,29901193,29901193,161,41,1,237,237,9.0,3,1
1549,29901196,29901196,191,96,1,78,78,4.0,1,1
1550,29901203,29901203,172,33,1,109,109,1.0,3,1
1551,29901206,29901206,180,109,0,30,30,9.0,2,1
1552,29901216,29901216,178,45,0,197,197,2.0,4,1
1553,29901218,29901218,99,7,0,145,145,45.0,1,1
1554,29901218,29901218,147,138,0,254,254,16.0,2,1
1555,29901221,29901221,67,25,1,50,50,41.0,1,1
1556,29901225,29901225,113,128,0,35,35,20.0,1,1
1557,29901227,29901227,162,32,1,13,13,1.0,4,1
1558,29901229,29901229,234,142,0,87,87,2.0,1,1
1559,29901229,29901229,190,107,0,125,125,5.0,2,1
1560,29901230,29901230,175,45,0,197,197,5.0,3,1
1561,29901230,29901230,21,100,0,24,24,16.0,2,1
1562,29901230,29901230,100,9,0,145,145,20.0,1,1
1563,29901232,29901232,67,24,1,50,50,32.0,1,1
1564,29901239,29901239,95,90,1,67,67,9.0,1,1
1565,29901241,29901241,228,62,1,205,205,50.0,2,1
1566,29901242,29901242,236,131,1,176,176,20.0,1,1
1567,29901247,29901247,29,104,0,166,166,52.0,1,1
1568,29901252,29901252,39,111,1,25,25,0.0,1,1
1569,29901255,29901255,77,44,1,58,58,5.0,1,1
1570,29901257,29901257,65,37,1,106,106,20.0,1,1
1571,29901259,29901259,108,0,1,-1,-1,nan,0,0
1572,29901262,29901262,186,176,1,46,46,13.0,1,1
1573,29901265,29901265,124,120,1,384,384,52.0,1,1
1574,29901272,29901272,28,95,0,72,72,5.0,4,1
1575,29901278,29901278,230,139,0,87,87,13.0,1,1
1576,29901304,29901304,230,135,0,87,87,45.0,2,1
1577,29901307,29901307,32,103,0,166,166,26.0,1,1
1578,29901317,29901317,176,46,0,197,197,5.0,4,1
1579,29901317,29901317,186,174,1,46,46,9.0,1,1
1580,29901317,29901317,174,36,0,109,109,10.0,3,1
1581,29901319,29901319,190,95,1,78,78,10.0,1,1
1582,29901322,29901322,29,100,0,166,166,20.0,2,1
1583,29901334,29901334,75,21,0,2,2,13.0,3,1
1584,29901337,29901337,229,123,1,217,217,5.0,2,1
1585,29901338,29901338,177,46,0,197,197,4.0,3,1
1586,29901340,29901340,126,122,1,384,384,52.0,1,1
1587,29901345,29901345,20,100,0,24,24,17.0,3,1
1588,29901349,29901349,232,137,0,87,87,17.0,2,1
1589,29901353,29901353,145,137,0,130,130,37.0,3,1
1590,29901355,29901355,163,44,0,344,344,2.0,3,1
1591,29901355,29901355,154,127,1,37,37,50.0,2,1
1592,29901357,29901357,80,45,0,58,58,1.0,2,1
1593,29901358,29901358,62,35,1,106,106,1.0,2,1
1594,29901365,29901365,135,135,0,173,173,5.0,2,1
1595,29901373,29901373,177,45,1,197,197,1.0,4,1
1596,29901374,29901374,181,92,1,77,77,10.0,1,1
1597,29901378,29901378,62,33,1,106,106,5.0,2,1
1598,29901379,29901379,229,125,1,39,39,10.0,2,1
1599,29901380,29901380,78,26,0,144,144,8.0,2,1
1600,29901380,29901380,36,107,0,25,25,25.0,1,1
1601,29901388,29901388,34,116,1,25,25,50.0,1,1
1602,29901390,29901390,152,139,0,254,254,2.0,3,1
1603,29901393,29901393,172,32,1,109,109,2.0,3,1
1604,29901401,29901401,185,174,1,46,46,16.0,2,1
1605,29901405,29901405,139,123,1,324,324,8.0,1,1
1606,29901409,29901409,141,137,0,130,130,5.0,2,1
1607,29901417,29901417,187,177,1,46,46,13.0,1,1
1608,29901421,29901421,232,122,1,217,217,5.0,3,1
1609,29901422,29901422,171,47,0,275,275,1.0,4,1
1610,29901422,29901422,230,73,0,23,23,10.0,4,1
1611,29901424,29901424,177,104,0,29,29,5.0,3,1
1612,29901426,29901426,226,65,1,164,164,29.0,2,1
1613,29901431,29901431,232,70,0,118,118,2.0,4,1
1614,29901435,29901435,147,137,0,254,254,17.0,2,1
1615,29901436,29901436,81,44,0,58,58,5.0,2,1
1616,29901442,29901442,233,143,0,87,87,4.0,1,1
1617,29901443,29901443,66,28,1,-1,-1,nan,0,0
1618,29901445,29901445,161,125,1,37,37,1.0,3,1
1619,29901446,29901446,227,62,1,-1,-1,nan,0,0
1620,29901458,29901458,184,92,1,77,77,37.0,1,1
1621,29901462,29901462,237,121,1,133,133,5.0,2,1
1622,29901466,29901466,74,19,0,50,50,10.0,2,1
1623,29901473,29901473,173,45,0,275,275,5.0,4,1
1624,29901476,29901476,75,32,0,144,144,17.0,1,1
1625,29901476,29901476,236,129,1,133,133,40.0,2,1
1626,29901476,29901476,190,108,0,125,125,10.0,2,1
1627,29901484,29901484,232,144,0,87,87,10.0,1,1
1628,29901489,29901489,230,79,0,23,23,10.0,1,1
1629,29901491,29901491,77,21,0,2,2,5.0,3,1
1630,29901492,29901492,160,41,1,61,61,8.0,3,1
1631,29901497,29901497,159,134,1,215,215,8.0,2,1
1632,29901503,29901503,75,34,0,144,144,37.0,1,1
1633,29901504,29901504,155,126,1,37,37,36.0,2,1
1634,29901505,29901505,74,42,1,58,58,34.0,1,1
1635,29901505,29901505,74,41,1,58,58,41.0,1,1
1636,29901509,29901509,151,125,1,357,357,13.0,1,1
1637,29901512,29901512,175,34,0,109,109,5.0,2,1
1638,29901512,29901512,156,136,0,85,85,13.0,3,1
1639,29901520,29901520,231,144,0,87,87,13.0,1,1
1640,29901524,29901524,95,2,0,-1,-1,nan,0,0
1641,29901525,29901525,37,108,0,25,25,13.0,1,1
1642,29901527,29901527,93,0,0,-1,-1,nan,0,0
1643,29901530,29901530,235,143,0,87,87,8.0,1,1
1644,29901530,29901530,115,124,0,75,75,37.0,1,1
1645,29901540,29901540,234,123,1,133,133,16.0,3,1
1646,29901545,29901545,162,45,0,344,344,4.0,3,1
1647,29901551,29901551,80,34,0,10,10,25.0,2,1
1648,29901551,29901551,71,19,1,50,50,1.0,1,1
1649,29901554,29901554,24,106,1,24,24,13.0,2,1
1650,29901561,29901561,77,43,1,58,58,8.0,2,1
1651,29901561,29901561,80,23,0,2,2,4.0,2,1
1652,29901565,29901565,168,36,1,376,376,2.0,4,1
1653,29901566,29901566,159,126,1,37,37,4.0,3,1
1654,29901569,29901569,25,79,0,16,16,5.0,5,1
1655,29901570,29901570,148,123,1,357,357,0.0,2,1
1656,29901571,29901571,117,120,0,75,75,5.0,1,1
1657,29901571,29901571,68,25,1,50,50,34.0,1,1
1658,29901576,29901576,141,123,1,324,324,4.0,2,1
1659,29901586,29901586,175,105,0,29,29,4.0,2,1
1660,29901587,29901587,163,40,1,237,237,8.0,4,1
1661,29901594,29901594,220,130,1,256,256,40.0,1,1
1662,29901596,29901596,163,45,0,344,344,1.0,4,1
1663,29901600,29901600,152,125,1,357,357,20.0,1,1
1664,29901602,29901602,150,139,0,254,254,2.0,2,1
1665,29901604,29901604,186,110,0,30,30,10.0,2,1
1666,29901605,29901605,106,26,0,51,51,5.0,2,1
1667,29901607,29901607,160,44,0,61,61,5.0,3,1
1668,29901611,29901611,148,124,1,357,357,1.0,2,1
1669,29901612,29901612,123,133,0,36,36,20.0,1,1
1670,29901612,29901612,163,33,1,13,13,5.0,4,1
1671,29901612,29901612,32,105,0,166,166,50.0,1,1
1672,29901627,29901627,32,118,1,250,250,50.0,1,1
1673,29901628,29901628,111,0,1,3,3,26.0,1,1
1674,29901633,29901633,118,132,0,35,35,9.0,1,1
1675,29901638,29901638,57,110,0,73,73,9.0,1,1
1676,29901645,29901645,22,100,0,24,24,17.0,2,1
1677,29901645,29901645,32,100,0,166,166,5.0,2,1
1678,29901645,29901645,140,135,0,130,130,2.0,2,1
1679,29901647,29901647,78,25,0,2,2,4.0,2,1
1680,29901648,29901648,65,29,1,106,106,52.0,2,1
1681,29901648,29901648,227,76,0,23,23,4.0,2,1
1682,29901657,29901657,170,51,0,155,155,4.0,2,1
1683,29901663,29901663,228,126,1,39,39,4.0,2,1
1684,29901671,29901671,23,105,1,24,24,5.0,2,1
1685,29901671,29901671,23,104,1,24,24,4.0,2,1
1686,29901673,29901673,176,43,1,197,197,2.0,4,1
1687,29901677,29901677,232,143,0,87,87,5.0,1,1
1688,29901681,29901681,122,133,0,36,36,29.0,2,1
1689,29901682,29901682,222,149,0,47,47,25.0,1,1
1690,29901693,29901693,226,76,0,23,23,9.0,2,1
1691,29901694,29901694,78,33,0,144,144,29.0,2,1
1692,29901694,29901694,184,110,0,30,30,2.0,1,1
1693,29901695,29901695,220,133,1,-1,-1,nan,0,0
1694,29901695,29901695,220,127,1,256,256,13.0,1,1
1695,29901702,29901702,183,109,0,30,30,0.0,1,1
1696,29901708,29901708,174,103,0,29,29,1.0,2,1
1697,29901710,29901710,178,107,0,29,29,25.0,2,1
1698,29901715,29901715,137,124,1,324,324,25.0,1,1
1699,29901715,29901715,116,119,0,75,75,1.0,1,1
1700,29901725,29901725,74,20,0,50,50,9.0,2,1
1701,29901736,29901736,229,124,1,217,217,10.0,2,1
1702,29901738,29901738,189,108,0,125,125,13.0,2,1
1703,29901738,29901738,236,141,0,87,87,9.0,2,1
1704,29901738,29901738,169,48,0,275,275,8.0,3,1
1705,29901740,29901740,68,39,1,-1,-1,nan,0,0
1706,29901746,29901746,76,32,0,144,144,16.0,1,1
1707,29901752,29901752,78,21,0,2,2,4.0,3,1
1708,29901766,29901766,193,99,0,78,78,9.0,2,1
1709,29901767,29901767,139,135,0,130,130,1.0,2,1
1710,29901770,29901770,239,137,1,176,176,5.0,2,1
1711,29901779,29901779,229,62,1,205,205,37.0,2,1
1712,29901787,29901787,220,139,0,-1,-1,nan,0,0
1713,29901791,29901791,237,126,0,133,133,10.0,1,1
1714,29901795,29901795,133,135,0,173,173,1.0,3,1
1715,29901797,29901797,143,125,1,324,324,20.0,2,1
1716,29901800,29901800,174,45,0,197,197,10.0,3,1
1717,29901803,29901803,77,23,0,2,2,1.0,3,1
1718,29901813,29901813,230,130,0,39,39,8.0,1,1
1719,29901815,29901815,237,135,1,176,176,1.0,2,1
1720,29901820,29901820,224,68,1,164,164,4.0,2,1
1721,29901820,29901820,235,142,0,87,87,5.0,2,1
1722,29901821,29901821,35,107,0,25,25,32.0,1,1
1723,29901821,29901821,189,107,0,125,125,8.0,2,1
1724,29901823,29901823,229,61,1,205,205,40.0,1,1
1725,29901824,29901824,139,137,0,130,130,1.0,3,1
1726,29901824,29901824,25,78,0,16,16,8.0,5,1
1727,29901829,29901829,229,78,0,23,23,4.0,1,1
1728,29901829,29901829,230,136,0,87,87,34.0,1,1
1729,29901834,29901834,171,45,0,275,275,1.0,5,1
1730,29901842,29901842,238,140,1,176,176,25.0,2,1
1731,29901848,29901848,29,95,0,72,72,10.0,3,1
1732,29901852,29901852,40,110,1,25,25,2.0,1,1
1733,29901854,29901854,176,106,0,29,29,10.0,2,1
1734,29901856,29901856,179,94,1,77,77,2.0,2,1
1735,29901860,29901860,188,178,1,46,46,17.0,1,1
1736,29901868,29901868,115,128,0,35,35,16.0,1,1
1737,29901870,29901870,147,122,1,357,357,2.0,2,1
1738,29901873,29901873,236,127,1,133,133,20.0,1,1
1739,29901873,29901873,174,33,1,109,109,1.0,3,1
1740,29901882,29901882,161,129,1,37,37,9.0,3,1
1741,29901901,29901901,174,35,0,109,109,5.0,3,1
1742,29901906,29901906,238,138,1,176,176,9.0,2,1
1743,29901908,29901908,156,138,0,85,85,9.0,3,1
1744,29901908,29901908,78,34,0,144,144,40.0,2,1
1745,29901924,29901924,237,138,1,176,176,10.0,2,1
1746,29901924,29901924,67,26,1,50,50,52.0,1,1
1747,29901926,29901926,167,49,1,155,155,5.0,3,1
1748,29901937,29901937,174,38,0,310,310,2.0,4,1
1749,29901942,29901942,192,102,0,125,125,10.0,2,1
1750,29901944,29901944,192,97,1,78,78,2.0,1,1
1751,29901947,29901947,102,11,0,145,145,4.0,2,1
1752,29901954,29901954,169,36,1,376,376,5.0,3,1
1753,29901955,29901955,137,135,0,130,130,5.0,2,1
1754,29901956,29901956,146,125,1,357,357,8.0,2,1
1755,29901961,29901961,237,142,0,87,87,17.0,2,1
1756,29901965,29901965,118,123,0,75,75,29.0,1,1
1757,29901965,29901965,176,44,0,197,197,1.0,4,1
1758,29901968,29901968,162,39,1,237,237,2.0,5,1
1759,29901968,29901968,144,138,0,130,130,29.0,3,1
1760,29901976,29901976,115,130,0,35,35,4.0,1,1
1761,29901976,29901976,170,45,0,275,275,2.0,5,1
1762,29901983,29901983,185,110,1,30,30,5.0,2,1
1763,29901983,29901983,98,86,0,67,67,10.0,1,1
1764,29901990,29901990,232,142,0,87,87,2.0,1,1
1765,29902016,29902016,236,130,1,176,176,29.0,2,1
1766,29902016,29902016,191,107,0,125,125,4.0,1,1
1767,29902019,29902019,112,2,1,3,3,17.0,1,1
1768,29902019,29902019,22,101,0,24,24,10.0,2,1
1769,29902021,29902021,175,35,0,109,109,8.0,2,1
1770,29902024,29902024,148,125,1,357,357,4.0,1,1
1771,29902029,29902029,135,122,1,324,324,37.0,2,1
1772,29902032,29902032,182,111,0,30,30,5.0,1,1
1773,29902035,29902035,218,131,0,256,256,49.0,1,1
1774,29902040,29902040,139,122,1,324,324,5.0,1,1
1775,29902042,29902042,158,126,1,37,37,9.0,2,1
1776,29902043,29902043,85,38,0,10,10,4.0,1,1
1777,29902044,29902044,22,104,1,24,24,1.0,2,1
1778,29902044,29902044,175,43,0,197,197,5.0,3,1
1779,29902045,29902045,154,138,1,254,254,9.0,2,1
1780,29902047,29902047,229,79,0,23,23,9.0,1,1
1781,29902047,29902047,172,34,1,109,109,2.0,3,1
1782,29902050,29902050,179,173,1,139,139,1.0,2,1
1783,29902052,29902052,39,108,0,25,25,9.0,1,1
1784,29902063,29902063,157,138,0,85,85,4.0,3,1
1785,29902064,29902064,160,39,1,237,237,2.0,4,1
1786,29902067,29902067,180,175,1,139,139,8.0,1,1
1787,29902070,29902070,27,96,0,72,72,1.0,2,1
1788,29902070,29902070,68,24,1,50,50,25.0,1,1
1789,29902070,29902070,68,23,1,50,50,18.0,1,1
1790,29902073,29902073,21,103,1,24,24,1.0,1,1
1791,29902076,29902076,187,109,0,30,30,16.0,2,1
1792,29902080,29902080,233,122,1,217,217,10.0,3,1
1793,29902085,29902085,83,41,0,10,10,9.0,2,1
1794,29902091,29902091,77,22,0,2,2,2.0,3,1
1795,29902095,29902095,114,129,0,35,35,10.0,1,1
1796,29902105,29902105,219,135,0,-1,-1,nan,0,0
1797,29902112,29902112,75,30,0,144,144,5.0,2,1
1798,29902112,29902112,179,108,0,30,30,17.0,2,1
1799,29902126,29902126,32,99,0,166,166,2.0,2,1
1800,29902126,29902126,115,129,0,35,35,9.0,1,1
1801,29902127,29902127,234,63,1,205,205,1.0,3,1
1802,29902137,29902137,231,122,1,217,217,2.0,3,1
1803,29902137,29902137,173,40,0,310,310,1.0,5,1
1804,29902137,29902137,229,71,0,118,118,8.0,4,1
1805,29902147,29902147,235,124,1,133,133,10.0,2,1
1806,29902148,29902148,170,47,0,275,275,2.0,4,1
1807,29902155,29902155,153,126,1,357,357,34.0,1,1
1808,29902156,29902156,181,106,0,30,30,13.0,2,1
1809,29902161,29902161,160,130,1,215,215,5.0,3,1
1810,29902167,29902167,229,133,0,39,39,26.0,1,1
1811,29902171,29902171,73,42,1,58,58,45.0,1,1
1812,29902171,29902171,161,42,1,61,61,10.0,3,1
1813,29902177,29902177,71,20,1,50,50,0.0,2,1
1814,29902179,29902179,230,140,0,87,87,10.0,1,1
1815,29902183,29902183,172,35,1,109,109,5.0,3,1
1816,29902184,29902184,153,138,0,254,254,4.0,2,1
1817,29902204,29902204,21,104,1,24,24,0.0,1,1
1818,29902206,29902206,233,144,0,87,87,9.0,1,1
1819,29902214,29902214,235,123,1,133,133,9.0,2,1
1820,29902215,29902215,156,127,1,37,37,26.0,2,1
1821,29902220,29902220,180,92,1,77,77,5.0,1,1
1822,29902223,29902223,231,121,1,217,217,1.0,3,1
1823,29902227,29902227,36,108,0,25,25,18.0,1,1
1824,29902230,29902230,98,84,0,67,67,18.0,1,1
1825,29902235,29902235,153,125,1,357,357,29.0,1,1
1826,29902235,29902235,178,46,0,197,197,5.0,3,1
1827,29902240,29902240,67,37,1,106,106,40.0,1,1
1828,29902244,29902244,182,175,1,139,139,20.0,2,1
1829,29902245,29902245,116,122,0,75,75,16.0,1,1
1830,29902249,29902249,186,91,1,-1,-1,nan,0,0
1831,29902256,29902256,162,40,1,237,237,5.0,4,1
1832,29902259,29902259,32,117,1,250,250,61.0,1,1
1833,29902266,29902266,92,1,1,-1,-1,nan,0,0
1834,29902268,29902268,180,172,1,139,139,5.0,1,1
1835,29902269,29902269,185,173,1,46,46,17.0,2,1
1836,29902270,29902270,64,35,1,106,106,9.0,1,1
1837,29902273,29902273,134,135,1,173,173,2.0,3,1
1838,29902277,29902277,225,65,1,164,164,26.0,2,1
1839,29902279,29902279,109,0,1,3,3,50.0,1,1
1840,29902282,29902282,130,135,0,36,36,9.0,2,1
1841,29902284,29902284,151,138,0,254,254,0.0,2,1
1842,29902287,29902287,40,108,0,25,25,10.0,1,1
1843,29902292,29902292,131,122,1,384,384,37.0,1,1
1844,29902294,29902294,126,134,0,36,36,2.0,2,1
1845,29902294,29902294,155,139,0,85,85,17.0,2,1
1846,29902295,29902295,79,33,0,144,144,34.0,2,1
1847,29902296,29902296,228,63,1,118,118,45.0,2,1
1848,29902297,29902297,227,130,0,39,39,5.0,1,1
1849,29902304,29902304,159,138,1,85,85,0.0,2,1
1850,29902311,29902311,113,2,1,3,3,10.0,1,1
1851,29902318,29902318,236,65,1,205,205,5.0,3,1
1852,29902326,29902326,230,137,0,87,87,25.0,1,1
1853,29902328,29902328,152,126,1,357,357,25.0,1,1
1854,29902333,29902333,230,76,0,23,23,1.0,2,1
1855,29902335,29902335,237,70,0,71,71,5.0,3,1
1856,29902342,29902342,113,1,1,3,3,9.0,1,1
1857,29902343,29902343,79,23,0,2,2,1.0,2,1
1858,29902348,29902348,179,46,0,197,197,8.0,2,1
1859,29902348,29902348,22,96,0,72,72,16.0,1,1
1860,29902349,29902349,230,77,0,23,23,2.0,1,1
1861,29902349,29902349,81,35,0,10,10,13.0,1,1
1862,29902351,29902351,66,26,1,50,50,61.0,1,1
1863,29902359,29902359,132,134,0,173,173,5.0,3,1
1864,29902364,29902364,230,78,0,23,23,5.0,1,1
1865,29902368,29902368,64,38,1,106,106,18.0,2,1
1866,29902373,29902373,181,109,1,30,30,4.0,1,1
1867,29902373,29902373,171,46,0,275,275,0.0,5,1
1868,29902373,29902373,174,46,0,275,275,9.0,4,1
1869,29902377,29902377,186,107,0,30,30,13.0,2,1
1870,29902378,29902378,31,101,0,166,166,13.0,2,1
1871,29902384,29902384,148,137,0,254,254,10.0,2,1
1872,29902394,29902394,36,113,1,25,25,13.0,1,1
1873,29902395,29902395,67,38,1,106,106,45.0,1,1
1874,29902405,29902405,100,11,1,145,145,8.0,2,1
1875,29902405,29902405,158,139,1,85,85,2.0,3,1
1876,29902412,29902412,36,114,1,25,25,18.0,1,1
1877,29902412,29902412,188,107,0,125,125,13.0,2,1
1878,29902423,29902423,33,104,0,166,166,36.0,1,1
1879,29902425,29902425,227,131,0,39,39,10.0,1,1
1880,29902426,29902426,143,124,1,324,324,13.0,2,1
1881,29902426,29902426,227,128,1,39,39,1.0,2,1
1882,29902429,29902429,140,123,1,324,324,5.0,1,1
1883,29902436,29902436,175,46,0,197,197,8.0,3,1
1884,29902451,29902451,229,131,0,39,39,10.0,1,1
1885,29902451,29902451,76,29,0,144,144,1.0,2,1
1886,29902462,29902462,173,34,1,109,109,1.0,3,1
1887,29902474,29902474,232,69,0,118,118,1.0,4,1
1888,29902474,29902474,176,103,0,29,29,1.0,2,1
1889,29902477,29902477,162,41,1,237,237,10.0,4,1
1890,29902482,29902482,164,36,1,376,376,10.0,3,1
1891,29902484,29902484,180,108,0,30,30,10.0,2,1
1892,29902487,29902487,143,137,0,130,130,17.0,1,1
1893,29902492,29902492,118,0,0,3,3,5.0,2,1
1894,29902493,29902493,180,110,0,30,30,10.0,1,1
1895,29902493,29902493,229,129,0,39,39,2.0,1,1
1896,29902512,29902512,30,116,1,165,165,50.0,2,1
1897,29902513,29902513,221,144,0,-1,-1,nan,0,0
1898,29902515,29902515,110,1,1,3,3,36.0,1,1
1899,29902521,29902521,179,174,1,139,139,2.0,1,1
1900,29902523,29902523,177,107,0,29,29,20.0,2,1
1901,29902532,29902532,158,140,0,85,85,5.0,3,1
1902,29902536,29902536,156,126,1,37,37,25.0,2,1
1903,29902538,29902538,114,131,0,35,35,2.0,1,1
1904,29902549,29902549,145,138,1,254,254,36.0,3,1
1905,29902549,29902549,226,66,1,164,164,20.0,2,1
1906,29902551,29902551,158,127,1,37,37,10.0,2,1
1907,29902551,29902551,181,173,1,139,139,9.0,1,1
1908,29902552,29902552,188,179,1,46,46,26.0,1,1
1909,29902552,29902552,131,135,0,173,173,5.0,2,1
1910,29902552,29902552,146,138,0,254,254,25.0,3,1
1911,29902565,29902565,35,105,0,25,25,52.0,2,1
1912,29902565,29902565,185,90,1,77,77,58.0,1,1
1913,29902568,29902568,62,34,1,106,106,2.0,1,1
1914,29902570,29902570,31,116,1,165,165,61.0,1,1
1915,29902572,29902572,144,124,1,357,357,17.0,2,1
1916,29902573,29902573,64,36,1,106,106,10.0,1,1
1917,29902575,29902575,236,132,1,176,176,13.0,1,1
1918,29902595,29902595,222,135,1,-1,-1,nan,0,0
1919,29902596,29902596,116,123,0,75,75,25.0,1,1
1920,29902600,29902600,171,179,1,45,45,2.0,2,1
1921,29902600,29902600,183,107,0,30,30,4.0,1,1
1922,29902601,29902601,186,175,1,46,46,10.0,1,1
1923,29902606,29902606,234,143,0,87,87,5.0,1,1
1924,29902611,29902611,61,35,1,106,106,0.0,2,1
1925,29902616,29902616,134,136,0,173,173,1.0,4,1
1926,29902623,29902623,31,99,0,166,166,5.0,2,1
1927,29902624,29902624,22,97,0,72,72,17.0,2,1
1928,29902629,29902629,96,3,0,-1,-1,nan,0,0
1929,29902630,29902630,116,2,0,3,3,1.0,2,1
1930,29902637,29902637,73,33,0,144,144,34.0,1,1
1931,29902656,29902656,181,111,0,30,30,8.0,1,1
1932,29902657,29902657,231,70,0,118,118,1.0,4,1
1933,29902659,29902659,191,92,1,78,78,20.0,1,1
1934,29902661,29902661,236,71,0,71,71,9.0,2,1
1935,29902662,29902662,72,19,1,50,50,2.0,2,1
1936,29902667,29902667,130,122,1,384,384,36.0,1,1
1937,29902673,29902673,73,19,0,50,50,5.0,2,1
1938,29902683,29902683,116,132,0,35,35,1.0,1,1
1939,29902688,29902688,167,48,1,155,155,10.0,3,1
1940,29902693,29902693,119,0,0,3,3,10.0,2,1
1941,29902698,29902698,236,124,1,133,133,5.0,2,1
1942,29902698,29902698,163,41,1,237,237,13.0,4,1
1943,29902699,29902699,24,78,0,16,16,5.0,5,1
1944,29902703,29902703,73,18,0,50,50,8.0,2,1
1945,29902706,29902706,72,40,1,-1,-1,nan,0,0
1946,29902707,29902707,192,103,0,125,125,5.0,2,1
1947,29902709,29902709,174,37,0,310,310,5.0,4,1
1948,29902716,29902716,27,94,0,72,72,5.0,4,1
1949,29902722,29902722,184,173,1,46,46,26.0,2,1
1950,29902722,29902722,220,140,0,-1,-1,nan,0,0
1951,29902723,29902723,172,178,0,45,45,0.0,2,1
1952,29902728,29902728,35,116,1,25,25,41.0,1,1
1953,29902728,29902728,130,123,1,384,384,49.0,1,1
1954,29902729,29902729,100,8,0,145,145,29.0,1,1
1955,29902733,29902733,125,121,1,384,384,50.0,1,1
1956,29902734,29902734,118,119,1,75,75,5.0,1,1
1957,29902742,29902742,184,108,0,30,30,2.0,2,1
1958,29902745,29902745,183,91,1,77,77,29.0,1,1
1959,29902752,29902752,28,96,0,72,72,4.0,3,1
1960,29902753,29902753,76,42,1,58,58,18.0,1,1
1961,29902754,29902754,20,101,0,24,24,10.0,3,1
1962,29902755,29902755,136,136,0,130,130,9.0,3,1
1963,29902765,29902765,233,123,1,217,217,13.0,3,1
1964,29902765,29902765,111,1,1,3,3,25.0,1,1
1965,29902770,29902770,160,42,1,61,61,5.0,3,1
1966,29902770,29902770,76,20,0,2,2,13.0,2,1
1967,29902770,29902770,124,134,0,36,36,10.0,2,1
1968,29902771,29902771,128,122,1,384,384,40.0,1,1
1969,29902781,29902781,26,79,0,16,16,10.0,4,1
1970,29902783,29902783,180,173,1,139,139,4.0,1,1
1971,29902784,29902784,157,126,1,37,37,16.0,2,1
1972,29902784,29902784,169,51,0,155,155,1.0,3,1
1973,29902791,29902791,237,71,0,71,71,10.0,2,1
1974,29902799,29902799,76,33,0,144,144,25.0,1,1
1975,29902809,29902809,151,139,0,254,254,1.0,2,1
1976,29902817,29902817,81,43,0,58,58,8.0,2,1
1977,29902826,29902826,136,135,0,130,130,10.0,2,1
1978,29902827,29902827,129,134,0,36,36,5.0,2,1
1979,29902827,29902827,10,103,0,119,119,10.0,3,1
1980,29902827,29902827,75,33,0,144,144,26.0,1,1
1981,29902827,29902827,171,178,0,45,45,1.0,2,1
1982,29902827,29902827,187,178,1,46,46,20.0,1,1
1983,29902827,29902827,217,124,0,256,256,1.0,1,1
1984,29902829,29902829,187,176,1,46,46,8.0,1,1
1985,29902837,29902837,188,108,0,125,125,18.0,2,1
1986,29902841,29902841,228,130,0,39,39,4.0,1,1
1987,29902841,29902841,174,104,0,29,29,2.0,2,1
1988,29902847,29902847,118,1,0,3,3,4.0,2,1
1989,29902851,29902851,140,137,0,130,130,2.0,3,1
1990,29902857,29902857,187,92,1,78,78,52.0,1,1
1991,29902860,29902860,230,62,1,205,205,26.0,2,1
1992,29902863,29902863,83,36,0,10,10,4.0,1,1
1993,29902877,29902877,68,37,1,106,106,53.0,1,1
1994,29902877,29902877,174,39,0,310,310,1.0,4,1
1995,29902877,29902877,69,38,1,-1,-1,nan,0,0
1996,29902878,29902878,170,179,0,45,45,5.0,2,1
1997,29902891,29902891,111,2,1,3,3,26.0,1,1
1998,29902899,29902899,191,106,1,125,125,1.0,1,1
1999,29902912,29902912,160,131,1,215,215,2.0,4,1
2000,29902913,29902913,183,175,1,139,139,29.0,2,1
2001,29902914,29902914,173,42,0,310,310,9.0,3,1
2002,29902917,29902917,21,105,1,24,24,1.0,2,1
2003,29902918,29902918,177,106,0,29,29,13.0,2,1
2004,29902920,29902920,32,98,0,166,166,1.0,3,1
2005,29902925,29902925,226,77,0,23,23,10.0,2,1
2006,29902925,29902925,237,139,1,176,176,17.0,2,1
2007,29902928,29902928,76,43,1,58,58,13.0,1,1
2008,29902932,29902932,159,136,1,85,85,4.0,2,1
2009,29902935,29902935,65,28,1,266,266,50.0,1,1
2010,29902937,29902937,20,102,0,24,24,5.0,2,1
2011,29902937,29902937,26,110,1,165,165,2.0,2,1
2012,29902949,29902949,36,115,1,25,25,25.0,1,1
2013,29902951,29902951,188,92,1,78,78,41.0,1,1
2014,29902951,29902951,181,108,0,30,30,5.0,2,1
2015,29902960,29902960,172,46,0,275,275,1.0,4,1
2016,29902965,29902965,236,142,0,87,87,10.0,2,1
2017,29902969,29902969,142,137,0,130,130,10.0,2,1
2018,29902971,29902971,230,61,1,205,205,29.0,1,1
2019,29902974,29902974,19,101,0,24,24,13.0,2,1
2020,29902980,29902980,157,41,1,61,61,5.0,2,1
2021,29902982,29902982,161,33,1,13,13,1.0,4,1
2022,29902991,29902991,173,177,0,45,45,2.0,3,1
2023,29902991,29902991,34,103,0,166,166,26.0,1,1
2024,29902991,29902991,149,123,1,357,357,1.0,1,1
2025,29902992,29902992,181,107,0,30,30,8.0,2,1
2026,29902992,29902992,115,131,0,35,35,1.0,1,1
2027,29902994,29902994,136,140,1,253,253,10.0,3,1
2028,29903005,29903005,173,46,0,275,275,4.0,4,1
2029,29903012,29903012,88,17,1,-1,-1,nan,0,0
2030,29903014,29903014,116,133,0,35,35,2.0,1,1
2031,29903017,29903017,224,70,1,164,164,0.0,3,1
2032,29903017,29903017,189,94,1,78,78,20.0,1,1
2033,29903022,29903022,142,124,1,324,324,10.0,2,1
2034,29903037,29903037,176,105,0,29,29,5.0,2,1
2035,29903037,29903037,184,175,1,46,46,26.0,2,1
2036,29903042,29903042,231,71,0,118,118,4.0,4,1
2037,29903043,29903043,37,109,0,25,25,8.0,1,1
2038,29903043,29903043,37,112,1,25,25,5.0,1,1
2039,29903045,29903045,30,97,0,166,166,10.0,3,1
2040,29903047,29903047,115,90,1,27,27,50.0,2,1
2041,29903053,29903053,159,33,1,13,13,5.0,3,1
2042,29903056,29903056,115,133,0,35,35,1.0,1,1
2043,29903057,29903057,237,137,1,176,176,5.0,2,1
2044,29903057,29903057,238,125,1,133,133,4.0,1,1
2045,29903058,29903058,24,105,1,24,24,10.0,2,1
2046,29903058,29903058,160,45,0,61,61,8.0,3,1
2047,29903064,29903064,71,39,1,-1,-1,nan,0,0
2048,29903069,29903069,181,110,0,30,30,5.0,1,1
2049,29903069,29903069,144,137,0,130,130,26.0,3,1
2050,29903074,29903074,169,54,0,155,155,10.0,2,1
2051,29903076,29903076,170,50,0,155,155,5.0,3,1
2052,29903077,29903077,47,33,0,9,9,25.0,3,1
2053,29903078,29903078,118,2,0,3,3,5.0,3,1
2054,29903083,29903083,231,61,1,205,205,20.0,1,1
2055,29903084,29903084,146,137,0,254,254,26.0,3,1
2056,29903090,29903090,38,111,1,25,25,1.0,1,1
2057,29903093,29903093,97,4,0,-1,-1,nan,0,0
2058,29903093,29903093,219,136,0,-1,-1,nan,0,0
2059,29903094,29903094,176,45,0,197,197,2.0,4,1
2060,29903094,29903094,117,132,0,35,35,4.0,1,1
2061,29903095,29903095,157,139,0,85,85,5.0,2,1
2062,29903095,29903095,103,12,0,145,145,2.0,2,1
2063,29903103,29903103,31,117,1,250,250,52.0,1,1
2064,29903110,29903110,162,43,0,344,344,8.0,3,1
2065,29903112,29903112,76,31,0,144,144,9.0,1,1
2066,29903113,29903113,157,44,1,61,61,2.0,3,1
2067,29903114,29903114,236,143,0,87,87,13.0,1,1
2068,29903115,29903115,171,36,1,109,109,13.0,3,1
2069,29903120,29903120,233,69,0,118,118,4.0,3,1
2070,29903124,29903124,156,139,0,85,85,10.0,2,1
2071,29903130,29903130,38,112,1,25,25,2.0,1,1
2072,29903131,29903131,34,117,1,25,25,61.0,1,1
2073,29903131,29903131,187,174,1,46,46,4.0,2,1
2074,29903151,29903151,115,123,0,75,75,26.0,1,1
2075,29903151,29903151,115,95,1,27,27,5.0,2,1
2076,29903153,29903153,228,77,0,23,23,2.0,1,1
2077,29903154,29903154,36,106,0,25,25,34.0,1,1
2078,29903160,29903160,188,93,1,78,78,34.0,1,1
2079,29903164,29903164,69,23,1,50,50,13.0,1,1
2080,29903165,29903165,117,2,0,3,3,2.0,2,1
2081,29903167,29903167,147,126,1,357,357,10.0,2,1
2082,29903175,29903175,180,94,1,77,77,5.0,1,1
2083,29903177,29903177,186,177,1,46,46,18.0,1,1
2084,29903180,29903180,232,62,1,205,205,10.0,3,1
2085,29903181,29903181,232,61,1,205,205,13.0,1,1
2086,29903189,29903189,226,75,0,23,23,10.0,3,1
2087,29903189,29903189,82,43,0,58,58,13.0,2,1
2088,29903189,29903189,178,174,1,139,139,1.0,3,1
2089,29903190,29903190,175,106,0,29,29,9.0,1,1
2090,29903190,29903190,75,20,0,50,50,16.0,2,1
2091,29903205,29903205,26,109,1,165,165,5.0,2,1
2092,29903206,29903206,133,136,0,173,173,0.0,3,1
2093,29903210,29903210,120,133,0,35,35,26.0,2,1
2094,29903211,29903211,116,125,0,75,75,49.0,2,1
2095,29903220,29903220,239,122,1,133,133,2.0,1,1
2096,29903221,29903221,127,134,0,36,36,1.0,2,1
2097,29903227,29903227,75,31,0,144,144,10.0,1,1
2098,29903232,29903232,186,92,1,-1,-1,nan,0,0
2099,29903234,29903234,160,126,1,37,37,1.0,3,1
2100,29903237,29903237,137,136,0,130,130,4.0,3,1
2101,29903241,29903241,35,114,1,25,25,25.0,1,1
2102,29903253,29903253,179,45,1,197,197,5.0,2,1
2103,29903253,29903253,234,124,1,133,133,17.0,3,1
2104,29903256,29903256,127,135,0,36,36,0.0,3,1
2105,29903259,29903259,34,105,0,166,166,50.0,2,1
2106,29903264,29903264,126,121,1,384,384,41.0,1,1
2107,29903268,29903268,159,128,1,37,37,8.0,3,1
2108,29903280,29903280,231,120,1,217,217,2.0,2,1
2109,29903288,29903288,179,175,1,139,139,5.0,2,1
2110,29903300,29903300,170,36,1,376,376,10.0,3,1
2111,29903300,29903300,170,35,1,376,376,9.0,3,1
2112,29903306,29903306,152,138,1,254,254,1.0,3,1
2113,29903310,29903310,237,125,1,133,133,5.0,1,1
2114,29903313,29903313,171,48,0,275,275,4.0,4,1
2115,29903316,29903316,149,138,0,254,254,4.0,2,1
2116,29903326,29903326,234,123,1,133,133,16.0,3,1
2117,29903329,29903329,173,39,0,310,310,0.0,5,1
2118,29903337,29903337,146,124,1,357,357,5.0,2,1
2119,29903340,29903340,169,37,1,376,376,8.0,3,1
2120,29903340,29903340,233,62,1,205,205,5.0,3,1
2121,29903341,29903341,80,42,0,58,58,10.0,2,1
2122,29903342,29903342,190,95,1,78,78,10.0,1,1
2123,29903357,29903357,192,101,0,125,125,17.0,2,1
2124,29903357,29903357,185,176,1,46,46,20.0,2,1
2125,29903364,29903364,158,125,1,37,37,10.0,2,1
2126,29903370,29903370,227,78,0,23,23,8.0,1,1
2127,29903370,29903370,74,32,0,144,144,20.0,1,1
2128,29903377,29903377,188,109,0,30,30,25.0,2,1
2129,29903378,29903378,231,145,0,87,87,20.0,1,1
2130,29903378,29903378,153,139,0,254,254,5.0,3,1
2131,29903381,29903381,71,41,1,-1,-1,nan,0,0
2132,29903381,29903381,183,173,1,139,139,25.0,2,1
2133,29903398,29903398,22,103,1,24,24,2.0,1,1
2134,29903398,29903398,148,138,0,254,254,9.0,2,1
2135,29903403,29903403,160,136,1,85,85,5.0,2,1
2136,29903406,29903406,183,110,0,30,30,1.0,1,1
2137,29903411,29903411,66,37,1,106,106,29.0,1,1
2138,29903412,29903412,25,94,0,72,72,5.0,2,1
2139,29903416,29903416,134,121,1,384,384,41.0,2,1
2140,29903416,29903416,238,126,0,133,133,9.0,1,1
2141,29903431,29903431,230,133,0,39,39,29.0,1,1
2142,29903431,29903431,184,91,1,77,77,40.0,1,1
2143,29903432,29903432,235,71,0,71,71,10.0,3,1
2144,29903432,29903432,70,39,1,-1,-1,nan,0,0
2145,29903433,29903433,148,139,0,254,254,10.0,2,1
2146,29903434,29903434,180,93,1,77,77,4.0,1,1
2147,29903444,29903444,22,99,0,72,72,25.0,2,1
2148,29903445,29903445,75,19,0,50,50,17.0,2,1
2149,29903453,29903453,145,124,1,357,357,10.0,2,1
2150,29903462,29903462,144,136,0,130,130,25.0,2,1
2151,29903470,29903470,218,132,0,-1,-1,nan,0,0
2152,29903473,29903473,164,45,0,344,344,0.0,5,1
2153,29903481,29903481,229,134,0,39,39,37.0,1,1
2154,29903481,29903481,175,104,0,29,29,1.0,2,1
2155,29903483,29903483,37,107,0,25,25,20.0,1,1
2156,29903486,29903486,123,120,1,75,75,53.0,1,1
2157,29903495,29903495,116,124,0,75,75,36.0,1,1
2158,29903498,29903498,236,133,1,176,176,8.0,1,1
2159,29903500,29903500,226,64,1,164,164,40.0,2,1
2160,29903503,29903503,159,125,1,37,37,5.0,3,1
2161,29903504,29903504,182,173,1,139,139,16.0,2,1
2162,29903506,29903506,79,45,1,58,58,0.0,1,1
2163,29903509,29903509,186,110,0,30,30,10.0,2,1
2164,29903519,29903519,129,122,1,384,384,37.0,1,1
2165,29903520,29903520,80,22,0,2,2,5.0,2,1
2166,29903522,29903522,228,62,1,205,205,50.0,2,1
2167,29903527,29903527,179,93,1,77,77,1.0,2,1
2168,29903529,29903529,179,109,0,30,30,16.0,2,1
2169,29903532,29903532,115,92,1,27,27,26.0,1,1
2170,29903540,29903540,35,117,1,25,25,52.0,1,1
2171,29903543,29903543,159,43,1,61,61,1.0,3,1
2172,29903545,29903545,231,139,0,87,87,8.0,1,1
2173,29903546,29903546,222,150,0,47,47,18.0,2,1
2174,29903550,29903550,8,103,0,119,119,10.0,3,1
2175,29903550,29903550,29,115,1,165,165,32.0,2,1
2176,29903551,29903551,225,66,1,164,164,17.0,2,1
2177,29903551,29903551,235,143,0,87,87,8.0,1,1
2178,29903551,29903551,28,94,0,72,72,8.0,4,1
2179,29903552,29903552,158,128,1,37,37,13.0,2,1
2180,29903558,29903558,147,124,1,357,357,2.0,2,1
2181,29903560,29903560,187,90,1,-1,-1,nan,0,0
2182,29903568,29903568,182,112,0,30,30,10.0,1,1
2183,29903568,29903568,154,140,0,254,254,13.0,2,1
2184,29903568,29903568,167,36,1,376,376,1.0,5,1
2185,29903570,29903570,124,121,1,384,384,61.0,1,1
2186,29903571,29903571,9,103,0,119,119,9.0,3,1
2187,29903575,29903575,66,27,1,-1,-1,nan,0,0
2188,29903581,29903581,75,41,1,58,58,32.0,1,1
2189,29903581,29903581,232,122,1,217,217,5.0,3,1
2190,29903583,29903583,234,71,0,71,71,13.0,3,1
2191,29903588,29903588,228,78,0,23,23,5.0,1,1
2192,29903589,29903589,128,135,0,36,36,1.0,2,1
2193,29903589,29903589,128,134,0,36,36,2.0,2,1
2194,29903596,29903596,24,95,0,72,72,5.0,2,1
2195,29903599,29903599,104,13,0,145,145,4.0,2,1
2196,29903602,29903602,22,98,0,72,72,20.0,2,1
2197,29903606,29903606,169,52,0,155,155,2.0,2,1
2198,29903611,29903611,147,138,0,254,254,16.0,2,1
2199,29903611,29903611,171,47,0,275,275,1.0,4,1
2200,29903622,29903622,236,66,1,71,71,4.0,3,1
2201,29903625,29903625,177,94,1,77,77,2.0,2,1
2202,29903635,29903635,184,111,0,30,30,5.0,1,1
2203,29903639,29903639,187,110,0,30,30,17.0,2,1
2204,29903643,29903643,76,21,0,2,2,8.0,3,1
2205,29903647,29903647,119,119,1,75,75,10.0,1,1
2206,29903648,29903648,79,22,0,2,2,2.0,2,1
2207,29903648,29903648,30,98,0,166,166,9.0,2,1
2208,29903656,29903656,123,134,0,36,36,17.0,2,1
2209,29903656,29903656,83,37,0,10,10,1.0,1,1
2210,29903659,29903659,230,122,1,217,217,1.0,2,1
2211,29903676,29903676,32,101,0,166,166,10.0,2,1
2212,29903679,29903679,37,114,1,25,25,13.0,1,1
2213,29903682,29903682,114,132,0,35,35,1.0,1,1
2214,29903685,29903685,159,127,1,37,37,5.0,3,1
2215,29903685,29903685,161,32,1,13,13,0.0,4,1
2216,29903687,29903687,237,69,0,71,71,2.0,3,1
2217,29903690,29903690,183,174,1,139,139,26.0,2,1
2218,29903690,29903690,162,42,1,344,344,13.0,3,1
2219,29903690,29903690,175,42,1,197,197,8.0,3,1
2220,29903699,29903699,173,33,1,109,109,0.0,3,1
2221,29903709,29903709,230,139,0,87,87,13.0,1,1
2222,29903712,29903712,191,96,1,78,78,4.0,1,1
2223,29903714,29903714,152,127,1,357,357,32.0,1,1
2224,29903717,29903717,37,113,1,25,25,8.0,1,1
2225,29903717,29903717,175,36,0,109,109,13.0,2,1
2226,29903721,29903721,237,136,1,176,176,2.0,2,1
2227,29903722,29903722,116,127,0,35,35,26.0,1,1
2228,29903731,29903731,28,113,1,165,165,13.0,2,1
2229,29903733,29903733,227,63,1,118,118,52.0,2,1
2230,29903733,29903733,29,94,0,72,72,13.0,4,1
2231,29903737,29903737,20,103,1,24,24,2.0,1,1
2232,29903738,29903738,82,42,0,10,10,17.0,2,1
2233,29903740,29903740,177,174,1,139,139,2.0,3,1
2234,29903751,29903751,162,35,1,13,13,10.0,3,1
2235,29903751,29903751,130,134,0,36,36,10.0,2,1
2236,29903756,29903756,183,90,1,77,77,34.0,1,1
2237,29903759,29903759,159,135,1,85,85,9.0,2,1
2238,29903761,29903761,160,129,1,37,37,10.0,3,1
2239,29903763,29903763,163,39,1,237,237,5.0,5,1
2240,29903768,29903768,106,81,0,-1,-1,nan,0,0
2241,29903769,29903769,71,40,1,-1,-1,nan,0,0
2242,29903769,29903769,227,64,1,118,118,41.0,2,1
2243,29903771,29903771,84,36,0,10,10,5.0,1,1
2244,29903779,29903779,30,95,0,72,72,17.0,3,1
2245,29903784,29903784,175,32,1,109,109,5.0,2,1
2246,29903789,29903789,184,174,1,46,46,25.0,2,1
2247,29903797,29903797,115,125,0,35,35,49.0,2,1
2248,29903823,29903823,174,105,0,29,29,5.0,2,1
2249,29903825,29903825,182,92,1,77,77,17.0,1,1
2250,29903825,29903825,138,136,0,130,130,1.0,3,1
2251,29903826,29903826,231,76,0,23,23,4.0,2,1
2252,29903831,29903831,228,131,0,39,39,9.0,1,1
2253,29903831,29903831,78,21,0,2,2,4.0,3,1
2254,29903836,29903836,176,107,0,29,29,17.0,2,1
2255,29903836,29903836,176,174,1,139,139,5.0,3,1
2256,29903851,29903851,182,108,0,30,30,2.0,1,1
2257,29903853,29903853,229,77,0,23,23,1.0,1,1
2258,29903856,29903856,26,116,1,206,206,17.0,3,1
2259,29903856,29903856,132,135,0,173,173,2.0,3,1
2260,29903859,29903859,231,62,1,205,205,17.0,3,1
2261,29903865,29903865,187,179,1,46,46,29.0,1,1
2262,29903866,29903866,234,144,0,87,87,10.0,1,1
2263,29903866,29903866,84,37,0,10,10,2.0,1,1
2264,29903876,29903876,218,133,0,-1,-1,nan,0,0
2265,29903876,29903876,217,125,0,256,256,2.0,1,1
2266,29903882,29903882,74,19,0,50,50,10.0,2,1
2267,29903884,29903884,80,34,0,10,10,25.0,2,1
2268,29903892,29903892,234,70,0,71,71,8.0,4,1
2269,29903895,29903895,114,128,0,35,35,17.0,1,1
2270,29903896,29903896,30,115,1,165,165,41.0,1,1
2271,29903908,29903908,161,45,0,344,344,9.0,3,1
2272,29903912,29903912,229,130,0,39,39,5.0,1,1
2273,29903913,29903913,228,79,0,23,23,10.0,1,1
2274,29903913,29903913,149,139,0,254,254,5.0,2,1
2275,29903922,29903922,139,136,0,130,130,0.0,3,1
2276,29903923,29903923,77,32,0,144,144,17.0,1,1
2277,29903926,29903926,64,30,1,106,106,34.0,2,1
2278,29903927,29903927,23,98,0,72,72,13.0,2,1
2279,29903928,29903928,116,126,0,35,35,37.0,1,1
2280,29903929,29903929,185,174,1,46,46,16.0,2,1
2281,29903934,29903934,72,41,1,-1,-1,nan,0,0
2282,29903937,29903937,79,24,0,2,2,2.0,2,1
2283,29903939,29903939,173,38,0,310,310,1.0,4,1
2284,29903939,29903939,154,139,0,254,254,10.0,2,1
2285,29903947,29903947,84,40,0,10,10,5.0,2,1
2286,29903949,29903949,129,135,0,36,36,4.0,2,1
2287,29903961,29903961,136,122,1,324,324,26.0,1,1
2288,29903962,29903962,171,35,1,109,109,8.0,3,1
2289,29903964,29903964,183,112,0,30,30,9.0,1,1
2290,29903965,29903965,159,45,0,61,61,5.0,3,1
2291,29903970,29903970,228,125,1,39,39,9.0,2,1
2292,29903975,29903975,232,145,0,87,87,17.0,1,1
2293,29903975,29903975,235,70,0,71,71,5.0,3,1
2294,29903977,29903977,226,132,0,39,39,20.0,1,1
2295,29903978,29903978,232,71,0,118,118,5.0,3,1
2296,29903985,29903985,64,31,1,106,106,25.0,2,1
2297,29903989,29903989,181,175,1,139,139,13.0,1,1
2298,29903992,29903992,76,26,0,144,144,4.0,3,1
2299,29903992,29903992,236,127,0,133,133,20.0,1,1
2300,29903995,29903995,186,109,0,30,30,9.0,2,1
2301,29904000,29904000,122,134,0,36,36,26.0,3,1
2302,29904001,29904001,146,135,0,254,254,34.0,2,1
2303,29904011,29904011,190,108,0,125,125,10.0,2,1
2304,29904016,29904016,182,174,1,139,139,17.0,2,1
2305,29904025,29904025,234,69,0,71,71,5.0,3,1
2306,29904026,29904026,233,71,0,118,118,8.0,3,1
2307,29904026,29904026,23,97,0,72,72,10.0,2,1
2308,29904031,29904031,226,130,1,39,39,8.0,1,1
2309,29904037,29904037,23,78,0,16,16,4.0,4,1
2310,29904041,29904041,68,38,1,106,106,58.0,1,1
2311,29904042,29904042,231,143,0,87,87,8.0,1,1
2312,29904042,29904042,183,111,0,30,30,4.0,1,1
2313,29904047,29904047,190,94,1,78,78,13.0,1,1
2314,29904047,29904047,230,131,0,39,39,13.0,1,1
2315,29904051,29904051,188,91,1,78,78,50.0,1,1
2316,29904052,29904052,118,133,0,35,35,10.0,1,1
2317,29904057,29904057,183,93,1,77,77,25.0,1,1
2318,29904062,29904062,177,108,0,29,29,29.0,2,1
2319,29904066,29904066,115,127,0,35,35,25.0,1,1
2320,29904067,29904067,235,124,1,133,133,10.0,2,1
2321,29904071,29904071,36,110,0,25,25,10.0,1,1
2322,29904072,29904072,33,116,1,25,25,61.0,1,1
2323,29904075,29904075,124,122,1,-1,-1,nan,0,0
2324,29904076,29904076,75,42,1,58,58,25.0,1,1
2325,29904083,29904083,28,114,1,165,165,18.0,2,1
2326,29904091,29904091,230,141,0,87,87,9.0,1,1
2327,29904092,29904092,178,108,0,30,30,26.0,2,1
2328,29904100,29904100,231,140,0,87,87,5.0,1,1
2329,29904102,29904102,232,123,1,217,217,8.0,3,1
2330,29904109,29904109,227,77,0,23,23,5.0,2,1
2331,29904112,29904112,158,45,0,61,61,4.0,3,1
2332,29904113,29904113,232,141,0,87,87,1.0,1,1
2333,29904114,29904114,73,40,1,58,58,61.0,1,1
2334,29904121,29904121,170,49,0,155,155,8.0,3,1
2335,29904126,29904126,21,98,0,72,72,29.0,2,1
2336,29904127,29904127,146,126,1,357,357,13.0,2,1
2337,29904131,29904131,224,71,1,164,164,1.0,3,1
2338,29904137,29904137,135,136,0,173,173,4.0,3,1
2339,29904137,29904137,94,0,0,-1,-1,nan,0,0
2340,29904142,29904142,27,115,1,165,165,20.0,2,1
2341,29904143,29904143,170,48,0,275,275,5.0,3,1
2342,29904145,29904145,237,143,0,87,87,20.0,1,1
2343,29904147,29904147,229,62,1,205,205,37.0,2,1
2344,29904150,29904150,187,177,1,46,46,13.0,1,1
2345,29904152,29904152,38,107,0,25,25,17.0,1,1
2346,29904152,29904152,225,68,1,164,164,5.0,2,1
2347,29904153,29904153,187,89,1,70,70,50.0,1,1
2348,29904168,29904168,220,141,1,-1,-1,nan,0,0
2349,29904169,29904169,185,92,1,77,77,50.0,1,1
2350,29904180,29904180,235,141,1,87,87,4.0,2,1
2351,29904186,29904186,237,140,1,87,87,17.0,2,1
2352,29904186,29904186,147,125,1,357,357,5.0,2,1
2353,29904190,29904190,231,73,0,23,23,13.0,4,1
2354,29904190,29904190,119,1,0,3,3,9.0,2,1
2355,29904191,29904191,237,142,0,87,87,17.0,2,1
2356,29904200,29904200,219,137,0,-1,-1,nan,0,0
2357,29904203,29904203,175,98,1,249,249,4.0,3,1
2358,29904206,29904206,170,52,0,155,155,5.0,2,1
2359,29904209,29904209,217,126,1,256,256,5.0,1,1
2360,29904210,29904210,141,136,0,130,130,4.0,1,1
2361,29904211,29904211,114,91,1,27,27,36.0,1,1
2362,29904211,29904211,114,94,1,27,27,9.0,1,1
2363,29904211,29904211,233,70,0,118,118,5.0,4,1
2364,29904216,29904216,236,131,1,176,176,20.0,1,1
2365,29904219,29904219,167,47,1,344,344,13.0,3,1
2366,29904226,29904226,230,79,0,23,23,10.0,1,1
2367,29904226,29904226,69,21,1,50,50,5.0,1,1
2368,29904239,29904239,192,97,1,78,78,2.0,1,1
2369,29904240,29904240,77,42,1,58,58,13.0,2,1
2370,29904245,29904245,70,22,1,50,50,5.0,1,1
2371,29904247,29904247,152,139,0,254,254,2.0,3,1
2372,29904251,29904251,232,70,0,118,118,2.0,4,1
2373,29904262,29904262,29,114,1,165,165,25.0,2,1
2374,29904262,29904262,74,31,0,144,144,13.0,1,1
2375,29904268,29904268,230,80,0,23,23,17.0,1,1
2376,29904268,29904268,236,125,1,133,133,8.0,2,1
2377,29904270,29904270,27,93,0,72,72,10.0,4,1
2378,29904273,29904273,150,125,1,357,357,8.0,1,1
2379,29904277,29904277,74,30,0,144,144,8.0,1,1
2380,29904278,29904278,171,34,1,109,109,5.0,3,1
2381,29904287,29904287,138,123,1,324,324,13.0,1,1
2382,29904288,29904288,185,175,1,46,46,17.0,2,1
2383,29904289,29904289,83,38,0,10,10,0.0,1,1
2384,29904289,29904289,176,43,1,197,197,2.0,4,1
2385,29904291,29904291,178,95,1,77,77,4.0,2,1
2386,29904298,29904298,32,120,1,250,250,34.0,1,1
2387,29904301,29904301,187,93,1,78,78,45.0,1,1
2388,29904301,29904301,190,93,1,78,78,18.0,1,1
2389,29904303,29904303,229,136,1,87,87,41.0,1,1
2390,29904307,29904307,231,134,0,39,39,45.0,3,1
2391,29904308,29904308,75,27,0,144,144,2.0,2,1
2392,29904309,29904309,78,23,0,2,2,0.0,3,1
2393,29904309,29904309,82,35,0,10,10,10.0,1,1
2394,29904309,29904309,140,124,1,324,324,10.0,1,1
2395,29904317,29904317,169,43,0,275,275,13.0,3,1
2396,29904322,29904322,185,91,1,77,77,53.0,1,1
2397,29904322,29904322,175,35,0,109,109,8.0,2,1
2398,29904323,29904323,230,138,0,87,87,18.0,1,1
2399,29904325,29904325,115,94,1,27,27,10.0,1,1
2400,29904327,29904327,61,34,1,106,106,1.0,2,1
2401,29904332,29904332,218,126,1,256,256,4.0,1,1
2402,29904334,29904334,25,95,0,72,72,2.0,2,1
2403,29904334,29904334,161,128,1,37,37,4.0,3,1
2404,29904340,29904340,151,125,1,357,357,13.0,1,1
2405,29904340,29904340,110,0,1,3,3,37.0,1,1
2406,29904343,29904343,177,44,1,197,197,0.0,4,1
2407,29904345,29904345,127,121,1,384,384,34.0,1,1
2408,29904347,29904347,75,29,0,144,144,2.0,2,1
2409,29904353,29904353,150,137,0,254,254,2.0,2,1
2410,29904359,29904359,156,128,1,37,37,29.0,2,1
2411,29904360,29904360,31,97,0,166,166,5.0,3,1
2412,29904361,29904361,69,39,1,-1,-1,nan,0,0
2413,29904366,29904366,174,38,0,310,310,2.0,4,1
2414,29904374,29904374,157,128,1,37,37,20.0,2,1
2415,29904376,29904376,26,93,0,72,72,9.0,2,1
2416,29904376,29904376,233,144,0,87,87,9.0,1,1
2417,29904378,29904378,40,109,1,25,25,5.0,1,1
2418,29904380,29904380,231,123,1,217,217,5.0,3,1
2419,29904395,29904395,162,45,0,344,344,4.0,3,1
2420,29904397,29904397,81,34,0,10,10,20.0,2,1
2421,29904401,29904401,221,145,0,-1,-1,nan,0,0
2422,29904402,29904402,231,135,0,87,87,40.0,3,1
2423,29904402,29904402,21,100,0,24,24,16.0,2,1
2424,29904402,29904402,157,140,0,85,85,8.0,3,1
2425,29904410,29904410,151,127,1,357,357,25.0,1,1
2426,29904412,29904412,178,173,1,139,139,0.0,3,1
2427,29904420,29904420,174,31,1,109,109,5.0,2,1
2428,29904422,29904422,26,94,0,72,72,4.0,2,1
2429,29904422,29904422,188,94,1,78,78,29.0,1,1
2430,29904422,29904422,73,30,0,144,144,13.0,1,1
2431,29904423,29904423,25,93,0,72,72,10.0,2,1
2432,29904425,29904425,133,122,1,384,384,45.0,1,1
2433,29904431,29904431,176,46,0,197,197,5.0,4,1
2434,29904438,29904438,71,21,1,50,50,1.0,2,1
2435,29904448,29904448,77,27,0,144,144,2.0,2,1
2436,29904450,29904450,180,47,0,198,198,10.0,2,1
2437,29904451,29904451,182,93,1,77,77,16.0,1,1
2438,29904458,29904458,63,35,1,106,106,4.0,1,1
2439,29904458,29904458,172,35,1,109,109,5.0,3,1
2440,29904459,29904459,98,8,1,145,145,41.0,1,1
2441,29904459,29904459,168,52,1,155,155,1.0,3,1
2442,29904462,29904462,149,126,1,357,357,10.0,1,1
2443,29904462,29904462,154,126,1,357,357,45.0,2,1
2444,29904463,29904463,149,124,1,357,357,2.0,1,1
2445,29904466,29904466,224,69,1,164,164,1.0,2,1
2446,29904469,29904469,236,134,1,176,176,5.0,2,1
2447,29904471,29904471,161,127,1,37,37,1.0,3,1
2448,29904483,29904483,121,133,0,35,35,37.0,2,1
2449,29904484,29904484,230,143,0,87,87,13.0,1,1
2450,29904502,29904502,218,123,1,256,256,1.0,2,1
2451,29904505,29904505,79,25,0,2,2,5.0,2,1
2452,29904508,29904508,176,95,1,77,77,8.0,2,1
2453,29904510,29904510,134,124,1,324,324,58.0,1,1
2454,29904518,29904518,229,132,0,39,39,17.0,1,1
2455,29904524,29904524,158,138,1,85,85,1.0,3,1
2456,29904524,29904524,158,43,1,61,61,0.0,3,1
2457,29904525,29904525,190,107,0,125,125,5.0,2,1
2458,29904528,29904528,34,115,1,25,25,41.0,1,1
2459,29904529,29904529,73,41,1,58,58,52.0,1,1
2460,29904536,29904536,175,34,0,109,109,5.0,2,1
2461,29904543,29904543,151,126,1,357,357,18.0,1,1
2462,29904553,29904553,143,136,0,130,130,16.0,1,1
2463,29904558,29904558,174,36,0,109,109,10.0,3,1
2464,29904558,29904558,229,135,0,39,39,50.0,2,1
2465,29904559,29904559,231,138,0,87,87,13.0,2,1
2466,29904564,29904564,189,95,1,78,78,17.0,1,1
2467,29904571,29904571,66,36,1,106,106,26.0,1,1
2468,29904582,29904582,232,144,0,87,87,10.0,1,1
2469,29904589,29904589,76,28,0,144,144,0.0,2,1
2470,29904590,29904590,170,51,0,155,155,4.0,2,1
2471,29904590,29904590,161,42,1,61,61,10.0,3,1
2472,29904592,29904592,35,113,1,25,25,20.0,1,1
2473,29904594,29904594,164,40,1,237,237,13.0,4,1
2474,29904598,29904598,132,122,1,384,384,40.0,1,1
2475,29904598,29904598,134,122,1,324,324,50.0,2,1
2476,29904613,29904613,190,96,1,78,78,9.0,1,1
2477,29904613,29904613,84,39,0,10,10,2.0,2,1
2478,29904621,29904621,121,134,0,36,36,37.0,3,1
2479,29904622,29904622,80,23,0,2,2,4.0,2,1
2480,29904628,29904628,116,130,0,35,35,5.0,1,1
2481,29904631,29904631,224,131,1,39,39,25.0,1,1
2482,29904641,29904641,150,138,0,254,254,1.0,2,1
2483,29904641,29904641,69,24,1,50,50,20.0,1,1
2484,29904642,29904642,75,28,0,144,144,1.0,2,1
2485,29904647,29904647,114,130,0,35,35,5.0,1,1
2486,29904651,29904651,163,38,1,237,237,4.0,5,1
2487,29904653,29904653,128,121,1,384,384,29.0,1,1
2488,29904654,29904654,112,18,0,99,99,4.0,1,1
2489,29904667,29904667,145,125,1,357,357,13.0,2,1
2490,29904670,29904670,156,140,0,85,85,13.0,2,1
2491,29904675,29904675,30,104,0,166,166,45.0,1,1
2492,29904675,29904675,32,116,1,-1,-1,nan,0,0
2493,29904679,29904679,127,122,1,384,384,45.0,1,1
2494,29904685,29904685,175,44,0,197,197,4.0,3,1
2495,29904694,29904694,144,125,1,357,357,20.0,2,1
2496,29904694,29904694,145,137,0,130,130,37.0,3,1
2497,29904700,29904700,185,110,1,30,30,5.0,2,1
2498,29904700,29904700,184,176,1,46,46,29.0,2,1
2499,29904700,29904700,21,99,0,24,24,25.0,2,1
2500,29904708,29904708,115,132,0,35,35,0.0,1,1
2501,29904713,29904713,188,174,1,46,46,1.0,2,1
2502,29904714,29904714,234,140,0,87,87,2.0,2,1
2503,29904720,29904720,21,103,1,24,24,1.0,1,1
2504,29904723,29904723,179,95,1,77,77,5.0,2,1
2505,29904729,29904729,126,135,0,36,36,1.0,3,1
2506,29904736,29904736,230,62,1,205,205,26.0,2,1
2507,29904740,29904740,188,110,0,30,30,26.0,2,1
2508,29904746,29904746,187,108,1,30,30,17.0,2,1
2509,29904746,29904746,237,127,0,133,133,17.0,1,1
2510,29904746,29904746,231,136,0,87,87,29.0,2,1
2511,29904747,29904747,78,26,0,144,144,8.0,2,1
2512,29904751,29904751,130,121,1,384,384,25.0,1,1
2513,29904755,29904755,159,133,1,215,215,5.0,3,1
2514,29904755,29904755,235,125,1,133,133,13.0,3,1
2515,29904757,29904757,178,109,0,30,30,25.0,2,1
2516,29904757,29904757,24,96,0,72,72,4.0,1,1
2517,29904761,29904761,37,111,1,25,25,4.0,1,1
2518,29904766,29904766,185,111,0,30,30,8.0,1,1
2519,29904767,29904767,231,141,1,87,87,4.0,1,1
2520,29904767,29904767,161,44,0,61,61,10.0,3,1
2521,29904788,29904788,236,70,0,71,71,4.0,3,1
2522,29904788,29904788,235,128,1,133,133,34.0,3,1
2523,29904788,29904788,96,89,1,67,67,5.0,1,1
2524,29904788,29904788,231,69,0,118,118,0.0,5,1
2525,29904790,29904790,181,93,1,77,77,9.0,1,1
2526,29904791,29904791,137,137,0,130,130,5.0,3,1
2527,29904792,29904792,140,125,1,324,324,17.0,1,1
2528,29904795,29904795,162,44,0,344,344,5.0,3,1
2529,29904796,29904796,77,33,0,144,144,26.0,2,1
2530,29904801,29904801,128,123,1,384,384,53.0,1,1
2531,29904801,29904801,175,105,0,29,29,4.0,2,1
2532,29904805,29904805,191,97,1,78,78,5.0,1,1
2533,29904805,29904805,33,117,1,-1,-1,nan,0,0
2534,29904806,29904806,186,176,1,46,46,13.0,1,1
2535,29904811,29904811,80,24,0,2,2,5.0,2,1
2536,29904813,29904813,225,75,0,23,23,17.0,2,1
2537,29904814,29904814,119,0,0,3,3,10.0,2,1
2538,29904819,29904819,181,94,1,77,77,10.0,1,1
2539,29904819,29904819,178,175,1,139,139,4.0,3,1
2540,29904831,29904831,231,142,0,87,87,5.0,1,1
2541,29904834,29904834,193,98,1,78,78,4.0,2,1
2542,29904845,29904845,225,67,1,164,164,10.0,2,1
2543,29904848,29904848,114,127,0,35,35,26.0,1,1
2544,29904850,29904850,65,38,1,106,106,25.0,1,1
2545,29904855,29904855,225,76,0,23,23,16.0,2,1
2546,29904855,29904855,158,137,1,85,85,2.0,3,1
2547,29904857,29904857,27,95,0,72,72,2.0,3,1
2548,29904862,29904862,173,35,1,109,109,4.0,3,1
2549,29904869,29904869,164,44,0,344,344,1.0,4,1
2550,29904874,29904874,231,122,1,217,217,2.0,3,1
2551,29904874,29904874,221,146,0,-1,-1,nan,0,0
2552,29904878,29904878,171,49,0,275,275,9.0,3,1
2553,29904879,29904879,229,63,1,205,205,36.0,2,1
2554,29904884,29904884,233,123,1,217,217,13.0,3,1
2555,29904884,29904884,230,140,0,87,87,10.0,1,1
2556,29904885,29904885,181,111,0,30,30,8.0,1,1
2557,29904891,29904891,236,71,0,71,71,9.0,2,1
2558,29904896,29904896,158,44,1,61,61,1.0,3,1
2559,29904909,29904909,138,137,0,130,130,2.0,3,1
2560,29904915,29904915,150,139,0,254,254,2.0,2,1
2561,29904916,29904916,79,33,0,144,144,34.0,2,1
2562,29904917,29904917,181,174,1,139,139,10.0,1,1
2563,29904926,29904926,172,36,1,109,109,10.0,3,1
2564,29904927,29904927,231,132,0,39,39,25.0,2,1
2565,29904927,29904927,23,96,0,72,72,9.0,1,1
2566,29904932,29904932,178,93,1,77,77,0.0,2,1
2567,29904932,29904932,149,125,1,357,357,5.0,1,1
2568,29904935,29904935,150,127,1,357,357,20.0,1,1
2569,29904935,29904935,174,46,0,275,275,9.0,4,1
2570,29904937,29904937,141,135,0,130,130,5.0,1,1
2571,29904946,29904946,78,32,0,144,144,20.0,2,1
2572,29904951,29904951,237,138,1,176,176,10.0,2,1
2573,29904956,29904956,174,34,1,109,109,2.0,3,1
2574,29904958,29904958,153,137,0,254,254,5.0,2,1
2575,29904958,29904958,230,134,1,39,39,40.0,2,1
2576,29904960,29904960,182,110,0,30,30,2.0,1,1
2577,29904960,29904960,32,104,0,166,166,37.0,1,1
2578,29904960,29904960,35,104,0,166,166,40.0,1,1
2579,29904962,29904962,166,35,1,376,376,1.0,4,1
2580,29904970,29904970,125,134,0,36,36,5.0,2,1
2581,29904971,29904971,220,142,0,-1,-1,nan,0,0
2582,29904971,29904971,124,133,0,36,36,13.0,1,1
2583,29904973,29904973,230,132,0,39,39,20.0,1,1
2584,29904973,29904973,230,123,1,217,217,4.0,2,1
2585,29904975,29904975,233,63,1,205,205,4.0,3,1
2586,29904986,29904986,226,67,1,164,164,13.0,2,1
2587,29904988,29904988,116,128,0,35,35,17.0,1,1
2588,29904989,29904989,122,120,1,75,75,40.0,1,1
2589,29904994,29904994,175,33,1,109,109,4.0,2,1
2590,29904994,29904994,139,123,1,324,324,8.0,1,1
2591,29905004,29905004,178,94,1,77,77,1.0,2,1
2592,29905009,29905009,236,72,0,71,71,16.0,2,1
2593,29905009,29905009,147,137,0,254,254,17.0,2,1
2594,29905012,29905012,115,122,0,75,75,17.0,1,1
2595,29905012,29905012,117,0,0,3,3,2.0,2,1
2596,29905013,29905013,25,107,1,165,165,16.0,2,1
2597,29905017,29905017,63,34,1,106,106,5.0,1,1
2598,29905017,29905017,164,34,1,376,376,10.0,3,1
2599,29905017,29905017,164,35,1,376,376,9.0,3,1
2600,29905018,29905018,139,137,0,130,130,1.0,3,1
2601,29905019,29905019,160,43,1,61,61,4.0,3,1
2602,29905019,29905019,117,133,0,35,35,5.0,1,1
2603,29905030,29905030,237,141,1,87,87,16.0,2,1
2604,29905037,29905037,170,37,1,310,310,13.0,3,1
2605,29905042,29905042,229,80,0,23,23,16.0,1,1
2606,29905050,29905050,101,9,0,145,145,17.0,1,1
2607,29905056,29905056,28,93,0,72,72,13.0,4,1
2608,29905056,29905056,189,93,1,78,78,25.0,1,1
2609,29905058,29905058,231,137,0,87,87,20.0,2,1
2610,29905061,29905061,120,120,1,75,75,20.0,1,1
2611,29905063,29905063,134,123,1,324,324,53.0,1,1
2612,29905065,29905065,160,132,1,215,215,1.0,4,1
2613,29905066,29905066,155,126,1,37,37,36.0,2,1
2614,29905066,29905066,229,126,1,39,39,5.0,2,1
2615,29905066,29905066,102,10,0,145,145,9.0,1,1
2616,29905068,29905068,132,136,0,173,173,1.0,3,1
2617,29905086,29905086,65,30,1,106,106,41.0,2,1
2618,29905097,29905097,81,40,0,10,10,8.0,2,1
2619,29905109,29905109,95,1,0,-1,-1,nan,0,0
2620,29905110,29905110,181,92,1,77,77,10.0,1,1
2621,29905114,29905114,174,39,0,310,310,1.0,4,1
2622,29905114,29905114,230,142,0,87,87,10.0,1,1
2623,29905126,29905126,168,37,1,376,376,5.0,4,1
2624,29905131,29905131,190,179,1,46,46,26.0,1,1
2625,29905147,29905147,231,71,0,118,118,4.0,4,1
2626,29905151,29905151,116,129,0,35,35,10.0,1,1
2627,29905158,29905158,63,33,1,106,106,8.0,2,1
2628,29905159,29905159,231,72,0,118,118,9.0,4,1
2629,29905159,29905159,187,178,1,46,46,20.0,1,1
2630,29905168,29905168,22,100,0,24,24,17.0,2,1
2631,29905172,29905172,192,98,1,78,78,5.0,2,1
2632,29905173,29905173,122,133,0,36,36,29.0,2,1
2633,29905183,29905183,232,121,1,217,217,4.0,2,1
2634,29905184,29905184,77,20,0,2,2,10.0,2,1
2635,29905193,29905193,81,44,0,58,58,5.0,2,1
2636,29905194,29905194,74,42,1,58,58,34.0,1,1
2637,29905195,29905195,186,175,1,46,46,10.0,1,1
2638,29905195,29905195,180,109,0,30,30,9.0,2,1
2639,29905203,29905203,151,138,0,254,254,0.0,2,1
2640,29905204,29905204,185,177,1,46,46,25.0,1,1
2641,29905205,29905205,228,64,1,118,118,34.0,3,1
2642,29905207,29905207,236,143,0,87,87,13.0,1,1
2643,29905213,29905213,33,118,1,250,250,61.0,1,1
2644,29905219,29905219,226,65,1,164,164,29.0,2,1
2645,29905220,29905220,135,123,1,324,324,40.0,1,1
2646,29905220,29905220,186,178,1,46,46,25.0,1,1
2647,29905225,29905225,62,35,1,106,106,1.0,2,1
2648,29905231,29905231,145,138,0,254,254,36.0,3,1
2649,29905233,29905233,228,63,1,118,118,45.0,2,1
2650,29905239,29905239,33,100,0,166,166,4.0,1,1
2651,29905249,29905249,70,38,1,-1,-1,nan,0,0
2652,29905250,29905250,73,43,1,58,58,40.0,1,1
2653,29905254,29905254,157,45,0,61,61,5.0,2,1
2654,29905259,29905259,237,72,0,71,71,17.0,2,1
2655,29905261,29905261,164,41,1,344,344,16.0,4,1
2656,29905261,29905261,114,129,0,35,35,10.0,1,1
2657,29905264,29905264,141,125,1,324,324,16.0,2,1
2658,29905267,29905267,112,75,1,19,19,1.0,1,1
2659,29905272,29905272,63,32,1,106,106,13.0,2,1
2660,29905272,29905272,19,102,0,24,24,8.0,2,1
2661,29905274,29905274,189,109,0,125,125,20.0,2,1
2662,29905277,29905277,169,37,1,376,376,8.0,3,1
2663,29905291,29905291,75,43,1,58,58,20.0,1,1
2664,29905295,29905295,76,30,0,144,144,4.0,2,1
2665,29905296,29905296,157,127,1,37,37,17.0,2,1
2666,29905297,29905297,144,138,0,130,130,29.0,3,1
2667,29905305,29905305,47,35,0,9,9,13.0,3,1
2668,29905306,29905306,231,144,0,87,87,13.0,1,1
2669,29905315,29905315,233,124,1,217,217,18.0,3,1
2670,29905318,29905318,182,111,0,30,30,5.0,1,1
2671,29905331,29905331,227,132,0,39,39,17.0,1,1
2672,29905337,29905337,150,126,1,357,357,13.0,1,1
2673,29905352,29905352,160,128,1,37,37,5.0,3,1
2674,29905357,29905357,236,135,1,176,176,4.0,2,1
2675,29905359,29905359,229,79,0,23,23,9.0,1,1
2676,29905361,29905361,179,47,0,197,197,13.0,2,1
2677,29905361,29905361,177,46,0,197,197,4.0,3,1
2678,29905369,29905369,64,36,1,106,106,10.0,1,1
2679,29905378,29905378,234,63,1,205,205,1.0,3,1
2680,29905380,29905380,83,40,0,10,10,4.0,2,1
2681,29905385,29905385,186,92,1,-1,-1,nan,0,0
2682,29905385,29905385,67,27,1,-1,-1,nan,0,0
2683,29905388,29905388,156,126,1,37,37,25.0,2,1
2684,29905395,29905395,24,94,0,72,72,8.0,2,1
2685,29905395,29905395,178,106,0,29,29,18.0,2,1
2686,29905395,29905395,228,127,1,39,39,1.0,2,1
2687,29905398,29905398,222,137,1,-1,-1,nan,0,0
2688,29905400,29905400,143,138,0,130,130,20.0,3,1
2689,29905405,29905405,188,177,1,46,46,10.0,1,1
2690,29905406,29905406,229,78,0,23,23,4.0,1,1
2691,29905408,29905408,179,106,0,29,29,25.0,2,1
2692,29905416,29905416,39,110,1,25,25,1.0,1,1
2693,29905416,29905416,164,46,0,344,344,1.0,4,1
2694,29905418,29905418,114,131,0,35,35,2.0,1,1
2695,29905418,29905418,28,97,0,72,72,5.0,2,1
2696,29905418,29905418,231,74,0,23,23,8.0,3,1
2697,29905419,29905419,183,92,1,77,77,26.0,1,1
2698,29905419,29905419,189,108,0,125,125,13.0,2,1
2699,29905425,29905425,235,65,1,205,205,4.0,3,1
2700,29905428,29905428,29,116,1,165,165,41.0,3,1
2701,29905435,29905435,34,104,0,166,166,37.0,1,1
2702,29905439,29905439,234,124,1,133,133,17.0,3,1
2703,29905441,29905441,179,110,1,30,30,17.0,1,1
2704,29905446,29905446,230,78,0,23,23,5.0,1,1
2705,29905452,29905452,171,45,0,275,275,1.0,5,1
2706,29905452,29905452,225,73,0,164,164,10.0,3,1
2707,29905455,29905455,120,121,1,75,75,25.0,1,1
2708,29905457,29905457,140,136,0,130,130,1.0,3,1
2709,29905461,29905461,76,27,0,144,144,1.0,2,1
2710,29905470,29905470,66,28,1,-1,-1,nan,0,0
2711,29905472,29905472,160,127,1,37,37,2.0,3,1
2712,29905472,29905472,141,137,0,130,130,5.0,2,1
2713,29905472,29905472,39,108,0,25,25,9.0,1,1
2714,29905473,29905473,94,2,1,-1,-1,nan,0,0
2715,29905478,29905478,184,92,1,77,77,37.0,1,1
2716,29905493,29905493,99,6,0,145,145,58.0,1,1
2717,29905496,29905496,230,63,1,205,205,25.0,3,1
2718,29905503,29905503,115,93,1,27,27,17.0,1,1
2719,29905509,29905509,118,2,0,3,3,5.0,3,1
2720,29905518,29905518,68,25,1,50,50,34.0,1,1
2721,29905519,29905519,219,138,0,-1,-1,nan,0,0
2722,29905524,29905524,232,140,0,87,87,2.0,2,1
2723,29905536,29905536,139,124,1,324,324,13.0,1,1
2724,29905539,29905539,72,20,1,50,50,1.0,2,1
2725,29905542,29905542,238,126,1,133,133,9.0,1,1
2726,29905544,29905544,142,125,1,324,324,17.0,2,1
2727,29905557,29905557,148,126,1,357,357,9.0,1,1
2728,29905564,29905564,181,112,0,30,30,13.0,2,1
2729,29905570,29905570,235,144,0,87,87,13.0,1,1
2730,29905573,29905573,162,33,1,13,13,2.0,4,1
2731,29905575,29905575,163,41,1,237,237,13.0,4,1
2732,29905579,29905579,121,120,1,75,75,29.0,1,1
2733,29905584,29905584,133,135,0,173,173,1.0,3,1
2734,29905586,29905586,156,125,1,37,37,26.0,1,1
2735,29905596,29905596,96,2,0,-1,-1,nan,0,0
2736,29905604,29905604,235,64,1,205,205,1.0,3,1
2737,29905613,29905613,153,138,0,254,254,4.0,2,1
2738,29905614,29905614,226,77,0,23,23,10.0,2,1
2739,29905624,29905624,229,137,0,87,87,32.0,1,1
2740,29905627,29905627,36,105,0,25,25,45.0,2,1
2741,29905635,29905635,165,45,0,344,344,1.0,4,1
2742,29905642,29905642,176,33,0,109,109,9.0,2,1
2743,29905644,29905644,188,179,1,46,46,26.0,1,1
2744,29905647,29905647,180,174,1,139,139,5.0,1,1
2745,29905681,29905681,35,106,0,25,25,41.0,1,1
2746,29905681,29905681,234,72,0,118,118,18.0,3,1
2747,29905691,29905691,234,143,0,87,87,5.0,1,1
2748,29905694,29905694,237,71,0,71,71,10.0,2,1
2749,29905694,29905694,186,111,0,30,30,13.0,2,1
2750,29905713,29905713,75,30,0,144,144,5.0,2,1
2751,29905714,29905714,77,28,0,144,144,1.0,2,1
2752,29905716,29905716,177,95,1,77,77,5.0,2,1
2753,29905717,29905717,192,104,0,125,125,2.0,1,1
2754,29905718,29905718,178,47,0,197,197,10.0,3,1
2755,29905730,29905730,29,97,0,72,72,10.0,3,1
2756,29905735,29905735,226,78,0,23,23,13.0,1,1
2757,29905737,29905737,187,109,0,30,30,16.0,2,1
2758,29905737,29905737,184,110,0,30,30,2.0,1,1
2759,29905738,29905738,235,129,1,133,133,45.0,3,1
2760,29905752,29905752,187,175,1,46,46,5.0,1,1
2761,29905755,29905755,155,140,0,85,85,20.0,2,1
2762,29905760,29905760,177,47,0,197,197,9.0,3,1
2763,29905764,29905764,175,45,1,197,197,5.0,3,1
2764,29905765,29905765,225,69,1,164,164,2.0,2,1
2765,29905768,29905768,227,79,0,23,23,13.0,1,1
2766,29905773,29905773,176,96,1,77,77,13.0,3,1
2767,29905773,29905773,142,123,1,324,324,5.0,2,1
2768,29905781,29905781,179,107,0,30,30,20.0,2,1
2769,29905790,29905790,176,106,0,29,29,10.0,2,1
2770,29905802,29905802,146,138,0,254,254,25.0,3,1
2771,29905804,29905804,163,45,0,344,344,1.0,4,1
2772,29905804,29905804,172,45,0,275,275,2.0,4,1
2773,29905804,29905804,178,107,0,29,29,25.0,2,1
2774,29905809,29905809,120,119,1,75,75,17.0,1,1
2775,29905812,29905812,229,133,0,39,39,26.0,1,1
2776,29905819,29905819,77,26,0,144,144,5.0,2,1
2777,29905826,29905826,182,175,1,139,139,20.0,2,1
2778,29905826,29905826,136,123,1,324,324,29.0,1,1
2779,29905831,29905831,185,109,0,30,30,4.0,2,1
2780,29905838,29905838,143,124,1,324,324,13.0,2,1
2781,29905840,29905840,139,125,1,324,324,20.0,1,1
2782,29905841,29905841,38,108,0,25,25,10.0,1,1
2783,29905846,29905846,126,134,0,36,36,2.0,2,1
2784,29905850,29905850,171,36,1,109,109,13.0,3,1
2785,29905852,29905852,29,98,0,72,72,13.0,2,1
2786,29905855,29905855,78,43,1,58,58,5.0,2,1
2787,29905855,29905855,180,111,0,30,30,13.0,1,1
2788,29905856,29905856,177,107,0,29,29,20.0,2,1
2789,29905858,29905858,226,68,1,164,164,8.0,2,1
2790,29905864,29905864,193,100,0,78,78,16.0,2,1
2791,29905864,29905864,31,102,0,166,166,20.0,2,1
2792,29905872,29905872,232,63,1,205,205,9.0,3,1
2793,29905879,29905879,230,77,0,23,23,2.0,1,1
2794,29905879,29905879,65,36,1,106,106,17.0,1,1
2795,29905894,29905894,173,40,0,310,310,1.0,5,1
2796,29905899,29905899,234,64,1,205,205,2.0,3,1
2797,29905900,29905900,140,137,0,130,130,2.0,3,1
2798,29905903,29905903,115,121,0,75,75,10.0,1,1
2799,29905907,29905907,186,110,0,30,30,10.0,2,1
2800,29905915,29905915,183,176,1,139,139,34.0,2,1
2801,29905918,29905918,47,32,0,9,9,34.0,2,1
2802,29905920,29905920,228,128,1,39,39,0.0,2,1
2803,29905934,29905934,114,98,0,27,27,1.0,2,1
2804,29905934,29905934,227,65,1,118,118,32.0,2,1
2805,29905948,29905948,83,39,0,10,10,1.0,2,1
2806,29905951,29905951,23,104,1,24,24,4.0,2,1
2807,29905953,29905953,235,72,0,71,71,17.0,3,1
2808,29905953,29905953,74,18,0,50,50,13.0,2,1
2809,29905961,29905961,24,107,1,165,165,17.0,2,1
2810,29905961,29905961,172,47,0,275,275,2.0,3,1
2811,29905963,29905963,83,35,0,10,10,9.0,1,1
2812,29905976,29905976,237,139,1,176,176,17.0,2,1
2813,29905977,29905977,156,127,1,37,37,26.0,2,1
2814,29905982,29905982,163,34,1,13,13,8.0,3,1
2815,29905984,29905984,34,117,1,25,25,61.0,1,1
2816,29905987,29905987,79,34,0,10,10,32.0,2,1
2817,29905999,29905999,236,144,0,87,87,18.0,1,1
2818,29906000,29906000,32,117,1,250,250,61.0,1,1
2819,29906012,29906012,237,126,1,133,133,10.0,1,1
2820,29906013,29906013,76,31,0,144,144,9.0,1,1
2821,29906025,29906025,236,132,1,176,176,13.0,1,1
2822,29906034,29906034,174,40,0,310,310,2.0,4,1
2823,29906036,29906036,151,139,0,254,254,1.0,2,1
2824,29906039,29906039,86,37,0,10,10,10.0,1,1
2825,29906044,29906044,30,118,1,250,250,34.0,1,1
2826,29906046,29906046,144,124,1,357,357,17.0,2,1
2827,29906054,29906054,114,81,0,19,19,37.0,1,1
2828,29906054,29906054,230,135,0,87,87,45.0,2,1
2829,29906059,29906059,163,33,1,13,13,5.0,4,1
2830,29906061,29906061,121,121,1,75,75,34.0,1,1
2831,29906069,29906069,133,136,0,173,173,0.0,3,1
2832,29906069,29906069,218,134,0,-1,-1,nan,0,0
2833,29906070,29906070,20,99,0,24,24,26.0,3,1
2834,29906072,29906072,80,33,0,10,10,34.0,2,1
2835,29906077,29906077,170,53,0,155,155,8.0,2,1
2836,29906083,29906083,148,125,1,357,357,4.0,1,1
2837,29906084,29906084,163,37,1,237,237,5.0,4,1
2838,29906085,29906085,230,144,0,87,87,18.0,1,1
2839,29906085,29906085,143,137,0,130,130,17.0,1,1
2840,29906100,29906100,175,37,0,310,310,8.0,3,1
2841,29906103,29906103,75,19,0,50,50,17.0,2,1
2842,29906104,29906104,112,97,0,27,27,4.0,1,1
2843,29906113,29906113,162,34,1,13,13,5.0,4,1
2844,29906120,29906120,30,96,0,166,166,13.0,3,1
2845,29906130,29906130,175,106,0,29,29,9.0,1,1
2846,29906131,29906131,235,143,0,87,87,8.0,1,1
2847,29906131,29906131,232,145,0,87,87,17.0,1,1
2848,29906133,29906133,141,124,1,324,324,9.0,2,1
2849,29906140,29906140,221,148,0,47,47,41.0,1,1
2850,29906145,29906145,79,21,0,2,2,5.0,2,1
2851,29906145,29906145,232,123,1,217,217,8.0,3,1
2852,29906146,29906146,175,46,0,197,197,8.0,3,1
2853,29906167,29906167,237,70,0,71,71,5.0,3,1
2854,29906171,29906171,176,175,1,139,139,8.0,3,1
2855,29906175,29906175,156,141,0,85,85,18.0,3,1
2856,29906175,29906175,228,132,0,39,39,16.0,1,1
2857,29906176,29906176,180,107,0,30,30,13.0,2,1
2858,29906178,29906178,153,126,1,357,357,34.0,1,1
2859,29906185,29906185,118,1,0,3,3,4.0,2,1
2860,29906187,29906187,179,173,1,139,139,1.0,2,1
2861,29906193,29906193,165,46,0,344,344,2.0,4,1
2862,29906197,29906197,29,95,0,72,72,10.0,3,1
2863,29906202,29906202,228,126,1,39,39,4.0,2,1
2864,29906203,29906203,231,145,0,87,87,20.0,1,1
2865,29906208,29906208,183,174,1,139,139,26.0,2,1
2866,29906218,29906218,26,108,1,165,165,10.0,2,1
2867,29906218,29906218,82,41,0,10,10,10.0,2,1
2868,29906219,29906219,131,135,0,173,173,5.0,2,1
2869,29906219,29906219,135,135,0,173,173,5.0,2,1
2870,29906234,29906234,77,25,0,2,2,5.0,3,1
2871,29906238,29906238,173,44,0,275,275,8.0,3,1
2872,29906239,29906239,76,20,0,2,2,13.0,2,1
2873,29906239,29906239,136,136,0,130,130,9.0,3,1
2874,29906244,29906244,155,139,1,85,85,17.0,2,1
2875,29906244,29906244,112,133,0,35,35,10.0,1,1
2876,29906244,29906244,160,133,1,215,215,2.0,3,1
2877,29906252,29906252,187,110,0,30,30,17.0,2,1
2878,29906252,29906252,153,139,0,254,254,5.0,3,1
2879,29906257,29906257,110,96,0,27,27,17.0,1,1
2880,29906262,29906262,83,41,0,10,10,9.0,2,1
2881,29906272,29906272,113,124,0,75,75,45.0,1,1
2882,29906273,29906273,235,130,1,176,176,34.0,3,1
2883,29906280,29906280,180,95,1,77,77,8.0,2,1
2884,29906285,29906285,123,133,0,36,36,20.0,1,1
2885,29906286,29906286,233,143,0,87,87,4.0,1,1
2886,29906288,29906288,226,76,0,23,23,9.0,2,1
2887,29906289,29906289,175,36,0,109,109,13.0,2,1
2888,29906291,29906291,186,177,1,46,46,18.0,1,1
2889,29906305,29906305,180,93,1,77,77,4.0,1,1
2890,29906319,29906319,188,109,0,30,30,25.0,2,1
2891,29906335,29906335,237,143,0,87,87,20.0,1,1
2892,29906336,29906336,231,124,1,217,217,10.0,3,1
2893,29906337,29906337,217,127,0,256,256,10.0,1,1
2894,29906342,29906342,227,64,1,118,118,41.0,2,1
2895,29906344,29906344,84,38,0,10,10,1.0,1,1
2896,29906352,29906352,171,48,1,275,275,4.0,4,1
2897,29906358,29906358,134,135,0,173,173,2.0,3,1
2898,29906358,29906358,28,95,0,72,72,5.0,4,1
2899,29906362,29906362,116,132,0,35,35,1.0,1,1
2900,29906362,29906362,234,125,1,133,133,20.0,3,1
2901,29906363,29906363,165,44,0,344,344,2.0,5,1
2902,29906363,29906363,142,137,0,130,130,10.0,2,1
2903,29906363,29906363,230,137,0,87,87,25.0,1,1
2904,29906365,29906365,72,39,1,-1,-1,nan,0,0
2905,29906371,29906371,238,127,0,133,133,16.0,1,1
2906,29906375,29906375,33,108,0,25,25,45.0,1,1
2907,29906376,29906376,153,140,0,254,254,8.0,3,1
2908,29906377,29906377,180,173,1,139,139,4.0,1,1
2909,29906378,29906378,36,114,1,25,25,18.0,1,1
2910,29906383,29906383,152,125,1,357,357,20.0,1,1
2911,29906383,29906383,130,135,0,36,36,9.0,2,1
2912,29906383,29906383,172,46,0,275,275,1.0,4,1
2913,29906391,29906391,231,63,1,205,205,16.0,3,1
2914,29906394,29906394,187,179,1,46,46,29.0,1,1
2915,29906401,29906401,234,144,0,87,87,10.0,1,1
2916,29906407,29906407,237,142,1,87,87,17.0,2,1
2917,29906407,29906407,77,24,0,2,2,2.0,3,1
2918,29906408,29906408,233,72,1,118,118,13.0,3,1
2919,29906409,29906409,176,94,1,77,77,5.0,2,1
2920,29906414,29906414,78,44,1,58,58,2.0,2,1
2921,29906416,29906416,236,136,1,176,176,5.0,2,1
2922,29906419,29906419,10,102,0,119,119,17.0,3,1
2923,29906427,29906427,115,126,0,35,35,36.0,1,1
2924,29906432,29906432,158,127,1,37,37,10.0,2,1
2925,29906433,29906433,20,101,0,24,24,10.0,3,1
2926,29906438,29906438,156,138,0,85,85,9.0,3,1
2927,29906442,29906442,178,46,0,197,197,5.0,3,1
2928,29906443,29906443,225,133,0,39,39,34.0,1,1
2929,29906448,29906448,122,121,1,75,75,45.0,1,1
2930,29906449,29906449,138,135,0,130,130,2.0,2,1
2931,29906456,29906456,182,176,1,139,139,25.0,2,1
2932,29906459,29906459,173,45,0,275,275,5.0,4,1
2933,29906468,29906468,125,135,0,36,36,4.0,2,1
2934,29906468,29906468,82,43,0,58,58,13.0,2,1
2935,29906471,29906471,144,126,1,357,357,25.0,2,1
2936,29906471,29906471,36,107,0,25,25,25.0,1,1
2937,29906476,29906476,80,34,0,10,10,25.0,2,1
2938,29906476,29906476,20,100,0,24,24,17.0,3,1
2939,29906483,29906483,229,138,0,87,87,25.0,1,1
2940,29906483,29906483,192,102,0,125,125,10.0,2,1
2941,29906484,29906484,129,123,1,384,384,50.0,1,1
2942,29906484,29906484,176,107,0,29,29,17.0,2,1
2943,29906488,29906488,120,0,0,458,458,5.0,2,1
2944,29906491,29906491,100,7,0,145,145,40.0,1,1
2945,29906494,29906494,232,72,0,118,118,10.0,3,1
2946,29906495,29906495,219,139,0,-1,-1,nan,0,0
2947,29906499,29906499,184,175,1,46,46,26.0,2,1
2948,29906499,29906499,28,98,0,72,72,8.0,2,1
2949,29906500,29906500,113,132,0,35,35,4.0,1,1
2950,29906506,29906506,77,32,0,144,144,17.0,1,1
2951,29906509,29906509,236,133,1,176,176,8.0,1,1
2952,29906510,29906510,182,112,0,30,30,10.0,1,1
2953,29906517,29906517,36,106,0,25,25,34.0,1,1
2954,29906520,29906520,235,125,1,133,133,13.0,3,1
2955,29906521,29906521,230,79,0,23,23,10.0,1,1
2956,29906526,29906526,125,122,1,384,384,61.0,1,1
2957,29906527,29906527,184,111,0,30,30,5.0,1,1
2958,29906535,29906535,182,109,0,30,30,1.0,1,1
2959,29906538,29906538,234,71,1,71,71,13.0,3,1
2960,29906540,29906540,162,42,1,344,344,13.0,3,1
2961,29906540,29906540,184,93,1,77,77,36.0,1,1
2962,29906542,29906542,229,124,1,217,217,10.0,2,1
2963,29906545,29906545,232,71,0,118,118,5.0,3,1
2964,29906548,29906548,159,134,1,215,215,8.0,2,1
2965,29906548,29906548,159,129,1,37,37,13.0,3,1
2966,29906555,29906555,24,95,0,72,72,5.0,2,1
2967,29906568,29906568,236,126,1,133,133,13.0,2,1
2968,29906569,29906569,135,124,1,324,324,45.0,1,1
2969,29906569,29906569,232,124,1,217,217,13.0,3,1
2970,29906578,29906578,236,128,0,133,133,29.0,2,1
2971,29906588,29906588,143,126,1,324,324,29.0,2,1
2972,29906589,29906589,127,135,0,36,36,0.0,3,1
2973,29906593,29906593,149,139,0,254,254,5.0,2,1
2974,29906596,29906596,234,70,0,71,71,8.0,4,1
2975,29906600,29906600,78,33,0,144,144,29.0,2,1
2976,29906605,29906605,228,80,0,23,23,17.0,1,1
2977,29906618,29906618,81,35,0,10,10,13.0,1,1
2978,29906624,29906624,191,95,1,78,78,5.0,1,1
2979,29906629,29906629,76,29,0,144,144,1.0,2,1
2980,29906630,29906630,182,94,1,77,77,17.0,1,1
2981,29906635,29906635,155,127,1,37,37,37.0,2,1
2982,29906643,29906643,187,93,1,78,78,45.0,1,1
2983,29906650,29906650,85,37,0,10,10,5.0,1,1
2984,29906660,29906660,233,145,0,87,87,16.0,1,1
2985,29906660,29906660,78,24,0,2,2,1.0,2,1
2986,29906661,29906661,119,2,0,3,3,10.0,3,1
2987,29906663,29906663,229,64,1,118,118,29.0,3,1
2988,29906664,29906664,137,123,1,324,324,20.0,1,1
2989,29906670,29906670,118,120,1,75,75,8.0,1,1
2990,29906672,29906672,179,94,1,77,77,2.0,2,1
2991,29906677,29906677,114,132,0,35,35,1.0,1,1
2992,29906682,29906682,176,34,0,109,109,10.0,2,1
2993,29906682,29906682,68,38,1,106,106,58.0,1,1
2994,29906684,29906684,228,131,0,39,39,9.0,1,1
2995,29906685,29906685,218,135,0,-1,-1,nan,0,0
2996,29906689,29906689,66,37,1,106,106,29.0,1,1
2997,29906697,29906697,147,139,0,254,254,17.0,2,1
2998,29906699,29906699,232,146,0,87,87,26.0,1,1
2999,29906699,29906699,22,77,0,16,16,10.0,5,1
3000,29906707,29906707,147,138,0,254,254,16.0,2,1
3001,29906708,29906708,236,125,1,133,133,8.0,2,1
3002,29906713,29906713,157,129,1,37,37,25.0,2,1
3003,29906718,29906718,178,108,0,30,30,26.0,2,1
3004,29906722,29906722,186,179,1,46,46,34.0,1,1
3005,29906733,29906733,36,112,1,25,25,10.0,1,1
3006,29906739,29906739,154,128,1,37,37,53.0,2,1
3007,29906744,29906744,190,109,0,125,125,17.0,2,1
3008,29906744,29906744,23,95,0,72,72,10.0,2,1
3009,29906744,29906744,85,36,0,10,10,8.0,1,1
3010,29906744,29906744,29,93,0,72,72,18.0,4,1
3011,29906744,29906744,104,93,0,-1,-1,nan,0,0
3012,29906747,29906747,29,96,0,72,72,9.0,3,1
3013,29906754,29906754,19,100,0,24,24,20.0,2,1
3014,29906756,29906756,134,136,0,173,173,1.0,4,1
3015,29906756,29906756,114,128,0,35,35,17.0,1,1
3016,29906762,29906762,235,71,0,71,71,10.0,3,1
3017,29906764,29906764,134,137,0,173,173,2.0,4,1
3018,29906767,29906767,136,124,1,324,324,34.0,1,1
3019,29906769,29906769,26,92,0,72,72,16.0,2,1
3020,29906772,29906772,76,43,1,58,58,13.0,1,1
3021,29906778,29906778,183,112,0,30,30,9.0,1,1
3022,29906790,29906790,230,124,1,217,217,9.0,2,1
3023,29906794,29906794,112,76,1,19,19,2.0,1,1
3024,29906804,29906804,143,125,1,324,324,20.0,2,1
3025,29906805,29906805,154,127,1,37,37,50.0,2,1
3026,29906805,29906805,76,19,0,2,2,20.0,2,1
3027,29906808,29906808,183,175,1,139,139,29.0,2,1
3028,29906816,29906816,146,125,1,357,357,8.0,2,1
3029,29906819,29906819,179,174,1,139,139,2.0,1,1
3030,29906820,29906820,156,139,0,85,85,10.0,2,1
3031,29906823,29906823,233,71,0,118,118,8.0,3,1
3032,29906824,29906824,232,62,1,205,205,10.0,3,1
3033,29906824,29906824,176,47,0,197,197,10.0,3,1
3034,29906825,29906825,177,105,0,29,29,8.0,2,1
3035,29906828,29906828,22,103,1,24,24,2.0,1,1
3036,29906829,29906829,142,138,0,130,130,13.0,3,1
3037,29906829,29906829,138,136,0,130,130,1.0,3,1
3038,29906844,29906844,153,127,1,357,357,41.0,1,1
3039,29906849,29906849,80,22,0,2,2,5.0,2,1
3040,29906850,29906850,149,138,0,254,254,4.0,2,1
3041,29906855,29906855,142,122,1,324,324,2.0,2,1
3042,29906862,29906862,177,45,0,197,197,1.0,4,1
3043,29906864,29906864,74,19,0,50,50,10.0,2,1
3044,29906870,29906870,174,42,1,310,310,10.0,3,1
3045,29906872,29906872,31,98,0,166,166,4.0,3,1
3046,29906874,29906874,116,133,0,35,35,2.0,1,1
3047,29906880,29906880,188,94,1,78,78,29.0,1,1
3048,29906881,29906881,33,101,0,166,166,9.0,1,1
3049,29906886,29906886,176,35,0,109,109,13.0,2,1
3050,29906888,29906888,236,67,1,71,71,1.0,3,1
3051,29906898,29906898,114,93,1,27,27,16.0,1,1
3052,29906898,29906898,230,136,0,87,87,34.0,1,1
3053,29906902,29906902,35,115,1,25,25,32.0,1,1
3054,29906903,29906903,180,110,0,30,30,10.0,1,1
3055,29906907,29906907,179,108,0,30,30,17.0,2,1
3056,29906908,29906908,164,45,0,344,344,0.0,5,1
3057,29906913,29906913,114,133,0,35,35,2.0,1,1
3058,29906918,29906918,148,138,0,254,254,9.0,2,1
3059,29906919,29906919,27,111,1,165,165,4.0,2,1
3060,29906924,29906924,63,36,1,106,106,5.0,2,1
3061,29906937,29906937,231,146,0,87,87,29.0,1,1
3062,29906937,29906937,170,52,0,155,155,5.0,2,1
3063,29906938,29906938,177,175,1,139,139,5.0,3,1
3064,29906942,29906942,231,70,0,118,118,1.0,4,1
3065,29906946,29906946,113,131,0,35,35,5.0,1,1
3066,29906950,29906950,131,136,0,173,173,4.0,2,1
3067,29906953,29906953,220,143,0,-1,-1,nan,0,0
3068,29906955,29906955,35,116,1,25,25,41.0,1,1
3069,29906960,29906960,171,46,0,275,275,0.0,5,1
3070,29906970,29906970,184,112,0,30,30,10.0,1,1
3071,29906972,29906972,114,95,1,27,27,4.0,1,1
3072,29906973,29906973,162,32,1,13,13,1.0,4,1
3073,29906975,29906975,144,137,0,130,130,26.0,3,1
3074,29906977,29906977,184,177,1,46,46,34.0,2,1
3075,29906980,29906980,231,123,1,217,217,5.0,3,1
3076,29906983,29906983,123,121,1,75,75,58.0,1,1
3077,29906984,29906984,178,45,1,197,197,2.0,4,1
3078,29906985,29906985,178,174,1,139,139,1.0,3,1
3079,29906990,29906990,133,123,1,384,384,58.0,1,1
3080,29907008,29907008,228,65,1,118,118,25.0,3,1
3081,29907008,29907008,155,138,0,85,85,16.0,2,1
3082,29907017,29907017,230,143,0,87,87,13.0,1,1
3083,29907025,29907025,174,37,0,310,310,5.0,4,1
3084,29907025,29907025,25,106,1,24,24,20.0,2,1
3085,29907036,29907036,152,126,1,357,357,25.0,1,1
3086,29907041,29907041,25,94,0,72,72,5.0,2,1
3087,29907066,29907066,154,139,0,254,254,10.0,2,1
3088,29907067,29907067,176,104,0,29,29,2.0,2,1
3089,29907067,29907067,97,3,0,-1,-1,nan,0,0
3090,29907068,29907068,132,135,0,173,173,2.0,3,1
3091,29907073,29907073,174,47,0,275,275,10.0,3,1
3092,29907078,29907078,173,35,1,109,109,4.0,3,1
3093,29907083,29907083,185,169,1,332,332,29.0,2,1
3094,29907086,29907086,22,98,0,72,72,20.0,2,1
3095,29907086,29907086,233,144,0,87,87,9.0,1,1
3096,29907087,29907087,148,139,0,254,254,10.0,2,1
3097,29907092,29907092,160,45,0,61,61,8.0,3,1
3098,29907093,29907093,177,106,0,29,29,13.0,2,1
3099,29907094,29907094,137,136,0,130,130,4.0,3,1
3100,29907099,29907099,230,81,0,23,23,26.0,1,1
3101,29907099,29907099,115,123,0,75,75,26.0,1,1
3102,29907101,29907101,157,139,0,85,85,5.0,2,1
3103,29907102,29907102,70,39,1,-1,-1,nan,0,0
3104,29907106,29907106,138,129,0,130,130,50.0,1,1
3105,29907107,29907107,234,68,0,71,71,4.0,3,1
3106,29907108,29907108,154,140,0,254,254,13.0,2,1
3107,29907109,29907109,27,93,0,72,72,10.0,4,1
3108,29907114,29907114,229,131,0,39,39,10.0,1,1
3109,29907116,29907116,190,108,0,125,125,10.0,2,1
3110,29907116,29907116,230,80,0,23,23,17.0,1,1
3111,29907116,29907116,173,46,0,275,275,4.0,4,1
3112,29907121,29907121,148,127,1,357,357,16.0,1,1
3113,29907123,29907123,185,178,1,46,46,32.0,1,1
3114,29907129,29907129,152,139,0,254,254,2.0,3,1
3115,29907133,29907133,191,106,0,125,125,1.0,1,1
3116,29907140,29907140,190,96,1,78,78,9.0,1,1
3117,29907145,29907145,166,45,0,344,344,4.0,3,1
3118,29907148,29907148,159,127,1,37,37,5.0,3,1
3119,29907148,29907148,168,48,1,155,155,9.0,3,1
3120,29907149,29907149,179,109,0,30,30,16.0,2,1
3121,29907149,29907149,142,124,1,324,324,10.0,2,1
3122,29907150,29907150,31,96,0,166,166,8.0,3,1
3123,29907157,29907157,82,40,0,10,10,5.0,2,1
3124,29907158,29907158,163,42,1,344,344,10.0,3,1
3125,29907158,29907158,82,36,0,10,10,5.0,1,1
3126,29907159,29907159,34,114,1,25,25,34.0,1,1
3127,29907164,29907164,68,26,1,50,50,45.0,1,1
3128,29907168,29907168,70,23,1,50,50,10.0,2,1
3129,29907169,29907169,29,94,0,72,72,13.0,4,1
3130,29907179,29907179,226,133,0,39,39,29.0,1,1
3131,29907180,29907180,111,1,1,3,3,25.0,1,1
3132,29907183,29907183,149,127,1,357,357,17.0,1,1
3133,29907186,29907186,170,179,0,45,45,5.0,2,1
3134,29907191,29907191,77,36,0,10,10,40.0,1,1
3135,29907194,29907194,191,108,0,125,125,9.0,1,1
3136,29907196,29907196,233,124,1,217,217,18.0,3,1
3137,29907196,29907196,219,131,1,256,256,50.0,1,1
3138,29907204,29907204,227,66,1,118,118,25.0,2,1
3139,29907207,29907207,124,134,0,36,36,10.0,2,1
3140,29907209,29907209,191,97,1,78,78,5.0,1,1
3141,29907211,29907211,62,34,1,106,106,2.0,1,1
3142,29907212,29907212,229,63,1,205,205,36.0,2,1
3143,29907217,29907217,229,136,1,87,87,41.0,1,1
3144,29907217,29907217,236,137,1,176,176,8.0,2,1
3145,29907222,29907222,178,109,0,30,30,25.0,2,1
3146,29907226,29907226,117,1,1,3,3,1.0,2,1
3147,29907231,29907231,34,116,1,25,25,50.0,1,1
3148,29907235,29907235,130,123,1,384,384,49.0,1,1
3149,29907236,29907236,22,95,0,72,72,17.0,2,1
3150,29907240,29907240,173,47,0,275,275,5.0,3,1
3151,29907240,29907240,119,1,0,3,3,9.0,2,1
3152,29907241,29907241,122,134,0,36,36,26.0,3,1
3153,29907248,29907248,171,50,0,155,155,10.0,2,1
3154,29907252,29907252,237,122,1,133,133,2.0,2,1
3155,29907252,29907252,74,21,0,50,50,10.0,3,1
3156,29907252,29907252,77,21,0,2,2,5.0,3,1
3157,29907255,29907255,159,44,1,61,61,2.0,3,1
3158,29907257,29907257,158,139,1,85,85,2.0,3,1
3159,29907257,29907257,180,176,1,139,139,13.0,1,1
3160,29907258,29907258,226,66,1,164,164,20.0,2,1
3161,29907258,29907258,182,174,1,139,139,17.0,2,1
3162,29907258,29907258,115,130,0,35,35,4.0,1,1
3163,29907264,29907264,189,178,1,46,46,16.0,1,1
3164,29907269,29907269,177,108,0,29,29,29.0,2,1
3165,29907274,29907274,171,49,0,275,275,9.0,3,1
3166,29907274,29907274,28,94,0,72,72,8.0,4,1
3167,29907288,29907288,115,96,1,27,27,2.0,2,1
3168,29907288,29907288,220,144,0,-1,-1,nan,0,0
3169,29907289,29907289,164,39,1,237,237,10.0,5,1
3170,29907293,29907293,111,76,1,19,19,5.0,1,1
3171,29907293,29907293,119,133,0,35,35,17.0,1,1
3172,29907299,29907299,85,38,0,10,10,4.0,1,1
3173,29907303,29907303,192,103,0,125,125,5.0,2,1
3174,29907304,29907304,63,35,1,106,106,4.0,1,1
3175,29907310,29907310,237,141,1,87,87,16.0,2,1
3176,29907315,29907315,175,107,0,29,29,16.0,1,1
3177,29907317,29907317,185,176,1,46,46,20.0,2,1
3178,29907317,29907317,185,175,1,46,46,17.0,2,1
3179,29907320,29907320,186,93,1,78,78,58.0,1,1
3180,29907325,29907325,132,123,1,384,384,53.0,1,1
3181,29907325,29907325,230,141,0,87,87,9.0,1,1
3182,29907327,29907327,123,134,0,36,36,17.0,2,1
3183,29907330,29907330,177,176,1,139,139,10.0,3,1
3184,29907335,29907335,138,125,1,324,324,25.0,1,1
3185,29907335,29907335,66,29,1,106,106,61.0,1,1
3186,29907344,29907344,230,133,0,39,39,29.0,1,1
3187,29907358,29907358,81,34,0,10,10,20.0,2,1
3188,29907368,29907368,180,46,1,198,198,9.0,2,1
3189,29907371,29907371,235,126,1,133,133,18.0,3,1
3190,29907376,29907376,230,125,1,39,39,13.0,2,1
3191,29907381,29907381,109,77,1,19,19,20.0,1,1
3192,29907382,29907382,230,139,0,87,87,13.0,1,1
3193,29907386,29907386,181,93,1,77,77,9.0,1,1
3194,29907394,29907394,65,35,1,106,106,16.0,1,1
3195,29907396,29907396,185,93,1,77,77,49.0,1,1
3196,29907406,29907406,34,106,0,25,25,50.0,1,1
3197,29907407,29907407,161,43,1,61,61,9.0,3,1
3198,29907415,29907415,145,126,1,357,357,18.0,2,1
3199,29907418,29907418,128,135,1,36,36,1.0,2,1
3200,29907426,29907426,175,38,0,310,310,5.0,3,1
3201,29907427,29907427,170,37,1,310,310,13.0,3,1
3202,29907428,29907428,115,129,0,35,35,9.0,1,1
3203,29907435,29907435,120,134,0,35,35,29.0,3,1
3204,29907438,29907438,236,142,0,87,87,10.0,2,1
3205,29907439,29907439,176,108,0,29,29,26.0,2,1
3206,29907442,29907442,174,39,0,310,310,1.0,4,1
3207,29907454,29907454,124,135,0,36,36,9.0,2,1
3208,29907456,29907456,40,107,0,25,25,17.0,1,1
3209,29907463,29907463,78,27,0,144,144,5.0,2,1
3210,29907464,29907464,72,19,1,50,50,2.0,2,1
3211,29907464,29907464,106,94,0,-1,-1,nan,0,0
3212,29907466,29907466,189,95,1,78,78,17.0,1,1
3213,29907472,29907472,229,134,0,39,39,37.0,1,1
3214,29907478,29907478,234,145,0,87,87,17.0,1,1
3215,29907480,29907480,117,126,0,35,35,40.0,1,1
3216,29907504,29907504,171,37,1,310,310,8.0,3,1
3217,29907505,29907505,115,124,0,75,75,37.0,1,1
3218,29907505,29907505,176,46,0,197,197,5.0,4,1
3219,29907505,29907505,175,47,0,197,197,13.0,2,1
3220,29907529,29907529,174,106,0,29,29,10.0,1,1
3221,29907536,29907536,39,107,0,25,25,16.0,1,1
3222,29907540,29907540,174,35,1,109,109,5.0,3,1
3223,29907541,29907541,172,49,0,275,275,10.0,3,1
3224,29907546,29907546,172,36,1,109,109,10.0,3,1
3225,29907559,29907559,25,93,0,72,72,10.0,2,1
3226,29907559,29907559,26,93,0,72,72,9.0,2,1
3227,29907560,29907560,131,122,1,384,384,37.0,1,1
3228,29907561,29907561,179,176,1,139,139,10.0,2,1
3229,29907565,29907565,150,139,0,254,254,2.0,2,1
3230,29907566,29907566,230,145,0,87,87,25.0,1,1
3231,29907574,29907574,38,113,1,25,25,5.0,1,1
3232,29907576,29907576,32,102,0,166,166,17.0,1,1
3233,29907580,29907580,115,133,0,35,35,1.0,1,1
3234,29907583,29907583,37,110,1,25,25,5.0,1,1
3235,29907585,29907585,130,136,0,173,173,9.0,2,1
3236,29907592,29907592,237,140,1,87,87,17.0,2,1
3237,29907593,29907593,140,122,1,324,324,2.0,1,1
3238,29907608,29907608,67,36,1,106,106,37.0,1,1
3239,29907608,29907608,163,36,1,237,237,8.0,3,1
3240,29907612,29907612,181,176,1,139,139,18.0,1,1
3241,29907613,29907613,181,173,1,139,139,9.0,1,1
3242,29907619,29907619,175,103,1,29,29,0.0,2,1
3243,29907619,29907619,141,122,1,324,324,1.0,2,1
3244,29907639,29907639,233,125,1,217,217,25.0,3,1
3245,29907647,29907647,161,46,0,344,344,10.0,2,1
3246,29907648,29907648,235,128,0,133,133,34.0,3,1
3247,29907648,29907648,188,110,0,30,30,26.0,2,1
3248,29907649,29907649,67,37,1,106,106,40.0,1,1
3249,29907657,29907657,221,131,1,39,39,58.0,2,1
3250,29907657,29907657,155,128,1,37,37,40.0,2,1
3251,29907664,29907664,175,35,0,109,109,8.0,2,1
3252,29907684,29907684,22,99,0,72,72,25.0,2,1
3253,29907684,29907684,23,99,0,72,72,18.0,2,1
3254,29907684,29907684,180,108,0,30,30,10.0,2,1
3255,29907691,29907691,229,80,0,23,23,16.0,1,1
3256,29907698,29907698,137,137,0,130,130,5.0,3,1
3257,29907698,29907698,232,143,0,87,87,5.0,1,1
3258,29907705,29907705,217,128,0,256,256,17.0,1,1
3259,29907705,29907705,24,77,0,16,16,10.0,5,1
3260,29907706,29907706,160,129,1,37,37,10.0,3,1
3261,29907708,29907708,22,97,0,72,72,17.0,2,1
3262,29907709,29907709,77,20,0,2,2,10.0,2,1
3263,29907709,29907709,78,21,0,2,2,4.0,3,1
3264,29907714,29907714,71,40,1,-1,-1,nan,0,0
3265,29907716,29907716,108,95,0,27,27,40.0,1,1
3266,29907721,29907721,175,34,1,109,109,5.0,2,1
3267,29907721,29907721,228,79,0,23,23,10.0,1,1
3268,29907727,29907727,33,102,0,166,166,16.0,1,1
3269,29907729,29907729,138,124,1,324,324,18.0,1,1
3270,29907729,29907729,192,98,1,78,78,5.0,2,1
3271,29907731,29907731,126,123,1,-1,-1,nan,0,0
3272,29907731,29907731,183,94,1,77,77,26.0,1,1
3273,29907734,29907734,174,33,1,109,109,1.0,3,1
3274,29907741,29907741,185,111,0,30,30,8.0,1,1
3275,29907742,29907742,231,72,0,118,118,9.0,4,1
3276,29907749,29907749,175,99,1,249,249,5.0,3,1
3277,29907749,29907749,180,94,1,77,77,5.0,1,1
3278,29907750,29907750,128,136,0,36,36,2.0,3,1
3279,29907751,29907751,227,78,0,23,23,8.0,1,1
3280,29907757,29907757,38,111,1,25,25,1.0,1,1
3281,29907760,29907760,118,0,0,3,3,5.0,2,1
3282,29907762,29907762,71,21,1,50,50,1.0,2,1
3283,29907770,29907770,129,121,1,384,384,26.0,1,1
3284,29907771,29907771,121,134,1,36,36,37.0,3,1
3285,29907771,29907771,225,67,1,164,164,10.0,2,1
3286,29907772,29907772,85,39,0,10,10,5.0,1,1
3287,29907775,29907775,219,140,0,-1,-1,nan,0,0
3288,29907777,29907777,172,179,0,45,45,1.0,1,1
3289,29907778,29907778,147,127,1,357,357,17.0,1,1
3290,29907783,29907783,32,99,0,166,166,2.0,2,1
3291,29907783,29907783,171,51,0,155,155,9.0,2,1
3292,29907785,29907785,127,134,0,36,36,1.0,2,1
3293,29907788,29907788,181,112,0,30,30,13.0,2,1
3294,29907793,29907793,152,140,0,254,254,5.0,3,1
3295,29907794,29907794,26,111,1,165,165,1.0,2,1
3296,29907796,29907796,226,78,0,23,23,13.0,1,1
3297,29907809,29907809,181,174,1,139,139,10.0,1,1
3298,29907819,29907819,154,126,1,357,357,45.0,2,1
3299,29907819,29907819,225,76,0,23,23,16.0,2,1
3300,29907822,29907822,162,43,1,344,344,8.0,3,1
3301,29907824,29907824,236,134,1,176,176,5.0,2,1
3302,29907828,29907828,225,68,1,164,164,5.0,2,1
3303,29907829,29907829,163,46,0,344,344,2.0,3,1
3304,29907835,29907835,230,63,1,205,205,25.0,3,1
3305,29907843,29907843,178,96,1,77,77,9.0,3,1
3306,29907850,29907850,37,108,0,25,25,13.0,1,1
3307,29907857,29907857,91,0,1,-1,-1,nan,0,0
3308,29907859,29907859,82,42,0,10,10,17.0,2,1
3309,29907863,29907863,164,34,1,376,376,10.0,3,1
3310,29907864,29907864,80,24,0,2,2,5.0,2,1
3311,29907869,29907869,101,8,0,145,145,26.0,1,1
3312,29907876,29907876,236,72,0,71,71,16.0,2,1
3313,29907893,29907893,126,135,0,36,36,1.0,3,1
3314,29907894,29907894,103,11,0,145,145,5.0,1,1
3315,29907896,29907896,120,1,0,458,458,4.0,3,1
3316,29907900,29907900,230,64,1,118,118,26.0,3,1
3317,29907902,29907902,112,1,1,3,3,16.0,1,1
3318,29907904,29907904,160,130,1,215,215,5.0,3,1
3319,29907904,29907904,159,132,1,215,215,4.0,3,1
3320,29907912,29907912,174,45,0,197,197,10.0,3,1
3321,29907915,29907915,138,123,1,324,324,13.0,1,1
3322,29907915,29907915,20,102,1,24,24,5.0,2,1
3323,29907920,29907920,129,135,0,36,36,4.0,2,1
3324,29907921,29907921,237,73,0,71,71,26.0,2,1
3325,29907922,29907922,31,116,1,165,165,61.0,1,1
3326,29907924,29907924,141,138,0,130,130,8.0,2,1
3327,29907931,29907931,180,175,1,139,139,8.0,1,1
3328,29907937,29907937,186,176,1,46,46,13.0,1,1
3329,29907937,29907937,76,32,0,144,144,16.0,1,1
3330,29907938,29907938,140,123,1,324,324,5.0,1,1
3331,29907943,29907943,185,91,1,77,77,53.0,1,1
3332,29907945,29907945,147,125,1,357,357,5.0,2,1
3333,29907952,29907952,33,105,0,166,166,49.0,1,1
3334,29907955,29907955,111,95,0,27,27,13.0,1,1
3335,29907957,29907957,117,119,1,75,75,2.0,1,1
3336,29907963,29907963,173,34,1,109,109,1.0,3,1
3337,29907965,29907965,178,176,1,139,139,9.0,2,1
3338,29907969,29907969,182,93,1,77,77,16.0,1,1
3339,29907972,29907972,227,129,1,39,39,2.0,1,1
3340,29907977,29907977,28,112,1,165,165,10.0,2,1
3341,29907978,29907978,229,81,0,23,23,25.0,1,1
3342,29907978,29907978,231,77,0,23,23,5.0,1,1
3343,29907979,29907979,127,123,1,384,384,58.0,1,1
3344,29907994,29907994,177,109,1,30,30,36.0,2,1
3345,29907994,29907994,236,73,0,71,71,25.0,3,1
3346,29907999,29907999,234,126,1,133,133,25.0,3,1
3347,29907999,29907999,136,137,0,130,130,10.0,3,1
3348,29908008,29908008,174,175,1,45,45,13.0,3,1
3349,29908009,29908009,231,138,0,87,87,13.0,2,1
3350,29908010,29908010,170,54,0,155,155,13.0,1,1
3351,29908010,29908010,28,96,0,72,72,4.0,3,1
3352,29908010,29908010,237,128,0,133,133,26.0,2,1
3353,29908020,29908020,181,109,0,30,30,4.0,1,1
3354,29908025,29908025,120,133,0,35,35,26.0,2,1
3355,29908030,29908030,119,134,0,35,35,20.0,2,1
3356,29908032,29908032,164,46,0,344,344,1.0,4,1
3357,29908032,29908032,171,47,0,275,275,1.0,4,1
3358,29908040,29908040,64,35,1,106,106,9.0,1,1
3359,29908041,29908041,21,99,0,24,24,25.0,2,1
3360,29908041,29908041,30,99,0,166,166,10.0,2,1
3361,29908060,29908060,235,131,1,176,176,25.0,2,1
3362,29908061,29908061,188,95,1,78,78,26.0,1,1
3363,29908068,29908068,126,121,1,384,384,41.0,1,1
3364,29908070,29908070,166,47,1,344,344,8.0,3,1
3365,29908074,29908074,231,62,1,205,205,17.0,3,1
3366,29908080,29908080,26,95,0,72,72,1.0,3,1
3367,29908086,29908086,236,143,0,87,87,13.0,1,1
3368,29908092,29908092,84,36,0,10,10,5.0,1,1
3369,29908097,29908097,232,63,1,205,205,9.0,3,1
3370,29908100,29908100,69,38,1,-1,-1,nan,0,0
3371,29908101,29908101,233,64,1,205,205,5.0,3,1
3372,29908102,29908102,234,72,0,118,118,18.0,3,1
3373,29908102,29908102,27,94,0,72,72,5.0,4,1
3374,29908102,29908102,236,135,1,176,176,4.0,2,1
3375,29908106,29908106,38,107,0,25,25,17.0,1,1
3376,29908110,29908110,236,144,0,87,87,18.0,1,1
3377,29908113,29908113,33,115,1,25,25,52.0,1,1
3378,29908115,29908115,135,136,0,173,173,4.0,3,1
3379,29908120,29908120,164,41,1,344,344,16.0,4,1
3380,29908132,29908132,75,31,0,144,144,10.0,1,1
3381,29908135,29908135,36,115,1,25,25,25.0,1,1
3382,29908137,29908137,117,2,0,3,3,2.0,2,1
3383,29908138,29908138,113,130,0,35,35,8.0,1,1
3384,29908144,29908144,184,92,1,77,77,37.0,1,1
3385,29908146,29908146,30,95,0,72,72,17.0,3,1
3386,29908154,29908154,228,64,1,118,118,34.0,3,1
3387,29908156,29908156,78,32,0,144,144,20.0,2,1
3388,29908159,29908159,84,37,0,10,10,2.0,1,1
3389,29908162,29908162,229,125,1,39,39,10.0,2,1
3390,29908162,29908162,234,125,1,133,133,20.0,3,1
3391,29908176,29908176,174,41,0,310,310,5.0,3,1
3392,29908180,29908180,139,137,0,130,130,1.0,3,1
3393,29908180,29908180,113,133,0,35,35,5.0,1,1
3394,29908182,29908182,83,36,0,10,10,4.0,1,1
3395,29908183,29908183,156,140,0,85,85,13.0,2,1
3396,29908188,29908188,160,43,1,61,61,4.0,3,1
3397,29908193,29908193,189,96,1,78,78,16.0,1,1
3398,29908194,29908194,25,92,0,112,112,16.0,2,1
3399,29908200,29908200,9,102,0,119,119,16.0,3,1
3400,29908200,29908200,138,137,0,130,130,2.0,3,1
3401,29908204,29908204,121,133,0,35,35,37.0,2,1
3402,29908208,29908208,182,113,0,30,30,17.0,2,1
3403,29908212,29908212,116,123,0,75,75,25.0,1,1
3404,29908212,29908212,186,177,1,46,46,18.0,1,1
3405,29908216,29908216,172,47,0,275,275,2.0,3,1
3406,29908226,29908226,64,32,1,106,106,18.0,2,1
3407,29908231,29908231,37,106,0,25,25,29.0,1,1
3408,29908234,29908234,113,2,1,3,3,10.0,1,1
3409,29908241,29908241,228,133,0,39,39,25.0,1,1
3410,29908244,29908244,38,115,1,25,25,17.0,1,1
3411,29908246,29908246,237,72,0,71,71,17.0,2,1
3412,29908249,29908249,92,0,1,-1,-1,nan,0,0
3413,29908257,29908257,228,77,0,23,23,2.0,1,1
3414,29908262,29908262,177,96,1,77,77,10.0,3,1
3415,29908262,29908262,177,174,1,139,139,2.0,3,1
3416,29908262,29908262,232,144,0,87,87,10.0,1,1
3417,29908264,29908264,219,133,1,-1,-1,nan,0,0
3418,29908269,29908269,119,120,1,75,75,13.0,1,1
3419,29908276,29908276,160,131,1,215,215,2.0,4,1
3420,29908277,29908277,131,123,1,384,384,50.0,1,1
3421,29908288,29908288,30,94,0,72,72,20.0,4,1
3422,29908290,29908290,183,111,0,30,30,4.0,1,1
3423,29908291,29908291,175,175,1,139,139,13.0,3,1
3424,29908291,29908291,77,31,0,144,144,10.0,1,1
3425,29908295,29908295,24,105,1,24,24,10.0,2,1
3426,29908296,29908296,118,126,0,35,35,45.0,1,1
3427,29908297,29908297,115,134,0,35,35,4.0,2,1
3428,29908298,29908298,232,142,0,87,87,2.0,1,1
3429,29908298,29908298,159,128,1,37,37,8.0,3,1
3430,29908300,29908300,231,141,0,87,87,4.0,1,1
3431,29908301,29908301,185,92,1,77,77,50.0,1,1
3432,29908305,29908305,165,39,1,237,237,17.0,3,1
3433,29908305,29908305,229,139,0,87,87,20.0,1,1
3434,29908311,29908311,145,138,0,254,254,36.0,3,1
3435,29908318,29908318,80,35,0,10,10,18.0,1,1
3436,29908324,29908324,235,142,1,87,87,5.0,2,1
3437,29908327,29908327,221,150,1,47,47,25.0,2,1
3438,29908329,29908329,117,3,0,3,3,5.0,3,1
3439,29908338,29908338,218,128,1,256,256,16.0,1,1
3440,29908346,29908346,131,134,0,173,173,8.0,2,1
3441,29908348,29908348,182,111,0,30,30,5.0,1,1
3442,29908355,29908355,225,70,1,164,164,1.0,3,1
3443,29908360,29908360,84,40,0,10,10,5.0,2,1
3444,29908362,29908362,126,134,0,36,36,2.0,2,1
3445,29908375,29908375,81,41,0,10,10,13.0,2,1
3446,29908375,29908375,235,144,0,87,87,13.0,1,1
3447,29908385,29908385,227,133,1,39,39,26.0,1,1
3448,29908385,29908385,69,24,1,50,50,20.0,1,1
3449,29908388,29908388,113,98,0,27,27,2.0,1,1
3450,29908390,29908390,151,126,1,357,357,18.0,1,1
3451,29908391,29908391,83,42,0,10,10,16.0,2,1
3452,29908394,29908394,102,92,0,-1,-1,nan,0,0
3453,29908399,29908399,227,132,0,39,39,17.0,1,1
3454,29908399,29908399,170,50,0,155,155,5.0,3,1
3455,29908406,29908406,228,132,0,39,39,16.0,1,1
3456,29908411,29908411,165,35,1,376,376,4.0,3,1
3457,29908411,29908411,191,94,1,78,78,8.0,1,1
3458,29908413,29908413,67,27,1,-1,-1,nan,0,0
3459,29908414,29908414,169,38,1,376,376,13.0,3,1
3460,29908419,29908419,191,107,0,125,125,4.0,1,1
3461,29908423,29908423,187,94,1,78,78,40.0,1,1
3462,29908424,29908424,143,138,0,130,130,20.0,3,1
3463,29908424,29908424,236,138,1,176,176,13.0,2,1
3464,29908430,29908430,235,73,0,71,71,26.0,3,1
3465,29908432,29908432,226,67,1,164,164,13.0,2,1
3466,29908441,29908441,140,138,0,130,130,5.0,3,1
3467,29908451,29908451,219,127,1,256,256,10.0,1,1
3468,29908451,29908451,114,129,0,35,35,10.0,1,1
3469,29908452,29908452,34,115,1,25,25,41.0,1,1
3470,29908457,29908457,114,127,0,35,35,26.0,1,1
3471,29908457,29908457,21,98,0,72,72,29.0,2,1
3472,29908458,29908458,135,137,0,173,173,5.0,3,1
3473,29908460,29908460,190,97,1,78,78,10.0,1,1
3474,29908463,29908463,180,174,1,139,139,5.0,1,1
3475,29908470,29908470,110,0,1,3,3,37.0,1,1
3476,29908473,29908473,28,93,0,72,72,13.0,4,1
3477,29908483,29908483,226,131,1,39,39,13.0,1,1
3478,29908490,29908490,139,138,0,130,130,4.0,3,1
3479,29908490,29908490,21,100,0,24,24,16.0,2,1
3480,29908494,29908494,234,73,0,118,118,25.0,3,1
3481,29908499,29908499,235,65,1,205,205,4.0,3,1
3482,29908499,29908499,191,98,1,78,78,8.0,2,1
3483,29908508,29908508,79,25,0,2,2,5.0,2,1
3484,29908516,29908516,114,126,0,35,35,37.0,1,1
3485,29908519,29908519,186,178,1,46,46,25.0,1,1
3486,29908519,29908519,188,178,1,46,46,17.0,1,1
3487,29908528,29908528,78,25,0,2,2,4.0,2,1
3488,29908529,29908529,21,102,1,24,24,4.0,2,1
3489,29908533,29908533,189,109,0,125,125,20.0,2,1
3490,29908537,29908537,26,77,0,240,240,9.0,4,1
3491,29908538,29908538,175,37,0,310,310,8.0,3,1
3492,29908547,29908547,130,124,1,-1,-1,nan,0,0
3493,29908553,29908553,175,43,1,197,197,5.0,3,1
3494,29908554,29908554,186,111,0,30,30,13.0,2,1
3495,29908555,29908555,231,139,0,87,87,8.0,1,1
3496,29908557,29908557,26,94,0,72,72,4.0,2,1
3497,29908571,29908571,65,30,1,106,106,41.0,2,1
3498,29908574,29908574,33,103,0,166,166,25.0,1,1
3499,29908578,29908578,184,176,1,46,46,29.0,2,1
3500,29908583,29908583,230,146,0,87,87,34.0,1,1
3501,29908596,29908596,146,139,0,254,254,26.0,3,1
3502,29908606,29908606,238,139,1,176,176,16.0,2,1
3503,29908607,29908607,158,138,1,85,85,1.0,3,1
3504,29908609,29908609,161,32,1,13,13,0.0,4,1
3505,29908612,29908612,231,63,1,205,205,16.0,3,1
3506,29908614,29908614,146,126,1,357,357,13.0,2,1
3507,29908615,29908615,192,99,1,78,78,10.0,2,1
3508,29908615,29908615,193,99,1,78,78,9.0,2,1
3509,29908616,29908616,27,112,1,165,165,5.0,2,1
3510,29908617,29908617,137,124,1,324,324,25.0,1,1
3511,29908622,29908622,36,113,1,25,25,13.0,1,1
3512,29908625,29908625,155,141,0,85,85,25.0,2,1
3513,29908625,29908625,114,92,1,27,27,25.0,1,1
3514,29908630,29908630,133,124,1,-1,-1,nan,0,0
3515,29908637,29908637,143,139,0,130,130,25.0,4,1
3516,29908646,29908646,81,22,0,2,2,10.0,2,1
3517,29908647,29908647,235,72,0,71,71,17.0,3,1
3518,29908648,29908648,179,47,0,197,197,13.0,2,1
3519,29908653,29908653,30,103,0,166,166,34.0,1,1
3520,29908663,29908663,229,135,0,39,39,50.0,2,1
3521,29908671,29908671,163,44,0,344,344,2.0,3,1
3522,29908672,29908672,24,94,0,72,72,8.0,2,1
3523,29908673,29908673,221,151,0,47,47,20.0,2,1
3524,29908679,29908679,235,132,1,176,176,18.0,1,1
3525,29908687,29908687,232,147,1,87,87,37.0,1,1
3526,29908687,29908687,23,96,0,72,72,9.0,1,1
3527,29908692,29908692,74,18,0,50,50,13.0,2,1
3528,29908692,29908692,74,40,1,58,58,50.0,1,1
3529,29908701,29908701,177,47,0,197,197,9.0,3,1
3530,29908702,29908702,34,103,0,166,166,26.0,1,1
3531,29908704,29908704,181,175,1,139,139,13.0,1,1
3532,29908715,29908715,173,36,1,109,109,9.0,3,1
3533,29908717,29908717,230,142,0,87,87,10.0,1,1
3534,29908720,29908720,180,112,1,30,30,18.0,2,1
3535,29908722,29908722,38,110,1,25,25,2.0,1,1
3536,29908725,29908725,132,124,1,-1,-1,nan,0,0
3537,29908727,29908727,179,46,1,197,197,8.0,2,1
3538,29908728,29908728,235,130,1,176,176,34.0,3,1
3539,29908735,29908735,169,50,0,155,155,2.0,3,1
3540,29908735,29908735,144,138,0,130,130,29.0,3,1
3541,29908737,29908737,229,75,0,23,23,1.0,3,1
3542,29908738,29908738,235,145,0,87,87,20.0,1,1
3543,29908743,29908743,153,140,0,254,254,8.0,3,1
3544,29908745,29908745,185,112,0,30,30,13.0,1,1
3545,29908746,29908746,217,130,1,256,256,37.0,1,1
3546,29908750,29908750,232,124,1,217,217,13.0,3,1
3547,29908751,29908751,183,93,1,77,77,25.0,1,1
3548,29908753,29908753,145,137,0,130,130,37.0,3,1
3549,29908753,29908753,176,45,0,197,197,2.0,4,1
3550,29908756,29908756,174,38,0,310,310,2.0,4,1
3551,29908761,29908761,158,129,1,37,37,18.0,2,1
3552,29908763,29908763,175,39,0,310,310,4.0,3,1
3553,29908768,29908768,114,74,1,19,19,2.0,1,1
3554,29908769,29908769,174,44,0,197,197,9.0,3,1
3555,29908770,29908770,130,122,1,384,384,36.0,1,1
3556,29908771,29908771,179,111,0,30,30,20.0,2,1
3557,29908779,29908779,23,103,1,24,24,5.0,2,1
3558,29908786,29908786,132,136,0,173,173,1.0,3,1
3559,29908787,29908787,231,140,0,87,87,5.0,1,1
3560,29908794,29908794,232,146,0,87,87,26.0,1,1
3561,29908800,29908800,158,136,1,85,85,5.0,3,1
3562,29908801,29908801,237,127,1,133,133,17.0,1,1
3563,29908801,29908801,144,139,0,130,130,34.0,4,1
3564,29908801,29908801,162,46,0,344,344,5.0,3,1
3565,29908801,29908801,174,46,0,275,275,9.0,4,1
3566,29908805,29908805,37,113,1,25,25,8.0,1,1
3567,29908806,29908806,180,111,0,30,30,13.0,1,1
3568,29908807,29908807,23,97,0,72,72,10.0,2,1
3569,29908810,29908810,176,36,0,109,109,18.0,2,1
3570,29908811,29908811,150,126,1,357,357,13.0,1,1
3571,29908812,29908812,79,26,0,2,2,10.0,2,1
3572,29908812,29908812,228,66,1,118,118,18.0,3,1
3573,29908818,29908818,235,129,0,133,133,45.0,3,1
3574,29908818,29908818,164,42,1,344,344,9.0,4,1
3575,29908820,29908820,37,112,1,25,25,5.0,1,1
3576,29908823,29908823,162,45,0,344,344,4.0,3,1
3577,29908830,29908830,104,12,0,145,145,5.0,1,1
3578,29908831,29908831,172,48,0,275,275,5.0,3,1
3579,29908832,29908832,229,132,0,39,39,17.0,1,1
3580,29908835,29908835,120,0,0,458,458,5.0,2,1
3581,29908842,29908842,178,95,1,77,77,4.0,2,1
3582,29908847,29908847,179,96,1,77,77,10.0,2,1
3583,29908849,29908849,169,53,0,155,155,5.0,3,1
3584,29908852,29908852,176,176,1,139,139,13.0,3,1
3585,29908854,29908854,226,77,1,23,23,10.0,2,1
3586,29908859,29908859,27,92,0,72,72,17.0,3,1
3587,29908859,29908859,186,92,1,-1,-1,nan,0,0
3588,29908859,29908859,121,122,1,75,75,41.0,1,1
3589,29908859,29908859,230,122,1,217,217,1.0,2,1
3590,29908859,29908859,179,110,0,30,30,17.0,1,1
3591,29908859,29908859,186,110,0,30,30,10.0,2,1
3592,29908861,29908861,185,177,1,46,46,25.0,1,1
3593,29908871,29908871,177,95,1,77,77,5.0,2,1
3594,29908872,29908872,218,137,0,-1,-1,nan,0,0
3595,29908880,29908880,218,136,0,-1,-1,nan,0,0
3596,29908882,29908882,80,43,0,58,58,5.0,2,1
3597,29908883,29908883,152,128,1,357,357,41.0,1,1
3598,29908883,29908883,153,128,1,357,357,50.0,1,1
3599,29908883,29908883,158,128,1,37,37,13.0,2,1
3600,29908900,29908900,229,137,0,87,87,32.0,1,1
3601,29908907,29908907,227,77,0,23,23,5.0,2,1
3602,29908908,29908908,79,33,0,144,144,34.0,2,1
3603,29908908,29908908,79,24,0,2,2,2.0,2,1
3604,29908913,29908913,72,40,1,-1,-1,nan,0,0
3605,29908920,29908920,157,127,1,37,37,17.0,2,1
3606,29908921,29908921,160,46,0,61,61,13.0,2,1
3607,29908921,29908921,122,122,1,75,75,52.0,1,1
3608,29908925,29908925,108,78,1,19,19,34.0,1,1
3609,29908929,29908929,232,64,1,205,205,10.0,3,1
3610,29908934,29908934,237,71,0,71,71,10.0,2,1
3611,29908938,29908938,119,0,0,3,3,10.0,2,1
3612,29908940,29908940,232,72,0,118,118,10.0,3,1
3613,29908940,29908940,65,29,1,106,106,52.0,2,1
3614,29908940,29908940,128,122,1,384,384,40.0,1,1
3615,29908941,29908941,76,31,0,144,144,9.0,1,1
3616,29908941,29908941,159,136,1,85,85,4.0,2,1
3617,29908943,29908943,183,177,1,139,139,41.0,2,1
3618,29908945,29908945,227,65,1,118,118,32.0,2,1
3619,29908949,29908949,125,121,1,384,384,50.0,1,1
3620,29908954,29908954,72,20,1,50,50,1.0,2,1
3621,29908955,29908955,81,23,0,2,2,9.0,2,1
3622,29908955,29908955,237,144,0,87,87,25.0,1,1
3623,29908959,29908959,126,122,1,384,384,52.0,1,1
3624,29908962,29908962,165,41,1,344,344,17.0,5,1
3625,29908970,29908970,228,78,0,23,23,5.0,1,1
3626,29908971,29908971,229,140,0,87,87,17.0,1,1
3627,29908972,29908972,38,106,0,25,25,26.0,1,1
3628,29908976,29908976,168,37,1,376,376,5.0,4,1
3629,29908977,29908977,159,42,1,61,61,2.0,3,1
3630,29908988,29908988,231,64,1,205,205,17.0,3,1
3631,29908993,29908993,144,125,1,357,357,20.0,2,1
3632,29908993,29908993,95,0,0,-1,-1,nan,0,0
3633,29909000,29909000,232,145,0,87,87,17.0,1,1
3634,29909001,29909001,80,23,0,2,2,4.0,2,1
3635,29909006,29909006,136,136,0,130,130,9.0,3,1
3636,29909020,29909020,165,40,1,237,237,20.0,4,1
3637,29909020,29909020,77,44,1,58,58,5.0,1,1
3638,29909021,29909021,146,138,0,254,254,25.0,3,1
3639,29909024,29909024,180,48,0,198,198,13.0,2,1
3640,29909029,29909029,96,1,0,-1,-1,nan,0,0
3641,29909036,29909036,152,127,1,357,357,32.0,1,1
3642,29909041,29909041,174,40,0,310,310,2.0,4,1
3643,29909042,29909042,173,176,1,45,45,5.0,3,1
3644,29909042,29909042,188,176,1,46,46,5.0,1,1
3645,29909052,29909052,230,123,1,217,217,4.0,2,1
3646,29909054,29909054,35,112,1,25,25,17.0,1,1
3647,29909057,29909057,124,121,1,384,384,61.0,1,1
3648,29909062,29909062,136,125,1,324,324,41.0,1,1
3649,29909064,29909064,78,20,0,2,2,9.0,2,1
3650,29909064,29909064,219,135,1,-1,-1,nan,0,0
3651,29909073,29909073,154,125,1,357,357,40.0,2,1
3652,29909075,29909075,32,116,1,-1,-1,nan,0,0
3653,29909075,29909075,71,22,1,50,50,4.0,3,1
3654,29909078,29909078,26,115,1,165,165,17.0,2,1
3655,29909079,29909079,142,126,1,324,324,26.0,2,1
3656,29909079,29909079,83,35,0,10,10,9.0,1,1
3657,29909085,29909085,190,177,1,46,46,10.0,2,1
3658,29909090,29909090,108,28,0,228,228,13.0,4,1
3659,29909108,29909108,159,133,1,215,215,5.0,3,1
3660,29909109,29909109,76,27,0,144,144,1.0,2,1
3661,29909119,29909119,140,137,0,130,130,2.0,3,1
3662,29909129,29909129,231,125,1,217,217,17.0,3,1
3663,29909135,29909135,80,33,0,10,10,34.0,2,1
3664,29909135,29909135,231,73,0,23,23,13.0,4,1
3665,29909136,29909136,77,43,1,58,58,8.0,2,1
3666,29909139,29909139,184,178,1,46,46,41.0,2,1
3667,29909142,29909142,179,175,1,139,139,5.0,2,1
3668,29909157,29909157,190,95,1,78,78,10.0,1,1
3669,29909160,29909160,141,137,0,130,130,5.0,2,1
3670,29909165,29909165,73,41,1,58,58,52.0,1,1
3671,29909173,29909173,178,110,0,30,30,26.0,2,1
3672,29909176,29909176,144,123,1,324,324,13.0,2,1
3673,29909178,29909178,137,121,1,324,324,16.0,1,1
3674,29909178,29909178,137,125,1,324,324,32.0,1,1
3675,29909187,29909187,182,177,1,139,139,32.0,2,1
3676,29909188,29909188,155,140,0,85,85,20.0,2,1
3677,29909196,29909196,175,176,1,45,45,13.0,3,1
3678,29909204,29909204,185,110,0,30,30,5.0,2,1
3679,29909209,29909209,82,35,0,10,10,10.0,1,1
3680,29909209,29909209,228,80,0,23,23,17.0,1,1
3681,29909212,29909212,236,136,1,176,176,5.0,2,1
3682,29909213,29909213,177,44,1,197,197,0.0,4,1
3683,29909218,29909218,86,37,0,10,10,10.0,1,1
3684,29909224,29909224,116,122,0,75,75,16.0,1,1
3685,29909226,29909226,79,21,0,2,2,5.0,2,1
3686,29909227,29909227,74,41,1,58,58,41.0,1,1
3687,29909228,29909228,67,26,1,50,50,52.0,1,1
3688,29909229,29909229,135,123,1,324,324,40.0,1,1
3689,29909229,29909229,150,128,1,357,357,29.0,1,1
3690,29909232,29909232,151,127,1,357,357,25.0,1,1
3691,29909235,29909235,236,126,1,133,133,13.0,2,1
3692,29909240,29909240,238,128,0,133,133,25.0,2,1
3693,29909248,29909248,76,19,0,2,2,20.0,2,1
3694,29909249,29909249,159,46,0,61,61,10.0,2,1
3695,29909264,29909264,116,124,0,75,75,36.0,1,1
3696,29909265,29909265,234,64,1,205,205,2.0,3,1
3697,29909271,29909271,76,28,0,144,144,0.0,2,1
3698,29909281,29909281,79,44,1,58,58,1.0,2,1
3699,29909285,29909285,113,126,0,35,35,40.0,1,1
3700,29909290,29909290,119,2,0,3,3,10.0,3,1
3701,29909291,29909291,71,38,1,-1,-1,nan,0,0
3702,29909291,29909291,181,48,0,198,198,8.0,3,1
3703,29909298,29909298,170,51,0,155,155,4.0,2,1
3704,29909309,29909309,181,111,0,30,30,8.0,1,1
3705,29909322,29909322,79,23,0,2,2,1.0,2,1
3706,29909324,29909324,84,35,0,10,10,10.0,1,1
3707,29909327,29909327,172,37,1,310,310,5.0,3,1
3708,29909327,29909327,235,66,1,71,71,5.0,3,1
3709,29909330,29909330,131,137,0,173,173,5.0,2,1
3710,29909336,29909336,19,101,0,24,24,13.0,2,1
3711,29909337,29909337,170,53,0,155,155,8.0,2,1
3712,29909337,29909337,136,123,1,324,324,29.0,1,1
3713,29909340,29909340,236,139,1,87,87,13.0,2,1
3714,29909343,29909343,118,2,0,3,3,5.0,3,1
3715,29909346,29909346,181,113,0,30,30,20.0,2,1
3716,29909348,29909348,170,38,1,310,310,10.0,3,1
3717,29909357,29909357,178,175,1,139,139,4.0,3,1
3718,29909358,29909358,229,64,1,118,118,29.0,3,1
3719,29909363,29909363,166,46,0,344,344,5.0,3,1
3720,29909366,29909366,20,100,0,24,24,17.0,3,1
3721,29909368,29909368,181,95,1,77,77,13.0,1,1
3722,29909368,29909368,160,128,1,37,37,5.0,3,1
3723,29909370,29909370,183,175,1,139,139,29.0,2,1
3724,29909371,29909371,176,35,0,109,109,13.0,2,1
3725,29909373,29909373,232,125,1,217,217,20.0,3,1
3726,29909379,29909379,220,145,0,-1,-1,nan,0,0
3727,29909381,29909381,236,129,0,133,133,40.0,2,1
3728,29909389,29909389,73,19,1,50,50,5.0,2,1
3729,29909391,29909391,235,126,1,133,133,18.0,3,1
3730,29909398,29909398,114,120,0,75,75,8.0,1,1
3731,29909398,29909398,182,175,1,139,139,20.0,2,1
3732,29909399,29909399,233,146,0,87,87,25.0,1,1
3733,29909401,29909401,231,124,1,217,217,10.0,3,1
3734,29909404,29909404,234,65,1,205,205,5.0,3,1
3735,29909404,29909404,236,67,1,71,71,1.0,3,1
3736,29909408,29909408,156,128,1,37,37,29.0,2,1
3737,29909412,29909412,228,134,1,39,39,36.0,1,1
3738,29909412,29909412,176,174,1,139,139,5.0,3,1
3739,29909413,29909413,230,147,0,87,87,45.0,2,1
3740,29909413,29909413,113,125,0,35,35,53.0,2,1
3741,29909417,29909417,225,134,0,39,39,45.0,1,1
3742,29909420,29909420,65,36,1,106,106,17.0,1,1
3743,29909427,29909427,174,34,1,109,109,2.0,3,1
3744,29909440,29909440,63,33,1,106,106,8.0,2,1
3745,29909445,29909445,174,47,0,275,275,10.0,3,1
3746,29909450,29909450,180,95,1,77,77,8.0,2,1
3747,29909451,29909451,183,92,1,77,77,26.0,1,1
3748,29909454,29909454,189,110,0,125,125,29.0,2,1
3749,29909461,29909461,30,115,1,165,165,41.0,1,1
3750,29909468,29909468,125,134,0,36,36,5.0,2,1
3751,29909471,29909471,220,146,0,-1,-1,nan,0,0
3752,29909471,29909471,115,120,0,75,75,5.0,1,1
3753,29909471,29909471,185,179,1,46,46,41.0,1,1
3754,29909477,29909477,233,73,0,118,118,20.0,3,1
3755,29909479,29909479,230,140,0,87,87,10.0,1,1
3756,29909479,29909479,76,30,0,144,144,4.0,2,1
3757,29909484,29909484,234,146,0,87,87,26.0,1,1
3758,29909485,29909485,190,109,0,125,125,17.0,2,1
3759,29909489,29909489,147,139,0,254,254,17.0,2,1
3760,29909494,29909494,140,124,1,324,324,10.0,1,1
3761,29909494,29909494,123,122,1,-1,-1,nan,0,0
3762,29909505,29909505,231,144,0,87,87,13.0,1,1
3763,29909506,29909506,129,136,0,36,36,5.0,2,1
3764,29909507,29909507,184,112,0,30,30,10.0,1,1
3765,29909510,29909510,231,143,0,87,87,8.0,1,1
3766,29909518,29909518,182,112,0,30,30,10.0,1,1
3767,29909518,29909518,233,145,0,87,87,16.0,1,1
3768,29909521,29909521,181,110,0,30,30,5.0,1,1
3769,29909522,29909522,219,141,1,-1,-1,nan,0,0
3770,29909523,29909523,151,128,1,357,357,34.0,1,1
3771,29909533,29909533,179,48,0,197,197,20.0,2,1
3772,29909540,29909540,230,144,0,87,87,18.0,1,1
3773,29909547,29909547,34,102,0,166,166,17.0,1,1
3774,29909553,29909553,129,122,1,384,384,37.0,1,1
3775,29909558,29909558,173,47,0,275,275,5.0,3,1
3776,29909559,29909559,35,105,0,25,25,52.0,2,1
3777,29909559,29909559,36,111,1,25,25,9.0,1,1
3778,29909569,29909569,165,46,0,344,344,2.0,4,1
3779,29909574,29909574,24,104,1,24,24,9.0,2,1
3780,29909576,29909576,229,141,0,87,87,16.0,1,1
3781,29909577,29909577,237,143,1,87,87,20.0,1,1
3782,29909577,29909577,118,3,0,3,3,8.0,3,1
3783,29909584,29909584,159,135,1,85,85,9.0,2,1
3784,29909589,29909589,164,38,1,237,237,9.0,5,1
3785,29909590,29909590,133,137,0,173,173,1.0,4,1
3786,29909595,29909595,235,127,1,133,133,25.0,3,1
3787,29909595,29909595,187,111,0,30,30,20.0,2,1
3788,29909603,29909603,8,102,0,119,119,17.0,3,1
3789,29909605,29909605,231,146,0,87,87,29.0,1,1
3790,29909605,29909605,118,134,0,35,35,13.0,2,1
3791,29909615,29909615,124,123,1,-1,-1,nan,0,0
3792,29909643,29909643,147,126,1,357,357,10.0,2,1
3793,29909650,29909650,229,127,1,39,39,2.0,2,1
3794,29909657,29909657,236,127,1,133,133,20.0,1,1
3795,29909660,29909660,127,136,0,36,36,1.0,3,1
3796,29909661,29909661,227,79,0,23,23,13.0,1,1
3797,29909667,29909667,186,179,1,46,46,34.0,1,1
3798,29909669,29909669,118,133,0,35,35,10.0,1,1
3799,29909669,29909669,154,140,0,254,254,13.0,2,1
3800,29909670,29909670,115,91,1,27,27,37.0,1,1
3801,29909680,29909680,158,127,1,37,37,10.0,2,1
3802,29909691,29909691,125,135,0,36,36,4.0,2,1
3803,29909692,29909692,230,81,0,23,23,26.0,1,1
3804,29909705,29909705,157,140,0,85,85,8.0,3,1
3805,29909708,29909708,224,159,1,365,365,20.0,3,1
3806,29909708,29909708,156,127,1,37,37,26.0,2,1
3807,29909713,29909713,232,73,0,118,118,17.0,3,1
3808,29909715,29909715,225,69,1,164,164,2.0,2,1
3809,29909715,29909715,79,22,0,2,2,2.0,2,1
3810,29909718,29909718,68,37,1,106,106,53.0,1,1
3811,29909718,29909718,227,76,0,23,23,4.0,2,1
3812,29909722,29909722,183,110,0,30,30,1.0,1,1
3813,29909723,29909723,64,34,1,106,106,10.0,1,1
3814,29909724,29909724,151,140,0,254,254,4.0,2,1
3815,29909726,29909726,31,97,0,166,166,5.0,3,1
3816,29909733,29909733,115,128,0,35,35,16.0,1,1
3817,29909739,29909739,149,139,0,254,254,5.0,2,1
3818,29909749,29909749,178,47,0,197,197,10.0,3,1
3819,29909758,29909758,236,137,1,176,176,8.0,2,1
3820,29909762,29909762,179,95,1,77,77,5.0,2,1
3821,29909767,29909767,116,133,0,35,35,2.0,1,1
3822,29909780,29909780,64,31,1,106,106,25.0,2,1
3823,29909780,29909780,226,69,1,164,164,5.0,3,1
3824,29909785,29909785,158,126,1,37,37,9.0,2,1
3825,29909785,29909785,146,125,1,357,357,8.0,2,1
3826,29909790,29909790,230,138,0,87,87,18.0,1,1
3827,29909795,29909795,176,95,1,77,77,8.0,2,1
3828,29909795,29909795,126,120,1,384,384,32.0,1,1
3829,29909795,29909795,151,139,0,254,254,1.0,2,1
3830,29909795,29909795,187,110,0,30,30,17.0,2,1
3831,29909795,29909795,227,80,0,23,23,20.0,1,1
3832,29909820,29909820,114,125,0,35,35,50.0,2,1
3833,29909825,29909825,232,71,0,118,118,5.0,3,1
3834,29909834,29909834,145,125,1,357,357,13.0,2,1
3835,29909834,29909834,146,127,1,357,357,20.0,2,1
3836,29909845,29909845,233,125,1,217,217,25.0,3,1
3837,29909847,29909847,174,35,1,109,109,5.0,3,1
3838,29909849,29909849,163,42,1,344,344,10.0,3,1
3839,29909852,29909852,238,131,1,176,176,16.0,1,1
3840,29909868,29909868,110,77,1,19,19,13.0,1,1
3841,29909868,29909868,172,46,0,275,275,1.0,4,1
3842,29909870,29909870,102,9,0,145,145,16.0,1,1
3843,29909872,29909872,150,127,1,357,357,20.0,1,1
3844,29909878,29909878,231,75,0,23,23,5.0,2,1
3845,29909881,29909881,22,102,1,24,24,5.0,2,1
3846,29909886,29909886,231,76,0,23,23,4.0,2,1
3847,29909886,29909886,141,124,1,324,324,9.0,2,1
3848,29909890,29909890,115,122,0,75,75,17.0,1,1
3849,29909891,29909891,171,37,1,310,310,8.0,3,1
3850,29909891,29909891,233,72,0,118,118,13.0,3,1
3851,29909897,29909897,160,44,1,61,61,5.0,3,1
3852,29909898,29909898,118,121,1,75,75,13.0,1,1
3853,29909898,29909898,116,131,0,35,35,2.0,1,1
3854,29909899,29909899,142,125,1,324,324,17.0,2,1
3855,29909907,29909907,36,108,0,25,25,18.0,1,1
3856,29909909,29909909,228,127,1,39,39,1.0,2,1
3857,29909909,29909909,234,145,0,87,87,17.0,1,1
3858,29909911,29909911,78,26,0,144,144,8.0,2,1
3859,29909911,29909911,156,141,0,85,85,18.0,3,1
3860,29909914,29909914,227,67,1,164,164,18.0,2,1
3861,29909921,29909921,78,22,0,2,2,1.0,3,1
3862,29909923,29909923,158,45,1,61,61,4.0,3,1
3863,29909924,29909924,154,124,1,357,357,37.0,2,1
3864,29909926,29909926,39,109,1,25,25,4.0,1,1
3865,29909931,29909931,162,41,1,237,237,10.0,4,1
3866,29909942,29909942,184,94,1,77,77,37.0,1,1
3867,29909945,29909945,150,140,0,254,254,5.0,2,1
3868,29909950,29909950,156,129,1,37,37,34.0,2,1
3869,29909950,29909950,175,38,0,310,310,5.0,3,1
3870,29909952,29909952,141,126,1,324,324,25.0,2,1
3871,29909952,29909952,134,124,1,324,324,58.0,1,1
3872,29909960,29909960,231,147,0,87,87,40.0,1,1
3873,29909962,29909962,145,139,0,290,290,29.0,4,1
3874,29909967,29909967,134,136,0,173,173,1.0,4,1
3875,29909981,29909981,177,46,0,197,197,4.0,3,1
3876,29909983,29909983,119,121,1,75,75,18.0,1,1
3877,29909985,29909985,24,106,1,24,24,13.0,2,1
3878,29910014,29910014,37,107,0,25,25,20.0,1,1
3879,29910017,29910017,175,105,0,29,29,4.0,2,1
3880,29910032,29910032,142,139,0,130,130,18.0,4,1
3881,29910042,29910042,149,126,1,357,357,10.0,1,1
3882,29910046,29910046,164,32,1,13,13,9.0,3,1
3883,29910063,29910063,236,145,0,87,87,25.0,1,1
3884,29910066,29910066,142,138,0,130,130,13.0,3,1
3885,29910071,29910071,106,79,1,-1,-1,nan,0,0
3886,29910072,29910072,109,96,0,27,27,26.0,1,1
3887,29910073,29910073,219,130,1,256,256,37.0,1,1
3888,29910078,29910078,116,3,0,3,3,4.0,2,1
3889,29910078,29910078,131,124,1,-1,-1,nan,0,0
3890,29910084,29910084,231,78,0,23,23,8.0,1,1
3891,29910084,29910084,181,94,1,77,77,10.0,1,1
3892,29910086,29910086,183,112,0,30,30,9.0,1,1
3893,29910086,29910086,175,107,0,29,29,16.0,1,1
3894,29910089,29910089,170,36,1,376,376,10.0,3,1
3895,29910094,29910094,228,81,0,23,23,26.0,1,1
3896,29910106,29910106,226,134,0,39,39,40.0,1,1
3897,29910119,29910119,234,126,1,133,133,25.0,3,1
3898,29910119,29910119,107,95,0,27,27,53.0,1,1
3899,29910120,29910120,158,46,0,61,61,9.0,2,1
3900,29910127,29910127,157,128,1,37,37,20.0,2,1
3901,29910137,29910137,35,113,1,25,25,20.0,1,1
3902,29910138,29910138,155,125,1,37,37,37.0,2,1
3903,29910140,29910140,171,48,1,275,275,4.0,4,1
3904,29910140,29910140,115,125,0,35,35,49.0,2,1
3905,29910140,29910140,81,45,0,58,58,4.0,2,1
3906,29910142,29910142,120,1,0,458,458,4.0,3,1
3907,29910145,29910145,229,133,0,39,39,26.0,1,1
3908,29910145,29910145,176,106,0,29,29,10.0,2,1
3909,29910169,29910169,77,27,0,144,144,2.0,2,1
3910,29910170,29910170,115,132,0,35,35,0.0,1,1
3911,29910180,29910180,48,33,0,105,105,20.0,3,1
3912,29910187,29910187,230,137,0,87,87,25.0,1,1
3913,29910204,29910204,176,107,0,29,29,17.0,2,1
3914,29910205,29910205,228,71,0,118,118,13.0,3,1
3915,29910207,29910207,233,126,1,39,39,29.0,3,1
3916,29910213,29910213,31,115,1,165,165,52.0,1,1
3917,29910215,29910215,176,37,0,310,310,13.0,3,1
3918,29910220,29910220,177,107,0,29,29,20.0,2,1
3919,29910226,29910226,113,96,0,27,27,2.0,1,1
3920,29910233,29910233,182,110,0,30,30,2.0,1,1
3921,29910233,29910233,171,52,0,155,155,10.0,2,1
3922,29910233,29910233,176,47,0,197,197,10.0,3,1
3923,29910237,29910237,113,97,0,27,27,1.0,1,1
3924,29910240,29910240,235,133,1,176,176,13.0,1,1
3925,29910245,29910245,175,47,0,197,197,13.0,2,1
3926,29910246,29910246,33,116,1,25,25,61.0,1,1
3927,29910247,29910247,130,135,0,36,36,9.0,2,1
3928,29910259,29910259,75,42,1,58,58,25.0,1,1
3929,29910266,29910266,228,65,1,118,118,25.0,3,1
3930,29910266,29910266,226,79,0,23,23,18.0,1,1
3931,29910267,29910267,138,138,0,130,130,5.0,3,1
3932,29910273,29910273,69,25,1,50,50,29.0,2,1
3933,29910282,29910282,132,122,1,384,384,40.0,1,1
3934,29910290,29910290,231,74,0,23,23,8.0,3,1
3935,29910290,29910290,115,97,1,27,27,1.0,2,1
3936,29910297,29910297,38,112,1,25,25,2.0,1,1
3937,29910302,29910302,186,93,1,78,78,58.0,1,1
3938,29910302,29910302,23,95,0,72,72,10.0,2,1
3939,29910304,29910304,77,28,0,144,144,1.0,2,1
3940,29910310,29910310,184,177,1,46,46,34.0,2,1
3941,29910317,29910317,171,51,0,155,155,9.0,2,1
3942,29910318,29910318,113,131,0,35,35,5.0,1,1
3943,29910324,29910324,134,137,0,173,173,2.0,4,1
3944,29910344,29910344,84,39,0,10,10,2.0,2,1
3945,29910344,29910344,155,127,1,37,37,37.0,2,1
3946,29910345,29910345,182,113,0,30,30,17.0,2,1
3947,29910351,29910351,229,138,0,87,87,25.0,1,1
3948,29910351,29910351,139,124,1,324,324,13.0,1,1
3949,29910357,29910357,175,108,0,29,29,25.0,1,1
3950,29910362,29910362,111,97,0,27,27,9.0,1,1
3951,29910369,29910369,176,43,1,197,197,2.0,4,1
3952,29910375,29910375,177,177,1,139,139,17.0,2,1
3953,29910380,29910380,148,139,0,254,254,10.0,2,1
3954,29910381,29910381,115,127,0,35,35,25.0,1,1
3955,29910387,29910387,77,45,1,58,58,4.0,1,1
3956,29910400,29910400,117,133,0,35,35,5.0,1,1
3957,29910401,29910401,178,48,0,197,197,17.0,3,1
3958,29910402,29910402,192,105,0,125,125,1.0,1,1
3959,29910403,29910403,109,94,0,27,27,34.0,1,1
3960,29910408,29910408,81,43,0,58,58,8.0,2,1
3961,29910412,29910412,175,97,1,249,249,5.0,3,1
3962,29910413,29910413,228,135,0,39,39,49.0,2,1
3963,29910415,29910415,66,36,1,106,106,26.0,1,1
3964,29910418,29910418,147,140,0,290,290,16.0,3,1
3965,29910423,29910423,180,109,0,30,30,9.0,2,1
3966,29910429,29910429,138,122,1,324,324,10.0,1,1
3967,29910432,29910432,82,34,0,10,10,17.0,1,1
3968,29910436,29910436,230,64,1,118,118,26.0,3,1
3969,29910441,29910441,109,78,1,19,19,25.0,1,1
3970,29910441,29910441,177,109,0,30,30,36.0,2,1
3971,29910442,29910442,152,140,0,254,254,5.0,3,1
3972,29910444,29910444,120,120,1,75,75,20.0,1,1
3973,29910448,29910448,178,97,1,77,77,16.0,3,1
3974,29910449,29910449,176,108,1,29,29,26.0,2,1
3975,29910451,29910451,183,176,1,139,139,34.0,2,1
3976,29910456,29910456,161,45,0,344,344,9.0,3,1
3977,29910459,29910459,171,38,1,310,310,5.0,3,1
3978,29910465,29910465,178,108,0,30,30,26.0,2,1
3979,29910469,29910469,230,82,0,23,23,37.0,1,1
3980,29910470,29910470,237,73,0,71,71,26.0,2,1
3981,29910472,29910472,218,138,0,-1,-1,nan,0,0
3982,29910473,29910473,220,135,1,-1,-1,nan,0,0
3983,29910474,29910474,125,120,1,384,384,41.0,1,1
3984,29910479,29910479,32,119,1,250,250,41.0,1,1
3985,29910489,29910489,236,140,1,87,87,10.0,2,1
3986,29910494,29910494,237,74,0,71,71,37.0,2,1
3987,29910501,29910501,35,114,1,25,25,25.0,1,1
3988,29910513,29910513,164,40,1,237,237,13.0,4,1
3989,29910516,29910516,166,36,1,376,376,2.0,5,1
3990,29910518,29910518,170,65,0,21,21,5.0,3,1
3991,29910530,29910530,175,46,0,197,197,8.0,3,1
3992,29910534,29910534,176,34,1,109,109,10.0,2,1
3993,29910537,29910537,174,36,1,109,109,10.0,3,1
3994,29910555,29910555,152,141,0,254,254,10.0,3,1
3995,29910559,29910559,234,73,0,118,118,25.0,3,1
3996,29910564,29910564,124,135,0,36,36,9.0,2,1
3997,29910564,29910564,231,142,0,87,87,5.0,1,1
3998,29910568,29910568,142,137,0,130,130,10.0,2,1
3999,29910578,29910578,134,123,1,324,324,53.0,1,1
4000,29910578,29910578,114,133,0,35,35,2.0,1,1
4001,29910580,29910580,185,178,1,46,46,32.0,1,1
4002,29910599,29910599,66,35,1,106,106,25.0,1,1
4003,29910601,29910601,154,139,0,254,254,10.0,2,1
4004,29910602,29910602,114,130,0,35,35,5.0,1,1
4005,29910603,29910603,133,136,0,173,173,0.0,3,1
4006,29910604,29910604,80,21,0,2,2,8.0,1,1
4007,29910604,29910604,34,104,0,166,166,37.0,1,1
4008,29910614,29910614,116,125,0,75,75,49.0,2,1
4009,29910619,29910619,140,126,1,324,324,26.0,1,1
4010,29910619,29910619,225,71,1,164,164,2.0,3,1
4011,29910632,29910632,180,94,1,77,77,5.0,1,1
4012,29910632,29910632,236,74,0,71,71,36.0,3,1
4013,29910637,29910637,235,145,0,87,87,20.0,1,1
4014,29910638,29910638,163,45,0,344,344,1.0,4,1
4015,29910640,29910640,70,23,1,50,50,10.0,2,1
4016,29910647,29910647,174,176,1,45,45,8.0,3,1
4017,29910647,29910647,182,176,1,139,139,25.0,2,1
4018,29910648,29910648,157,141,0,85,85,13.0,3,1
4019,29910649,29910649,187,94,1,78,78,40.0,1,1
4020,29910649,29910649,154,127,1,37,37,50.0,2,1
4021,29910662,29910662,155,129,1,37,37,45.0,2,1
4022,29910676,29910676,171,50,0,155,155,10.0,2,1
4023,29910681,29910681,158,135,1,85,85,10.0,3,1
4024,29910686,29910686,190,110,0,125,125,26.0,2,1
4025,29910690,29910690,228,129,1,39,39,1.0,1,1
4026,29910691,29910691,157,126,1,37,37,16.0,2,1
4027,29910696,29910696,236,73,0,71,71,25.0,3,1
4028,29910710,29910710,148,126,1,357,357,9.0,1,1
4029,29910712,29910712,176,175,1,139,139,8.0,3,1
4030,29910712,29910712,192,104,0,125,125,2.0,1,1
4031,29910714,29910714,149,140,0,254,254,8.0,2,1
4032,29910719,29910719,22,96,0,72,72,16.0,1,1
4033,29910720,29910720,120,2,0,458,458,5.0,3,1
4034,29910720,29910720,188,109,0,30,30,25.0,2,1
4035,29910742,29910742,150,139,0,254,254,2.0,2,1
4036,29910743,29910743,162,43,1,344,344,8.0,3,1
4037,29910743,29910743,237,129,0,133,133,37.0,2,1
4038,29910748,29910748,179,177,1,139,139,17.0,2,1
4039,29910760,29910760,236,144,0,87,87,18.0,1,1
4040,29910766,29910766,36,110,1,25,25,10.0,1,1
4041,29910768,29910768,34,118,1,-1,-1,nan,0,0
4042,29910774,29910774,114,99,0,27,27,4.0,2,1
4043,29910776,29910776,174,41,0,310,310,5.0,3,1
4044,29910783,29910783,161,43,1,61,61,9.0,3,1
4045,29910786,29910786,217,131,0,256,256,50.0,1,1
4046,29910788,29910788,76,41,1,58,58,25.0,2,1
4047,29910789,29910789,161,46,0,344,344,10.0,2,1
4048,29910789,29910789,176,109,0,29,29,37.0,2,1
4049,29910793,29910793,140,138,0,130,130,5.0,3,1
4050,29910799,29910799,176,44,1,197,197,1.0,4,1
4051,29910802,29910802,164,46,1,344,344,1.0,4,1
4052,29910806,29910806,227,66,1,118,118,25.0,2,1
4053,29910806,29910806,130,136,0,173,173,9.0,2,1
4054,29910812,29910812,229,65,1,118,118,20.0,4,1
4055,29910817,29910817,180,112,0,30,30,18.0,2,1
4056,29910825,29910825,236,71,0,71,71,9.0,2,1
4057,29910829,29910829,226,133,0,39,39,29.0,1,1
4058,29910830,29910830,180,177,1,139,139,20.0,1,1
4059,29910835,29910835,175,39,0,310,310,4.0,3,1
4060,29910835,29910835,127,135,0,36,36,0.0,3,1
4061,29910842,29910842,78,45,1,58,58,1.0,1,1
4062,29910842,29910842,228,133,0,39,39,25.0,1,1
4063,29910845,29910845,180,176,1,139,139,13.0,1,1
4064,29910850,29910850,26,92,0,72,72,16.0,2,1
4065,29910851,29910851,220,147,0,47,47,61.0,1,1
4066,29910854,29910854,140,125,1,324,324,17.0,1,1
4067,29910859,29910859,166,34,1,376,376,2.0,4,1
4068,29910863,29910863,78,32,0,144,144,20.0,2,1
4069,29910878,29910878,219,142,0,-1,-1,nan,0,0
4070,29910879,29910879,124,134,0,36,36,10.0,2,1
4071,29910885,29910885,137,138,0,130,130,8.0,3,1
4072,29910891,29910891,182,95,1,77,77,20.0,1,1
4073,29910892,29910892,191,98,1,78,78,8.0,2,1
4074,29910896,29910896,230,143,0,87,87,13.0,1,1
4075,29910909,29910909,226,67,1,164,164,13.0,2,1
4076,29910910,29910910,150,138,1,254,254,1.0,2,1
4077,29910911,29910911,231,79,0,23,23,13.0,1,1
4078,29910922,29910922,154,141,0,254,254,18.0,3,1
4079,29910930,29910930,189,96,1,78,78,16.0,1,1
4080,29910933,29910933,135,138,0,173,173,8.0,3,1
4081,29910937,29910937,122,120,1,75,75,40.0,1,1
4082,29910937,29910937,238,72,0,71,71,20.0,2,1
4083,29910940,29910940,188,95,1,78,78,26.0,1,1
4084,29910948,29910948,96,7,1,-1,-1,nan,0,0
4085,29910957,29910957,97,2,0,-1,-1,nan,0,0
4086,29910963,29910963,146,140,0,290,290,17.0,3,1
4087,29910964,29910964,138,137,0,130,130,2.0,3,1
4088,29910967,29910967,232,64,1,205,205,10.0,3,1
4089,29910971,29910971,228,128,1,39,39,0.0,2,1
4090,29910974,29910974,115,133,0,35,35,1.0,1,1
4091,29910976,29910976,175,43,1,197,197,5.0,3,1
4092,29910977,29910977,73,40,1,58,58,61.0,1,1
4093,29910978,29910978,116,119,1,75,75,1.0,1,1
4094,29910981,29910981,181,177,1,139,139,25.0,1,1
4095,29910984,29910984,158,137,1,85,85,2.0,3,1
4096,29910984,29910984,231,64,1,205,205,17.0,3,1
4097,29910992,29910992,66,29,1,106,106,61.0,1,1
4098,29911009,29911009,21,97,0,72,72,26.0,2,1
4099,29911012,29911012,163,46,0,344,344,2.0,3,1
4100,29911012,29911012,170,55,0,155,155,20.0,2,1
4101,29911026,29911026,115,121,0,75,75,10.0,1,1
4102,29911031,29911031,217,133,0,-1,-1,nan,0,0
4103,29911031,29911031,32,98,0,166,166,1.0,3,1
4104,29911033,29911033,183,113,0,30,30,16.0,1,1
4105,29911035,29911035,103,10,0,145,145,10.0,1,1
4106,29911044,29911044,152,138,0,254,254,1.0,3,1
4107,29911045,29911045,175,35,1,109,109,8.0,2,1
4108,29911046,29911046,178,177,1,139,139,16.0,2,1
4109,29911048,29911048,184,175,1,46,46,26.0,2,1
4110,29911053,29911053,159,128,1,37,37,8.0,3,1
4111,29911067,29911067,131,136,0,173,173,4.0,2,1
4112,29911081,29911081,191,109,0,125,125,16.0,1,1
4113,29911082,29911082,180,175,1,139,139,8.0,1,1
4114,29911085,29911085,190,97,1,78,78,10.0,1,1
4115,29911086,29911086,181,112,0,30,30,13.0,2,1
4116,29911087,29911087,176,96,1,77,77,13.0,3,1
4117,29911092,29911092,113,129,0,35,35,13.0,1,1
4118,29911093,29911093,24,93,0,72,72,13.0,3,1
4119,29911095,29911095,67,28,1,-1,-1,nan,0,0
4120,29911098,29911098,85,39,0,10,10,5.0,1,1
4121,29911111,29911111,86,38,0,10,10,9.0,1,1
4122,29911115,29911115,72,21,1,50,50,2.0,2,1
4123,29911116,29911116,131,135,0,173,173,5.0,2,1
4124,29911117,29911117,174,107,0,29,29,17.0,1,1
4125,29911122,29911122,229,82,0,23,23,36.0,1,1
4126,29911123,29911123,192,103,0,125,125,5.0,2,1
4127,29911123,29911123,28,92,0,72,72,20.0,4,1
4128,29911123,29911123,235,74,0,71,71,37.0,3,1
4129,29911129,29911129,188,110,0,30,30,26.0,2,1
4130,29911134,29911134,75,29,0,144,144,2.0,2,1
4131,29911136,29911136,117,134,0,35,35,8.0,2,1
4132,29911137,29911137,114,124,0,75,75,40.0,1,1
4133,29911137,29911137,230,124,1,217,217,9.0,2,1
4134,29911139,29911139,175,40,0,310,310,5.0,4,1
4135,29911142,29911142,231,73,0,23,23,13.0,4,1
4136,29911147,29911147,232,147,1,87,87,37.0,1,1
4137,29911154,29911154,122,134,0,36,36,26.0,3,1
4138,29911161,29911161,177,175,1,139,139,5.0,3,1
4139,29911163,29911163,123,135,0,36,36,16.0,2,1
4140,29911164,29911164,231,145,0,87,87,20.0,1,1
4141,29911165,29911165,164,37,1,237,237,10.0,3,1
4142,29911167,29911167,184,93,1,77,77,36.0,1,1
4143,29911174,29911174,185,92,1,77,77,50.0,1,1
4144,29911175,29911175,178,109,0,30,30,25.0,2,1
4145,29911183,29911183,112,96,0,27,27,5.0,1,1
4146,29911185,29911185,176,98,1,249,249,9.0,3,1
4147,29911188,29911188,176,36,0,109,109,18.0,2,1
4148,29911190,29911190,148,127,1,357,357,16.0,1,1
4149,29911195,29911195,238,73,0,71,71,29.0,1,1
4150,29911204,29911204,179,109,0,30,30,16.0,2,1
4151,29911206,29911206,76,42,1,58,58,18.0,1,1
4152,29911208,29911208,236,139,1,87,87,13.0,2,1
4153,29911211,29911211,235,130,0,176,176,34.0,3,1
4154,29911219,29911219,178,94,1,77,77,1.0,2,1
4155,29911220,29911220,226,70,1,164,164,4.0,3,1
4156,29911221,29911221,75,18,0,50,50,20.0,2,1
4157,29911221,29911221,122,135,0,36,36,25.0,3,1
4158,29911221,29911221,190,108,0,125,125,10.0,2,1
4159,29911223,29911223,172,47,0,275,275,2.0,3,1
4160,29911223,29911223,230,65,1,118,118,17.0,4,1
4161,29911231,29911231,167,36,1,376,376,1.0,5,1
4162,29911232,29911232,185,112,0,30,30,13.0,1,1
4163,29911235,29911235,105,92,0,-1,-1,nan,0,0
4164,29911236,29911236,219,134,1,-1,-1,nan,0,0
4165,29911237,29911237,184,91,1,77,77,40.0,1,1
4166,29911241,29911241,82,43,0,58,58,13.0,2,1
4167,29911242,29911242,177,48,0,197,197,16.0,3,1
4168,29911259,29911259,229,126,1,39,39,5.0,2,1
4169,29911262,29911262,156,142,0,85,85,25.0,3,1
4170,29911264,29911264,153,139,0,254,254,5.0,3,1
4171,29911264,29911264,143,125,1,324,324,20.0,2,1
4172,29911265,29911265,112,97,0,27,27,4.0,1,1
4173,29911268,29911268,22,103,1,24,24,2.0,1,1
4174,29911273,29911273,225,77,0,23,23,17.0,2,1
4175,29911283,29911283,237,128,1,133,133,26.0,2,1
4176,29911290,29911290,126,136,0,36,36,2.0,3,1
4177,29911290,29911290,234,127,1,133,133,32.0,3,1
4178,29911293,29911293,133,122,1,384,384,45.0,1,1
4179,29911298,29911298,226,68,1,164,164,8.0,2,1
4180,29911298,29911298,123,134,0,36,36,17.0,2,1
4181,29911300,29911300,217,132,0,-1,-1,nan,0,0
4182,29911301,29911301,171,49,0,275,275,9.0,3,1
4183,29911306,29911306,173,36,1,109,109,9.0,3,1
4184,29911312,29911312,229,142,0,87,87,17.0,1,1
4185,29911313,29911313,85,36,0,10,10,8.0,1,1
4186,29911313,29911313,72,38,1,-1,-1,nan,0,0
4187,29911314,29911314,141,138,0,130,130,8.0,2,1
4188,29911314,29911314,229,81,0,23,23,25.0,1,1
4189,29911314,29911314,230,145,0,87,87,25.0,1,1
4190,29911324,29911324,75,19,0,50,50,17.0,2,1
4191,29911326,29911326,174,105,0,29,29,5.0,2,1
4192,29911329,29911329,113,75,1,19,19,0.0,1,1
4193,29911332,29911332,172,48,0,275,275,5.0,3,1
4194,29911333,29911333,159,129,1,37,37,13.0,3,1
4195,29911334,29911334,232,125,1,217,217,20.0,3,1
4196,29911343,29911343,183,93,1,77,77,25.0,1,1
4197,29911344,29911344,77,29,0,144,144,2.0,2,1
4198,29911344,29911344,227,133,0,39,39,26.0,1,1
4199,29911345,29911345,226,78,0,23,23,13.0,1,1
4200,29911349,29911349,163,35,1,13,13,13.0,3,1
4201,29911350,29911350,68,26,1,50,50,45.0,1,1
4202,29911350,29911350,124,122,1,-1,-1,nan,0,0
4203,29911355,29911355,183,178,1,139,139,50.0,2,1
4204,29911362,29911362,179,111,0,30,30,20.0,2,1
4205,29911365,29911365,176,48,0,197,197,17.0,3,1
4206,29911375,29911375,29,93,0,72,72,18.0,4,1
4207,29911375,29911375,176,46,0,197,197,5.0,4,1
4208,29911380,29911380,110,76,1,19,19,10.0,1,1
4209,29911395,29911395,172,49,0,275,275,10.0,3,1
4210,29911399,29911399,134,138,0,173,173,5.0,4,1
4211,29911405,29911405,235,146,0,87,87,29.0,1,1
4212,29911411,29911411,177,108,0,29,29,29.0,2,1
4213,29911412,29911412,175,106,0,29,29,9.0,1,1
4214,29911419,29911419,108,94,0,27,27,45.0,1,1
4215,29911422,29911422,21,98,0,72,72,29.0,2,1
4216,29911422,29911422,32,100,0,166,166,5.0,2,1
4217,29911424,29911424,113,133,0,35,35,5.0,1,1
4218,29911425,29911425,159,131,1,215,215,5.0,3,1
4219,29911434,29911434,227,134,0,39,39,37.0,1,1
4220,29911436,29911436,184,176,1,46,46,29.0,2,1
4221,29911442,29911442,146,139,0,254,254,26.0,3,1
4222,29911450,29911450,34,116,1,25,25,50.0,1,1
4223,29911456,29911456,176,105,0,29,29,5.0,2,1
4224,29911463,29911463,143,123,1,324,324,8.0,2,1
4225,29911463,29911463,144,139,0,130,130,34.0,4,1
4226,29911463,29911463,34,107,0,25,25,41.0,1,1
4227,29911463,29911463,39,107,0,25,25,16.0,1,1
4228,29911465,29911465,186,112,0,30,30,18.0,1,1
4229,29911472,29911472,80,24,0,2,2,5.0,2,1
4230,29911472,29911472,180,47,1,198,198,10.0,2,1
4231,29911477,29911477,184,179,1,46,46,50.0,1,1
4232,29911478,29911478,83,41,0,10,10,9.0,2,1
4233,29911479,29911479,192,99,1,78,78,10.0,2,1
4234,29911484,29911484,105,94,0,-1,-1,nan,0,0
4235,29911484,29911484,186,94,1,78,78,53.0,1,1
4236,29911489,29911489,80,34,0,10,10,25.0,2,1
4237,29911494,29911494,143,137,0,130,130,17.0,1,1
4238,29911496,29911496,165,35,1,376,376,4.0,3,1
4239,29911503,29911503,184,111,0,30,30,5.0,1,1
4240,29911507,29911507,141,125,1,324,324,16.0,2,1
4241,29911525,29911525,186,91,1,-1,-1,nan,0,0
4242,29911525,29911525,8,101,0,283,283,10.0,3,1
4243,29911534,29911534,234,146,0,87,87,26.0,1,1
4244,29911540,29911540,80,25,0,2,2,8.0,2,1
4245,29911543,29911543,181,175,1,139,139,13.0,1,1
4246,29911543,29911543,127,121,1,384,384,34.0,1,1
4247,29911544,29911544,37,111,1,25,25,4.0,1,1
4248,29911549,29911549,27,93,0,72,72,10.0,4,1
4249,29911550,29911550,164,45,0,344,344,0.0,5,1
4250,29911556,29911556,182,92,1,77,77,17.0,1,1
4251,29911571,29911571,63,34,1,106,106,5.0,1,1
4252,29911575,29911575,234,72,0,118,118,18.0,3,1
4253,29911575,29911575,144,126,1,357,357,25.0,2,1
4254,29911578,29911578,176,177,1,45,45,17.0,2,1
4255,29911589,29911589,128,136,0,36,36,2.0,3,1
4256,29911592,29911592,233,65,1,205,205,8.0,3,1
4257,29911597,29911597,236,141,1,87,87,9.0,2,1
4258,29911602,29911602,164,127,1,174,174,4.0,3,1
4259,29911602,29911602,235,134,1,176,176,10.0,2,1
4260,29911602,29911602,230,126,1,39,39,8.0,2,1
4261,29911611,29911611,84,41,0,10,10,10.0,2,1
4262,29911617,29911617,71,39,1,-1,-1,nan,0,0
4263,29911617,29911617,166,47,0,344,344,8.0,3,1
4264,29911617,29911617,120,134,0,35,35,29.0,3,1
4265,29911622,29911622,159,130,1,215,215,8.0,3,1
4266,29911635,29911635,35,108,0,25,25,25.0,1,1
4267,29911636,29911636,172,36,1,109,109,10.0,3,1
4268,29911636,29911636,232,146,1,87,87,26.0,1,1
4269,29911640,29911640,237,142,1,87,87,17.0,2,1
4270,29911648,29911648,25,93,0,72,72,10.0,2,1
4271,29911648,29911648,185,93,1,77,77,49.0,1,1
4272,29911648,29911648,114,131,0,35,35,2.0,1,1
4273,29911650,29911650,233,146,0,87,87,25.0,1,1
4274,29911653,29911653,236,138,1,176,176,13.0,2,1
4275,29911654,29911654,153,140,0,254,254,8.0,3,1
4276,29911659,29911659,145,138,0,254,254,36.0,3,1
4277,29911667,29911667,111,0,1,3,3,26.0,1,1
4278,29911667,29911667,235,73,0,71,71,26.0,3,1
4279,29911674,29911674,228,134,0,39,39,36.0,1,1
4280,29911689,29911689,145,127,1,357,357,25.0,2,1
4281,29911689,29911689,153,127,1,357,357,41.0,1,1
4282,29911695,29911695,154,128,1,37,37,53.0,2,1
4283,29911697,29911697,182,94,1,77,77,17.0,1,1
4284,29911699,29911699,165,42,1,344,344,10.0,5,1
4285,29911705,29911705,152,139,0,254,254,2.0,3,1
4286,29911710,29911710,164,42,1,344,344,9.0,4,1
4287,29911714,29911714,179,174,1,139,139,2.0,1,1
4288,29911728,29911728,229,136,0,87,87,41.0,1,1
4289,29911729,29911729,146,137,0,254,254,26.0,3,1
4290,29911730,29911730,230,148,0,47,47,50.0,2,1
4291,29911734,29911734,230,141,0,87,87,9.0,1,1
4292,29911736,29911736,186,111,0,30,30,13.0,2,1
4293,29911739,29911739,150,125,1,357,357,8.0,1,1
4294,29911741,29911741,98,90,0,67,67,18.0,1,1
4295,29911745,29911745,170,54,0,155,155,13.0,1,1
4296,29911749,29911749,70,38,1,-1,-1,nan,0,0
4297,29911749,29911749,191,106,0,125,125,1.0,1,1
4298,29911751,29911751,104,80,1,-1,-1,nan,0,0
4299,29911761,29911761,188,111,0,30,30,29.0,2,1
4300,29911779,29911779,227,130,1,39,39,5.0,1,1
4301,29911785,29911785,107,94,0,27,27,58.0,1,1
4302,29911796,29911796,29,97,0,72,72,10.0,3,1
4303,29911801,29911801,139,138,0,130,130,4.0,3,1
4304,29911807,29911807,81,22,0,2,2,10.0,2,1
4305,29911808,29911808,174,48,0,275,275,13.0,3,1
4306,29911813,29911813,136,124,1,324,324,34.0,1,1
4307,29911816,29911816,114,132,0,35,35,1.0,1,1
4308,29911822,29911822,232,73,0,118,118,17.0,3,1
4309,29911825,29911825,125,123,1,-1,-1,nan,0,0
4310,29911833,29911833,21,102,1,24,24,4.0,2,1
4311,29911834,29911834,113,132,0,35,35,4.0,1,1
4312,29911839,29911839,155,141,0,85,85,25.0,2,1
4313,29911844,29911844,32,115,1,-1,-1,nan,0,0
4314,29911844,29911844,174,39,0,310,310,1.0,4,1
4315,29911849,29911849,100,6,0,145,145,53.0,1,1
4316,29911849,29911849,19,100,0,24,24,20.0,2,1
4317,29911863,29911863,21,99,0,24,24,25.0,2,1
4318,29911864,29911864,148,140,0,254,254,13.0,2,1
4319,29911870,29911870,161,31,1,13,13,1.0,4,1
4320,29911870,29911870,132,137,0,173,173,2.0,4,1
4321,29911873,29911873,232,126,1,39,39,20.0,3,1
4322,29911880,29911880,140,139,0,130,130,10.0,4,1
4323,29911880,29911880,40,107,0,25,25,17.0,1,1
4324,29911882,29911882,217,134,0,-1,-1,nan,0,0
4325,29911883,29911883,111,96,0,27,27,10.0,1,1
4326,29911884,29911884,65,31,1,106,106,32.0,1,1
4327,29911890,29911890,169,38,1,376,376,13.0,3,1
4328,29911900,29911900,230,127,1,39,39,5.0,2,1
4329,29911900,29911900,136,137,0,130,130,10.0,3,1
4330,29911908,29911908,80,22,0,2,2,5.0,2,1
4331,29911909,29911909,78,27,0,144,144,5.0,2,1
4332,29911913,29911913,67,37,1,106,106,40.0,1,1
4333,29911923,29911923,235,127,1,133,133,25.0,3,1
4334,29911926,29911926,180,48,0,198,198,13.0,2,1
4335,29911930,29911930,130,123,1,384,384,49.0,1,1
4336,29911930,29911930,141,123,1,324,324,4.0,2,1
4337,29911936,29911936,34,106,0,25,25,50.0,1,1
4338,29911941,29911941,182,114,0,30,30,26.0,2,1
4339,29911942,29911942,234,74,0,23,23,29.0,3,1
4340,29911947,29911947,121,0,0,458,458,2.0,2,1
4341,29911952,29911952,20,99,0,24,24,26.0,3,1
4342,29911952,29911952,119,3,0,3,3,13.0,3,1
4343,29911971,29911971,183,108,0,30,30,1.0,1,1
4344,29911972,29911972,231,71,0,118,118,4.0,4,1
4345,29911980,29911980,236,145,0,87,87,25.0,1,1
4346,29911981,29911981,76,19,0,2,2,20.0,2,1
4347,29911981,29911981,106,93,0,-1,-1,nan,0,0
4348,29911993,29911993,137,137,0,130,130,5.0,3,1
4349,29912000,29912000,74,31,0,144,144,13.0,1,1
4350,29912001,29912001,138,124,1,324,324,18.0,1,1
4351,29912014,29912014,178,95,1,77,77,4.0,2,1
4352,29912022,29912022,119,134,0,35,35,20.0,2,1
4353,29912022,29912022,77,31,0,144,144,10.0,1,1
4354,29912029,29912029,139,126,1,324,324,29.0,1,1
4355,29912034,29912034,129,135,0,36,36,4.0,2,1
4356,29912034,29912034,121,134,0,36,36,37.0,3,1
4357,29912039,29912039,25,92,0,112,112,16.0,2,1
4358,29912047,29912047,81,23,0,2,2,9.0,2,1
4359,29912048,29912048,230,135,0,87,87,45.0,2,1
4360,29912049,29912049,235,132,1,176,176,18.0,1,1
4361,29912052,29912052,143,138,0,130,130,20.0,3,1
4362,29912058,29912058,75,30,0,144,144,5.0,2,1
4363,29912081,29912081,31,100,0,166,166,8.0,2,1
4364,29912085,29912085,188,96,1,78,78,25.0,1,1
4365,29912086,29912086,187,95,1,78,78,37.0,1,1
4366,29912095,29912095,144,127,1,357,357,32.0,2,1
4367,29912096,29912096,161,44,1,61,61,10.0,3,1
4368,29912096,29912096,24,94,0,72,72,8.0,2,1
4369,29912098,29912098,179,112,0,30,30,25.0,2,1
4370,29912101,29912101,128,135,0,36,36,1.0,2,1
4371,29912105,29912105,22,97,0,72,72,17.0,2,1
4372,29912106,29912106,225,70,1,164,164,1.0,3,1
4373,29912110,29912110,181,176,1,139,139,18.0,1,1
4374,29912111,29912111,181,113,0,30,30,20.0,2,1
4375,29912119,29912119,150,136,0,254,254,5.0,1,1
4376,29912137,29912137,143,139,0,130,130,25.0,4,1
4377,29912139,29912139,76,20,0,2,2,13.0,2,1
4378,29912142,29912142,173,46,0,275,275,4.0,4,1
4379,29912150,29912150,184,113,0,30,30,17.0,1,1
4380,29912150,29912150,65,26,1,266,266,50.0,1,1
4381,29912151,29912151,229,80,0,23,23,16.0,1,1
4382,29912153,29912153,185,177,1,46,46,25.0,1,1
4383,29912156,29912156,181,111,0,30,30,8.0,1,1
4384,29912157,29912157,233,73,0,118,118,20.0,3,1
4385,29912161,29912161,113,130,0,35,35,8.0,1,1
4386,29912181,29912181,70,37,1,-1,-1,nan,0,0
4387,29912182,29912182,179,48,0,197,197,20.0,2,1
4388,29912182,29912182,229,140,0,87,87,17.0,1,1
4389,29912183,29912183,178,111,0,30,30,29.0,2,1
4390,29912184,29912184,177,97,1,77,77,17.0,3,1
4391,29912199,29912199,25,94,0,72,72,5.0,2,1
4392,29912199,29912199,232,68,0,118,118,2.0,3,1
4393,29912201,29912201,165,45,0,344,344,1.0,4,1
4394,29912206,29912206,173,106,0,29,29,13.0,1,1
4395,29912209,29912209,179,175,1,139,139,5.0,2,1
4396,29912212,29912212,118,1,0,3,3,4.0,2,1
4397,29912220,29912220,127,122,1,384,384,45.0,1,1
4398,29912222,29912222,103,92,0,-1,-1,nan,0,0
4399,29912222,29912222,81,44,0,58,58,5.0,2,1
4400,29912225,29912225,233,63,1,205,205,4.0,3,1
4401,29912227,29912227,180,96,1,77,77,13.0,2,1
4402,29912228,29912228,229,132,0,39,39,17.0,1,1
4403,29912228,29912228,177,45,1,197,197,1.0,4,1
4404,29912230,29912230,112,1,1,3,3,16.0,1,1
4405,29912235,29912235,229,66,1,118,118,13.0,4,1
4406,29912242,29912242,173,48,0,275,275,8.0,3,1
4407,29912242,29912242,35,115,1,25,25,32.0,1,1
4408,29912243,29912243,232,65,1,205,205,13.0,3,1
4409,29912243,29912243,234,65,1,205,205,5.0,3,1
4410,29912243,29912243,144,125,1,357,357,20.0,2,1
4411,29912250,29912250,233,126,1,39,39,29.0,3,1
4412,29912253,29912253,107,79,1,19,19,52.0,1,1
4413,29912256,29912256,172,37,1,310,310,5.0,3,1
4414,29912259,29912259,135,137,0,173,173,5.0,3,1
4415,29912266,29912266,105,80,1,-1,-1,nan,0,0
4416,29912269,29912269,120,122,1,75,75,32.0,1,1
4417,29912269,29912269,125,122,1,384,384,61.0,1,1
4418,29912273,29912273,236,128,1,133,133,29.0,2,1
4419,29912273,29912273,189,97,1,78,78,17.0,1,1
4420,29912278,29912278,149,128,1,357,357,26.0,1,1
4421,29912278,29912278,235,128,1,133,133,34.0,3,1
4422,29912279,29912279,163,43,1,344,344,5.0,3,1
4423,29912281,29912281,64,35,1,106,106,9.0,1,1
4424,29912284,29912284,185,111,0,30,30,8.0,1,1
4425,29912289,29912289,228,67,1,118,118,13.0,2,1
4426,29912289,29912289,174,47,0,275,275,10.0,3,1
4427,29912290,29912290,75,20,0,50,50,16.0,2,1
4428,29912296,29912296,78,28,0,144,144,4.0,2,1
4429,29912296,29912296,78,44,1,58,58,2.0,2,1
4430,29912301,29912301,229,143,0,87,87,20.0,1,1
4431,29912304,29912304,190,98,1,78,78,13.0,2,1
4432,29912312,29912312,132,136,0,173,173,1.0,3,1
4433,29912320,29912320,147,138,0,254,254,16.0,2,1
4434,29912331,29912331,172,44,0,275,275,5.0,3,1
4435,29912331,29912331,178,107,0,29,29,25.0,2,1
4436,29912331,29912331,175,48,0,197,197,20.0,3,1
4437,29912333,29912333,133,123,1,384,384,58.0,1,1
4438,29912337,29912337,229,128,1,39,39,1.0,2,1
4439,29912338,29912338,114,89,1,-1,-1,nan,0,0
4440,29912346,29912346,177,110,0,30,30,37.0,2,1
4441,29912346,29912346,134,125,1,-1,-1,nan,0,0
4442,29912346,29912346,231,125,1,217,217,17.0,3,1
4443,29912347,29912347,233,74,0,23,23,20.0,3,1
4444,29912347,29912347,117,3,0,3,3,5.0,3,1
4445,29912351,29912351,236,68,1,71,71,0.0,3,1
4446,29912353,29912353,185,172,1,46,46,20.0,2,1
4447,29912359,29912359,154,140,0,254,254,13.0,2,1
4448,29912372,29912372,230,81,0,23,23,26.0,1,1
4449,29912374,29912374,31,99,0,166,166,5.0,2,1
4450,29912377,29912377,231,65,1,118,118,16.0,3,1
4451,29912377,29912377,157,129,1,37,37,25.0,2,1
4452,29912383,29912383,231,147,0,87,87,40.0,1,1
4453,29912384,29912384,79,26,0,2,2,10.0,2,1
4454,29912386,29912386,146,138,0,254,254,25.0,3,1
4455,29912393,29912393,162,34,1,13,13,5.0,4,1
4456,29912407,29912407,28,113,1,165,165,13.0,2,1
4457,29912415,29912415,126,135,0,36,36,1.0,3,1
4458,29912422,29912422,172,38,1,310,310,2.0,4,1
4459,29912429,29912429,24,76,0,240,240,8.0,5,1
4460,29912430,29912430,233,127,1,39,39,26.0,3,1
4461,29912433,29912433,182,178,1,139,139,41.0,1,1
4462,29912435,29912435,178,45,1,197,197,2.0,4,1
4463,29912436,29912436,219,136,1,-1,-1,nan,0,0
4464,29912436,29912436,135,125,1,324,324,52.0,1,1
4465,29912441,29912441,120,0,0,458,458,5.0,2,1
4466,29912450,29912450,69,37,1,-1,-1,nan,0,0
4467,29912450,29912450,173,37,1,310,310,4.0,3,1
4468,29912453,29912453,185,94,1,77,77,50.0,1,1
4469,29912453,29912453,123,121,1,75,75,58.0,1,1
4470,29912455,29912455,133,137,0,173,173,1.0,4,1
4471,29912462,29912462,113,128,0,35,35,20.0,1,1
4472,29912462,29912462,158,128,1,37,37,13.0,2,1
4473,29912467,29912467,77,20,0,2,2,10.0,2,1
4474,29912467,29912467,78,20,0,2,2,9.0,2,1
4475,29912474,29912474,230,132,0,39,39,20.0,1,1
4476,29912475,29912475,129,136,0,36,36,5.0,2,1
4477,29912476,29912476,29,114,1,165,165,25.0,2,1
4478,29912485,29912485,160,46,0,61,61,13.0,2,1
4479,29912487,29912487,229,144,0,87,87,25.0,1,1
4480,29912489,29912489,219,143,0,-1,-1,nan,0,0
4481,29912490,29912490,149,141,0,254,254,13.0,2,1
4482,29912495,29912495,20,100,0,24,24,17.0,3,1
4483,29912497,29912497,148,128,1,357,357,25.0,1,1
4484,29912500,29912500,225,135,0,39,39,58.0,1,1
4485,29912501,29912501,114,126,0,35,35,37.0,1,1
4486,29912513,29912513,119,120,1,75,75,13.0,1,1
4487,29912520,29912520,189,109,0,125,125,20.0,2,1
4488,29912521,29912521,127,136,0,36,36,1.0,3,1
4489,29912527,29912527,232,74,0,23,23,13.0,3,1
4490,29912528,29912528,156,140,0,85,85,13.0,2,1
4491,29912528,29912528,119,2,0,3,3,10.0,3,1
4492,29912532,29912532,128,122,1,384,384,40.0,1,1
4493,29912533,29912533,76,30,0,144,144,4.0,2,1
4494,29912533,29912533,155,140,0,85,85,20.0,2,1
4495,29912537,29912537,82,44,0,58,58,10.0,2,1
4496,29912546,29912546,158,130,1,215,215,13.0,2,1
4497,29912549,29912549,159,134,1,215,215,8.0,2,1
4498,29912549,29912549,109,95,0,27,27,29.0,1,1
4499,29912556,29912556,184,112,0,30,30,10.0,1,1
4500,29912556,29912556,238,74,0,71,71,40.0,1,1
4501,29912562,29912562,126,123,1,-1,-1,nan,0,0
4502,29912573,29912573,68,36,1,106,106,50.0,1,1
4503,29912575,29912575,179,176,1,139,139,10.0,2,1
4504,29912578,29912578,70,24,1,50,50,17.0,2,1
4505,29912583,29912583,182,112,0,30,30,10.0,1,1
4506,29912583,29912583,80,33,0,10,10,34.0,2,1
4507,29912600,29912600,81,42,0,58,58,13.0,2,1
4508,29912600,29912600,148,138,0,254,254,9.0,2,1
4509,29912610,29912610,236,142,1,87,87,10.0,2,1
4510,29912616,29912616,235,66,1,71,71,5.0,3,1
4511,29912625,29912625,162,33,1,13,13,2.0,4,1
4512,29912630,29912630,136,138,0,130,130,13.0,3,1
4513,29912630,29912630,128,134,0,36,36,2.0,2,1
4514,29912634,29912634,233,147,0,87,87,36.0,1,1
4515,29912635,29912635,228,136,0,87,87,50.0,1,1
4516,29912637,29912637,193,101,0,125,125,20.0,2,1
4517,29912642,29912642,126,133,0,36,36,5.0,2,1
4518,29912642,29912642,176,38,0,310,310,10.0,3,1
4519,29912644,29912644,156,141,0,85,85,18.0,3,1
4520,29912650,29912650,187,111,0,30,30,20.0,2,1
4521,29912650,29912650,190,109,0,125,125,17.0,2,1
4522,29912652,29912652,236,130,0,176,176,29.0,2,1
4523,29912652,29912652,230,133,0,39,39,29.0,1,1
4524,29912652,29912652,111,76,1,19,19,5.0,1,1
4525,29912656,29912656,174,36,1,109,109,10.0,3,1
4526,29912657,29912657,83,40,0,10,10,4.0,2,1
4527,29912662,29912662,69,38,1,-1,-1,nan,0,0
4528,29912662,29912662,170,38,1,310,310,10.0,3,1
4529,29912665,29912665,154,129,1,37,37,58.0,2,1
4530,29912666,29912666,227,81,0,23,23,29.0,1,1
4531,29912670,29912670,144,138,0,130,130,29.0,3,1
4532,29912672,29912672,140,137,0,130,130,2.0,3,1
4533,29912677,29912677,228,79,0,23,23,10.0,1,1
4534,29912678,29912678,184,177,1,46,46,34.0,2,1
4535,29912681,29912681,110,95,0,27,27,20.0,1,1
4536,29912683,29912683,34,113,1,25,25,29.0,1,1
4537,29912685,29912685,160,130,1,215,215,5.0,3,1
4538,29912685,29912685,180,113,0,30,30,25.0,2,1
4539,29912690,29912690,118,134,0,35,35,13.0,2,1
4540,29912692,29912692,164,47,0,344,344,4.0,4,1
4541,29912693,29912693,148,125,1,357,357,4.0,1,1
4542,29912698,29912698,107,93,0,-1,-1,nan,0,0
4543,29912698,29912698,184,178,1,46,46,41.0,2,1
4544,29912701,29912701,153,141,0,254,254,13.0,3,1
4545,29912708,29912708,128,123,1,384,384,53.0,1,1
4546,29912716,29912716,231,77,0,23,23,5.0,1,1
4547,29912719,29912719,229,125,1,39,39,10.0,2,1
4548,29912719,29912719,236,140,1,87,87,10.0,2,1
4549,29912722,29912722,23,104,1,24,24,4.0,2,1
4550,29912733,29912733,231,75,0,23,23,5.0,2,1
4551,29912739,29912739,189,110,0,125,125,29.0,2,1
4552,29912739,29912739,168,51,1,155,155,0.0,3,1
4553,29912749,29912749,179,94,1,77,77,2.0,2,1
4554,29912760,29912760,178,96,1,77,77,9.0,3,1
4555,29912760,29912760,224,160,0,365,365,25.0,3,1
4556,29912762,29912762,83,35,0,10,10,9.0,1,1
4557,29912762,29912762,100,91,0,67,67,41.0,1,1
4558,29912763,29912763,121,120,1,75,75,29.0,1,1
4559,29912764,29912764,116,134,0,35,35,5.0,2,1
4560,29912765,29912765,228,137,0,87,87,41.0,1,1
4561,29912779,29912779,191,99,1,78,78,13.0,2,1
4562,29912781,29912781,176,37,0,310,310,13.0,3,1
4563,29912790,29912790,230,146,1,87,87,34.0,1,1
4564,29912799,29912799,235,135,1,176,176,9.0,2,1
4565,29912810,29912810,98,3,0,-1,-1,nan,0,0
4566,29912811,29912811,147,139,0,254,254,17.0,2,1
4567,29912811,29912811,236,146,0,87,87,34.0,1,1
4568,29912814,29912814,233,64,1,205,205,5.0,3,1
4569,29912822,29912822,145,139,0,290,290,29.0,4,1
4570,29912822,29912822,121,1,0,458,458,1.0,3,1
4571,29912825,29912825,183,95,1,77,77,29.0,1,1
4572,29912834,29912834,64,32,1,106,106,18.0,2,1
4573,29912840,29912840,187,110,0,30,30,17.0,2,1
4574,29912847,29912847,85,37,0,10,10,5.0,1,1
4575,29912848,29912848,230,134,0,39,39,40.0,2,1
4576,29912851,29912851,186,108,0,30,30,10.0,2,1
4577,29912856,29912856,139,139,0,130,130,9.0,4,1
4578,29912863,29912863,227,68,1,164,164,13.0,2,1
4579,29912863,29912863,36,105,0,25,25,45.0,2,1
4580,29912863,29912863,36,114,1,25,25,18.0,1,1
4581,29912867,29912867,228,65,1,118,118,25.0,3,1
4582,29912872,29912872,101,7,0,145,145,37.0,1,1
4583,29912873,29912873,144,140,0,290,290,25.0,5,1
4584,29912873,29912873,180,110,0,30,30,10.0,1,1
4585,29912877,29912877,179,95,1,77,77,5.0,2,1
4586,29912882,29912882,220,132,1,-1,-1,nan,0,0
4587,29912883,29912883,179,108,0,30,30,17.0,2,1
4588,29912889,29912889,183,94,1,77,77,26.0,1,1
4589,29912889,29912889,226,79,0,23,23,18.0,1,1
4590,29912904,29912904,185,178,1,46,46,32.0,1,1
4591,29912909,29912909,231,148,0,87,87,53.0,2,1
4592,29912909,29912909,230,147,0,87,87,45.0,2,1
4593,29912909,29912909,24,95,0,72,72,5.0,2,1
4594,29912911,29912911,138,125,1,324,324,25.0,1,1
4595,29912911,29912911,192,100,1,78,78,17.0,2,1
4596,29912924,29912924,159,45,1,61,61,5.0,3,1
4597,29912925,29912925,122,119,1,75,75,37.0,1,1
4598,29912925,29912925,178,175,1,139,139,4.0,3,1
4599,29912934,29912934,132,123,1,384,384,53.0,1,1
4600,29912935,29912935,114,128,0,35,35,17.0,1,1
4601,29912935,29912935,138,138,0,130,130,5.0,3,1
4602,29912935,29912935,175,108,0,29,29,25.0,1,1
4603,29912954,29912954,229,137,0,87,87,32.0,1,1
4604,29912958,29912958,96,89,0,67,67,5.0,1,1
4605,29912966,29912966,81,33,0,10,10,29.0,2,1
4606,29912968,29912968,36,106,0,25,25,34.0,1,1
4607,29912971,29912971,118,120,1,75,75,8.0,1,1
4608,29912974,29912974,40,108,1,25,25,10.0,1,1
4609,29912986,29912986,163,47,0,344,344,5.0,3,1
4610,29912987,29912987,104,11,0,145,145,8.0,1,1
4611,29912987,29912987,228,66,1,118,118,18.0,3,1
4612,29912987,29912987,234,66,1,71,71,8.0,3,1
4613,29912989,29912989,111,98,0,27,27,10.0,1,1
4614,29912992,29912992,171,51,0,155,155,9.0,2,1
4615,29912992,29912992,236,74,0,71,71,36.0,3,1
4616,29912992,29912992,125,136,0,36,36,5.0,2,1
4617,29912997,29912997,35,104,0,166,166,40.0,1,1
4618,29912999,29912999,137,124,1,324,324,25.0,1,1
4619,29913002,29913002,231,76,0,23,23,4.0,2,1
4620,29913002,29913002,74,18,1,50,50,13.0,2,1
4621,29913012,29913012,191,107,0,125,125,4.0,1,1
4622,29913027,29913027,229,129,1,39,39,2.0,1,1
4623,29913027,29913027,229,65,1,118,118,20.0,4,1
4624,29913028,29913028,83,42,0,10,10,16.0,2,1
4625,29913041,29913041,229,139,0,87,87,20.0,1,1
4626,29913045,29913045,36,113,1,25,25,13.0,1,1
4627,29913047,29913047,117,120,1,75,75,5.0,1,1
4628,29913047,29913047,170,34,1,109,109,10.0,3,1
4629,29913048,29913048,119,1,0,3,3,9.0,2,1
4630,29913048,29913048,165,47,0,344,344,5.0,3,1
4631,29913051,29913051,71,22,1,50,50,4.0,3,1
4632,29913053,29913053,150,140,0,254,254,5.0,2,1
4633,29913053,29913053,70,39,1,-1,-1,nan,0,0
4634,29913061,29913061,237,74,0,71,71,37.0,2,1
4635,29913061,29913061,112,130,0,35,35,13.0,1,1
4636,29913069,29913069,189,111,0,30,30,40.0,2,1
4637,29913071,29913071,238,127,1,133,133,16.0,1,1
4638,29913079,29913079,226,132,1,39,39,20.0,1,1
4639,29913081,29913081,234,73,0,118,118,25.0,3,1
4640,29913084,29913084,192,96,1,78,78,1.0,1,1
4641,29913086,29913086,172,177,1,45,45,1.0,3,1
4642,29913087,29913087,34,114,1,25,25,34.0,1,1
4643,29913097,29913097,162,128,1,37,37,5.0,3,1
4644,29913098,29913098,177,96,1,77,77,10.0,3,1
4645,29913099,29913099,234,147,0,87,87,37.0,1,1
4646,29913100,29913100,151,140,0,254,254,4.0,2,1
4647,29913110,29913110,27,92,0,72,72,17.0,3,1
4648,29913110,29913110,228,82,0,23,23,37.0,1,1
4649,29913115,29913115,160,128,1,37,37,5.0,3,1
4650,29913117,29913117,185,179,1,46,46,41.0,1,1
4651,29913119,29913119,175,178,1,45,45,9.0,2,1
4652,29913122,29913122,229,145,1,87,87,32.0,1,1
4653,29913123,29913123,175,38,0,310,310,5.0,3,1
4654,29913128,29913128,114,127,0,35,35,26.0,1,1
4655,29913136,29913136,78,33,0,144,144,29.0,2,1
4656,29913140,29913140,112,0,1,3,3,17.0,1,1
4657,29913146,29913146,76,29,0,144,144,1.0,2,1
4658,29913151,29913151,129,123,1,384,384,50.0,1,1
4659,29913153,29913153,174,42,0,310,310,10.0,3,1
4660,29913158,29913158,141,139,0,130,130,13.0,4,1
4661,29913163,29913163,134,136,0,173,173,1.0,4,1
4662,29913163,29913163,143,126,1,324,324,29.0,2,1
4663,29913172,29913172,230,83,0,23,23,50.0,1,1
4664,29913175,29913175,152,127,1,357,357,32.0,1,1
4665,29913180,29913180,30,94,0,72,72,20.0,4,1
4666,29913182,29913182,122,121,1,75,75,45.0,1,1
4667,29913187,29913187,226,135,0,39,39,53.0,1,1
4668,29913187,29913187,231,126,1,39,39,13.0,3,1
4669,29913190,29913190,162,46,0,344,344,5.0,3,1
4670,29913190,29913190,228,81,0,23,23,26.0,1,1
4671,29913191,29913191,228,130,1,39,39,4.0,1,1
4672,29913196,29913196,82,22,0,2,2,17.0,1,1
4673,29913201,29913201,230,125,1,39,39,13.0,2,1
4674,29913202,29913202,29,95,0,72,72,10.0,3,1
4675,29913203,29913203,119,133,0,35,35,17.0,1,1
4676,29913213,29913213,176,109,0,29,29,37.0,2,1
4677,29913222,29913222,32,116,1,-1,-1,nan,0,0
4678,29913223,29913223,33,117,1,-1,-1,nan,0,0
4679,29913234,29913234,225,72,1,164,164,5.0,3,1
4680,29913236,29913236,178,48,0,197,197,17.0,3,1
4681,29913239,29913239,114,123,0,75,75,29.0,1,1
4682,29913244,29913244,171,52,0,155,155,10.0,2,1
4683,29913244,29913244,149,125,1,357,357,5.0,1,1
4684,29913244,29913244,37,106,0,25,25,29.0,1,1
4685,29913269,29913269,181,114,0,30,30,29.0,2,1
4686,29913278,29913278,118,3,0,3,3,8.0,3,1
4687,29913282,29913282,232,147,0,87,87,37.0,1,1
4688,29913311,29913311,64,33,1,106,106,13.0,1,1
4689,29913311,29913311,232,148,0,87,87,50.0,1,1
4690,29913323,29913323,236,66,1,71,71,4.0,3,1
4691,29913325,29913325,74,29,0,144,144,5.0,2,1
4692,29913331,29913331,171,38,1,310,310,5.0,3,1
4693,29913336,29913336,29,94,0,72,72,13.0,4,1
4694,29913339,29913339,139,137,0,130,130,1.0,3,1
4695,29913340,29913340,179,96,1,77,77,10.0,2,1
4696,29913347,29913347,100,8,1,145,145,29.0,1,1
4697,29913350,29913350,183,177,1,139,139,41.0,2,1
4698,29913352,29913352,154,141,0,254,254,18.0,3,1
4699,29913352,29913352,115,134,0,35,35,4.0,2,1
4700,29913352,29913352,231,74,0,23,23,8.0,3,1
4701,29913357,29913357,177,176,1,139,139,10.0,3,1
4702,29913364,29913364,138,126,1,324,324,34.0,1,1
4703,29913367,29913367,153,129,1,357,357,61.0,1,1
4704,29913367,29913367,160,129,1,37,37,10.0,3,1
4705,29913376,29913376,220,134,1,-1,-1,nan,0,0
4706,29913377,29913377,176,176,1,139,139,13.0,3,1
4707,29913377,29913377,149,127,1,357,357,17.0,1,1
4708,29913378,29913378,28,95,0,72,72,5.0,4,1
4709,29913383,29913383,182,177,1,139,139,32.0,2,1
4710,29913386,29913386,236,143,1,87,87,13.0,1,1
4711,29913391,29913391,113,129,0,35,35,13.0,1,1
4712,29913393,29913393,124,120,1,384,384,52.0,1,1
4713,29913395,29913395,180,106,0,30,30,18.0,2,1
4714,29913398,29913398,139,125,1,324,324,20.0,1,1
4715,29913401,29913401,157,128,1,37,37,20.0,2,1
4716,29913412,29913412,164,43,1,344,344,4.0,4,1
4717,29913423,29913423,171,53,0,155,155,13.0,2,1
4718,29913429,29913429,83,39,0,10,10,1.0,2,1
4719,29913431,29913431,237,145,0,87,87,32.0,1,1
4720,29913436,29913436,157,139,1,85,85,5.0,2,1
4721,29913437,29913437,142,139,0,130,130,18.0,4,1
4722,29913439,29913439,172,50,0,155,155,17.0,3,1
4723,29913439,29913439,20,102,1,24,24,5.0,2,1
4724,29913449,29913449,145,126,1,357,357,18.0,2,1
4725,29913449,29913449,147,126,1,357,357,10.0,2,1
4726,29913450,29913450,234,127,1,133,133,32.0,3,1
4727,29913455,29913455,229,134,0,39,39,37.0,1,1
4728,29913457,29913457,232,72,0,118,118,10.0,3,1
4729,29913460,29913460,175,177,1,45,45,10.0,3,1
4730,29913464,29913464,125,135,0,36,36,4.0,2,1
4731,29913469,29913469,131,123,1,384,384,50.0,1,1
4732,29913475,29913475,166,45,0,344,344,4.0,3,1
4733,29913483,29913483,84,40,0,10,10,5.0,2,1
4734,29913494,29913494,170,56,0,155,155,29.0,2,1
4735,29913495,29913495,231,80,0,23,23,20.0,1,1
4736,29913495,29913495,230,82,1,23,23,37.0,1,1
4737,29913499,29913499,230,142,0,87,87,10.0,1,1
4738,29913501,29913501,179,110,1,30,30,17.0,1,1
4739,29913516,29913516,235,133,1,176,176,13.0,1,1
4740,29913520,29913520,67,27,1,-1,-1,nan,0,0
4741,29913521,29913521,115,123,0,75,75,26.0,1,1
4742,29913522,29913522,178,110,0,30,30,26.0,2,1
4743,29913531,29913531,118,133,0,35,35,10.0,1,1
4744,29913535,29913535,148,139,0,254,254,10.0,2,1
4745,29913535,29913535,164,34,1,376,376,10.0,3,1
4746,29913539,29913539,149,139,0,254,254,5.0,2,1
4747,29913546,29913546,227,67,1,164,164,18.0,2,1
4748,29913550,29913550,112,98,0,27,27,5.0,1,1
4749,29913552,29913552,147,140,0,290,290,16.0,3,1
4750,29913552,29913552,129,124,1,-1,-1,nan,0,0
4751,29913558,29913558,170,52,0,155,155,5.0,2,1
4752,29913566,29913566,165,33,1,376,376,8.0,3,1
4753,29913567,29913567,229,135,0,39,39,50.0,2,1
4754,29913572,29913572,156,128,1,37,37,29.0,2,1
4755,29913575,29913575,180,95,1,77,77,8.0,2,1
4756,29913583,29913583,235,74,0,71,71,37.0,3,1
4757,29913583,29913583,184,95,1,77,77,40.0,1,1
4758,29913584,29913584,30,114,1,165,165,34.0,1,1
4759,29913592,29913592,231,72,0,118,118,9.0,4,1
4760,29913597,29913597,105,93,0,-1,-1,nan,0,0
4761,29913614,29913614,68,27,1,50,50,58.0,1,1
4762,29913634,29913634,226,134,0,39,39,40.0,1,1
4763,29913634,29913634,172,49,0,275,275,10.0,3,1
4764,29913635,29913635,182,113,0,30,30,17.0,2,1
4765,29913635,29913635,131,137,0,173,173,5.0,2,1
4766,29913635,29913635,26,91,0,112,112,10.0,2,1
4767,29913639,29913639,235,67,1,71,71,2.0,3,1
4768,29913639,29913639,137,138,0,130,130,8.0,3,1
4769,29913640,29913640,19,102,1,24,24,8.0,2,1
4770,29913661,29913661,124,121,1,384,384,61.0,1,1
4771,29913661,29913661,167,37,1,376,376,4.0,5,1
4772,29913665,29913665,228,80,0,23,23,17.0,1,1
4773,29913666,29913666,220,150,0,47,47,34.0,2,1
4774,29913676,29913676,142,125,1,324,324,17.0,2,1
4775,29913681,29913681,94,0,1,-1,-1,nan,0,0
4776,29913690,29913690,181,96,1,77,77,18.0,1,1
4777,29913691,29913691,228,135,0,39,39,49.0,2,1
4778,29913697,29913697,176,35,1,109,109,13.0,2,1
4779,29913699,29913699,158,129,1,37,37,18.0,2,1
4780,29913702,29913702,182,176,1,139,139,25.0,2,1
4781,29913706,29913706,230,65,1,118,118,17.0,4,1
4782,29913707,29913707,234,128,1,39,39,36.0,2,1
4783,29913709,29913709,218,139,0,-1,-1,nan,0,0
4784,29913714,29913714,111,77,1,19,19,8.0,1,1
4785,29913715,29913715,134,137,0,173,173,2.0,4,1
4786,29913727,29913727,80,45,1,58,58,1.0,2,1
4787,29913733,29913733,176,48,0,197,197,17.0,3,1
4788,29913733,29913733,235,130,0,176,176,34.0,3,1
4789,29913743,29913743,73,19,1,50,50,5.0,2,1
4790,29913751,29913751,176,44,1,197,197,1.0,4,1
4791,29913751,29913751,20,98,0,24,24,37.0,3,1
4792,29913752,29913752,129,122,1,384,384,37.0,1,1
4793,29913752,29913752,114,129,0,35,35,10.0,1,1
4794,29913753,29913753,72,40,1,-1,-1,nan,0,0
4795,29913756,29913756,147,128,1,357,357,26.0,1,1
4796,29913756,29913756,155,128,1,37,37,40.0,2,1
4797,29913778,29913778,132,121,1,384,384,29.0,1,1
4798,29913786,29913786,73,20,1,50,50,4.0,2,1
4799,29913795,29913795,86,37,0,10,10,10.0,1,1
4800,29913798,29913798,121,135,0,36,36,36.0,3,1
4801,29913800,29913800,227,69,1,164,164,10.0,3,1
4802,29913802,29913802,235,146,0,87,87,29.0,1,1
4803,29913810,29913810,146,140,0,290,290,17.0,3,1
4804,29913815,29913815,230,139,0,87,87,13.0,1,1
4805,29913830,29913830,94,88,0,67,67,2.0,1,1
4806,29913830,29913830,127,123,1,384,384,58.0,1,1
4807,29913836,29913836,131,136,0,173,173,4.0,2,1
4808,29913839,29913839,82,41,0,10,10,10.0,2,1
4809,29913841,29913841,133,125,1,-1,-1,nan,0,0
4810,29913841,29913841,183,114,0,30,30,25.0,1,1
4811,29913841,29913841,171,47,0,275,275,1.0,4,1
4812,29913841,29913841,72,39,1,-1,-1,nan,0,0
4813,29913851,29913851,220,136,1,-1,-1,nan,0,0
4814,29913855,29913855,229,141,0,87,87,16.0,1,1
4815,29913856,29913856,152,126,1,357,357,25.0,1,1
4816,29913861,29913861,226,71,1,164,164,5.0,3,1
4817,29913867,29913867,162,44,1,344,344,5.0,3,1
4818,29913872,29913872,151,127,1,357,357,25.0,1,1
4819,29913872,29913872,186,112,0,30,30,18.0,1,1
4820,29913874,29913874,34,105,0,166,166,50.0,2,1
4821,29913877,29913877,22,96,0,72,72,16.0,1,1
4822,29913879,29913879,126,136,0,36,36,2.0,3,1
4823,29913879,29913879,130,137,0,173,173,10.0,2,1
4824,29913881,29913881,179,107,0,30,30,20.0,2,1
4825,29913885,29913885,69,25,1,50,50,29.0,2,1
4826,29913885,29913885,232,126,1,39,39,20.0,3,1
4827,29913890,29913890,235,72,0,71,71,17.0,3,1
4828,29913901,29913901,157,130,1,215,215,20.0,2,1
4829,29913901,29913901,166,36,1,376,376,2.0,5,1
4830,29913918,29913918,152,129,1,357,357,52.0,1,1
4831,29913920,29913920,116,132,0,35,35,1.0,1,1
4832,29913923,29913923,181,49,0,198,198,13.0,3,1
4833,29913926,29913926,227,134,0,39,39,37.0,1,1
4834,29913928,29913928,172,51,0,155,155,16.0,2,1
4835,29913930,29913930,78,31,0,144,144,13.0,1,1
4836,29913933,29913933,146,126,1,357,357,13.0,2,1
4837,29913933,29913933,236,75,0,71,71,49.0,3,1
4838,29913935,29913935,147,127,1,357,357,17.0,1,1
4839,29913937,29913937,174,107,0,29,29,17.0,1,1
4840,29913937,29913937,75,40,1,58,58,41.0,1,1
4841,29913948,29913948,177,35,0,109,109,20.0,2,1
4842,29913959,29913959,237,130,0,176,176,26.0,2,1
4843,29913959,29913959,142,126,1,324,324,26.0,2,1
4844,29913959,29913959,148,126,1,357,357,9.0,1,1
4845,29913962,29913962,128,121,1,384,384,29.0,1,1
4846,29913964,29913964,180,111,0,30,30,13.0,1,1
4847,29913966,29913966,226,68,1,164,164,8.0,2,1
4848,29913966,29913966,158,138,1,85,85,1.0,3,1
4849,29913968,29913968,170,39,1,310,310,9.0,4,1
4850,29913969,29913969,76,31,0,144,144,9.0,1,1
4851,29913973,29913973,178,176,1,139,139,9.0,2,1
4852,29913973,29913973,173,47,0,275,275,5.0,3,1
4853,29913982,29913982,183,112,0,30,30,9.0,1,1
4854,29913983,29913983,70,40,1,-1,-1,nan,0,0
4855,29913990,29913990,22,102,1,24,24,5.0,2,1
4856,29913990,29913990,152,141,0,254,254,10.0,3,1
4857,29913994,29913994,120,2,0,458,458,5.0,3,1
4858,29914011,29914011,152,140,0,254,254,5.0,3,1
4859,29914016,29914016,115,124,0,75,75,37.0,1,1
4860,29914024,29914024,219,144,0,-1,-1,nan,0,0
4861,29914025,29914025,232,132,0,39,39,32.0,2,1
4862,29914033,29914033,181,94,1,77,77,10.0,1,1
4863,29914034,29914034,72,21,1,50,50,2.0,2,1
4864,29914039,29914039,149,140,0,254,254,8.0,2,1
4865,29914041,29914041,110,96,0,27,27,17.0,1,1
4866,29914041,29914041,192,104,0,125,125,2.0,1,1
4867,29914041,29914041,140,138,0,130,130,5.0,3,1
4868,29914045,29914045,33,115,1,25,25,52.0,1,1
4869,29914046,29914046,186,179,1,46,46,34.0,1,1
4870,29914054,29914054,176,39,0,310,310,9.0,3,1
4871,29914054,29914054,162,45,0,344,344,4.0,3,1
4872,29914065,29914065,174,48,0,275,275,13.0,3,1
4873,29914070,29914070,237,129,1,133,133,37.0,2,1
4874,29914072,29914072,81,24,0,2,2,10.0,2,1
4875,29914075,29914075,225,71,1,164,164,2.0,3,1
4876,29914088,29914088,237,75,0,71,71,50.0,1,1
4877,29914090,29914090,229,146,0,87,87,41.0,1,1
4878,29914090,29914090,31,96,0,166,166,8.0,3,1
4879,29914098,29914098,77,19,0,2,2,17.0,2,1
4880,29914103,29914103,229,79,0,23,23,9.0,1,1
4881,29914108,29914108,230,66,1,118,118,10.0,4,1
4882,29914113,29914113,66,30,1,106,106,50.0,1,1
4883,29914113,29914113,178,47,0,197,197,10.0,3,1
4884,29914114,29914114,108,96,0,27,27,37.0,1,1
4885,29914117,29914117,229,138,0,87,87,25.0,1,1
4886,29914121,29914121,184,93,1,77,77,36.0,1,1
4887,29914127,29914127,229,83,0,23,23,49.0,1,1
4888,29914142,29914142,79,25,0,2,2,5.0,2,1
4889,29914147,29914147,126,122,1,384,384,52.0,1,1
4890,29914149,29914149,185,93,1,77,77,49.0,1,1
4891,29914155,29914155,232,65,1,205,205,13.0,3,1
4892,29914155,29914155,135,124,1,324,324,45.0,1,1
4893,29914157,29914157,142,138,0,130,130,13.0,3,1
4894,29914162,29914162,180,49,0,198,198,18.0,3,1
4895,29914168,29914168,175,39,0,310,310,4.0,3,1
4896,29914169,29914169,84,38,0,10,10,1.0,1,1
4897,29914183,29914183,141,138,0,130,130,8.0,2,1
4898,29914186,29914186,128,124,1,-1,-1,nan,0,0
4899,29914191,29914191,152,142,0,254,254,17.0,2,1
4900,29914205,29914205,102,82,1,-1,-1,nan,0,0
4901,29914213,29914213,226,69,1,164,164,5.0,3,1
4902,29914234,29914234,231,79,0,23,23,13.0,1,1
4903,29914241,29914241,81,34,0,10,10,20.0,2,1
4904,29914244,29914244,237,70,1,71,71,5.0,3,1
4905,29914245,29914245,106,80,1,-1,-1,nan,0,0
4906,29914250,29914250,234,74,0,23,23,29.0,3,1
4907,29914258,29914258,118,119,1,75,75,5.0,1,1
4908,29914261,29914261,143,127,1,324,324,40.0,2,1
4909,29914266,29914266,104,81,1,-1,-1,nan,0,0
4910,29914272,29914272,232,127,1,39,39,17.0,3,1
4911,29914273,29914273,114,125,0,35,35,50.0,2,1
4912,29914278,29914278,98,89,0,67,67,13.0,1,1
4913,29914278,29914278,82,34,0,10,10,17.0,1,1
4914,29914281,29914281,112,133,0,35,35,10.0,1,1
4915,29914287,29914287,122,135,0,36,36,25.0,3,1
4916,29914287,29914287,175,37,0,310,310,8.0,3,1
4917,29914288,29914288,36,107,0,25,25,25.0,1,1
4918,29914294,29914294,120,1,0,458,458,4.0,3,1
4919,29914307,29914307,180,112,0,30,30,18.0,2,1
4920,29914313,29914313,182,114,0,30,30,26.0,2,1
4921,29914317,29914317,146,128,1,357,357,29.0,1,1
4922,29914324,29914324,228,138,0,87,87,34.0,1,1
4923,29914333,29914333,226,80,0,23,23,25.0,1,1
4924,29914337,29914337,236,141,1,87,87,9.0,2,1
4925,29914340,29914340,76,23,0,2,2,4.0,3,1
4926,29914344,29914344,116,128,0,35,35,17.0,1,1
4927,29914345,29914345,217,135,0,-1,-1,nan,0,0
4928,29914350,29914350,80,21,0,2,2,8.0,1,1
4929,29914354,29914354,151,141,0,254,254,9.0,2,1
4930,29914354,29914354,38,110,1,25,25,2.0,1,1
4931,29914356,29914356,107,78,1,19,19,45.0,1,1
4932,29914360,29914360,117,134,0,35,35,8.0,2,1
4933,29914361,29914361,235,136,1,176,176,10.0,2,1
4934,29914370,29914370,182,94,1,77,77,17.0,1,1
4935,29914376,29914376,175,47,0,197,197,13.0,2,1
4936,29914376,29914376,185,112,0,30,30,13.0,1,1
4937,29914379,29914379,174,37,1,310,310,5.0,4,1
4938,29914380,29914380,184,113,0,30,30,17.0,1,1
4939,29914386,29914386,136,135,0,130,130,10.0,2,1
4940,29914396,29914396,148,140,0,254,254,13.0,2,1
4941,29914397,29914397,120,121,1,75,75,25.0,1,1
4942,29914399,29914399,36,112,1,25,25,10.0,1,1
4943,29914405,29914405,116,133,0,35,35,2.0,1,1
4944,29914406,29914406,77,32,0,144,144,17.0,1,1
4945,29914406,29914406,68,37,1,106,106,53.0,1,1
4946,29914409,29914409,34,115,1,25,25,41.0,1,1
4947,29914410,29914410,121,0,0,458,458,2.0,2,1
4948,29914414,29914414,175,40,0,310,310,5.0,4,1
4949,29914415,29914415,234,146,0,87,87,26.0,1,1
4950,29914416,29914416,152,128,1,357,357,41.0,1,1
4951,29914422,29914422,65,35,1,106,106,16.0,1,1
4952,29914427,29914427,175,176,1,45,45,13.0,3,1
4953,29914435,29914435,166,47,0,344,344,8.0,3,1
4954,29914437,29914437,109,96,0,27,27,26.0,1,1
4955,29914438,29914438,176,97,1,249,249,10.0,3,1
4956,29914438,29914438,183,113,0,30,30,16.0,1,1
4957,29914441,29914441,33,116,1,25,25,61.0,1,1
4958,29914446,29914446,191,108,0,125,125,9.0,1,1
4959,29914446,29914446,98,84,1,67,67,18.0,1,1
4960,29914447,29914447,178,46,1,197,197,5.0,3,1
4961,29914452,29914452,235,128,1,133,133,34.0,3,1
4962,29914453,29914453,218,140,0,-1,-1,nan,0,0
4963,29914453,29914453,30,97,0,166,166,10.0,3,1
4964,29914457,29914457,73,39,1,-1,-1,nan,0,0
4965,29914458,29914458,160,45,1,61,61,8.0,3,1
4966,29914458,29914458,190,110,0,125,125,26.0,2,1
4967,29914468,29914468,229,82,0,23,23,36.0,1,1
4968,29914468,29914468,230,137,0,87,87,25.0,1,1
4969,29914471,29914471,27,110,1,165,165,5.0,1,1
4970,29914471,29914471,142,127,1,324,324,37.0,2,1
4971,29914471,29914471,188,111,0,30,30,29.0,2,1
4972,29914473,29914473,166,46,0,344,344,5.0,3,1
4973,29914477,29914477,185,113,0,30,30,20.0,1,1
4974,29914483,29914483,238,75,0,71,71,53.0,1,1
4975,29914489,29914489,65,34,1,106,106,17.0,1,1
4976,29914493,29914493,181,178,1,139,139,34.0,1,1
4977,29914496,29914496,236,144,1,87,87,18.0,1,1
4978,29914504,29914504,159,137,1,85,85,1.0,2,1
4979,29914505,29914505,177,47,0,197,197,9.0,3,1
4980,29914509,29914509,82,42,0,10,10,17.0,2,1
4981,29914509,29914509,77,30,0,144,144,5.0,2,1
4982,29914510,29914510,33,114,1,25,25,45.0,1,1
4983,29914510,29914510,191,105,0,125,125,0.0,1,1
4984,29914512,29914512,190,98,1,78,78,13.0,2,1
4985,29914515,29914515,231,65,1,118,118,16.0,3,1
4986,29914520,29914520,230,148,0,47,47,50.0,2,1
4987,29914524,29914524,186,94,1,78,78,53.0,1,1
4988,29914525,29914525,63,29,1,266,266,29.0,2,1
4989,29914531,29914531,129,137,0,36,36,8.0,2,1
4990,29914540,29914540,155,141,0,85,85,25.0,2,1
4991,29914541,29914541,9,101,0,283,283,13.0,3,1
4992,29914541,29914541,174,176,1,45,45,8.0,3,1
4993,29914541,29914541,112,76,1,19,19,2.0,1,1
4994,29914546,29914546,114,133,0,35,35,2.0,1,1
4995,29914549,29914549,108,78,1,19,19,34.0,1,1
4996,29914555,29914555,188,96,1,78,78,25.0,1,1
4997,29914556,29914556,162,47,0,344,344,8.0,3,1
4998,29914570,29914570,86,38,0,10,10,9.0,1,1
4999,29914579,29914579,74,41,1,58,58,41.0,1,1
5000,29914585,29914585,163,34,1,13,13,8.0,3,1
5001,29914585,29914585,231,78,0,23,23,8.0,1,1
5002,29914587,29914587,96,0,0,-1,-1,nan,0,0
5003,29914590,29914590,179,112,0,30,30,25.0,2,1
5004,29914601,29914601,166,41,1,344,344,20.0,5,1
5005,29914602,29914602,130,136,0,173,173,9.0,2,1
5006,29914626,29914626,230,143,0,87,87,13.0,1,1
5007,29914643,29914643,84,39,0,10,10,2.0,2,1
5008,29914649,29914649,79,21,0,2,2,5.0,2,1
5009,29914649,29914649,174,40,0,310,310,2.0,4,1
5010,29914659,29914659,235,75,1,23,23,37.0,3,1
5011,29914673,29914673,104,93,0,-1,-1,nan,0,0
5012,29914674,29914674,119,3,0,3,3,13.0,3,1
5013,29914677,29914677,146,139,0,254,254,26.0,3,1
5014,29914683,29914683,21,101,1,24,24,9.0,2,1
5015,29914688,29914688,180,176,1,139,139,13.0,1,1
5016,29914690,29914690,150,127,1,357,357,20.0,1,1
5017,29914705,29914705,124,135,0,36,36,9.0,2,1
5018,29914707,29914707,170,53,0,155,155,8.0,2,1
5019,29914707,29914707,23,94,0,72,72,13.0,3,1
5020,29914708,29914708,149,136,0,254,254,8.0,1,1
5021,29914708,29914708,217,136,0,-1,-1,nan,0,0
5022,29914709,29914709,233,65,1,205,205,8.0,3,1
5023,29914713,29914713,165,46,0,344,344,2.0,4,1
5024,29914720,29914720,163,41,1,237,237,13.0,4,1
5025,29914723,29914723,174,178,1,45,45,4.0,2,1
5026,29914726,29914726,168,43,0,275,275,18.0,3,1
5027,29914734,29914734,171,49,0,275,275,9.0,3,1
5028,29914735,29914735,174,108,0,29,29,26.0,1,1
5029,29914738,29914738,121,121,1,75,75,34.0,1,1
5030,29914739,29914739,122,133,0,36,36,29.0,2,1
5031,29914747,29914747,188,110,0,30,30,26.0,2,1
5032,29914750,29914750,66,36,1,106,106,26.0,1,1
5033,29914751,29914751,176,178,1,45,45,16.0,2,1
5034,29914757,29914757,179,49,0,198,198,25.0,2,1
5035,29914769,29914769,164,39,1,237,237,10.0,5,1
5036,29914771,29914771,35,103,0,166,166,29.0,1,1
5037,29914772,29914772,230,140,0,87,87,10.0,1,1
5038,29914772,29914772,113,133,0,35,35,5.0,1,1
5039,29914772,29914772,235,134,1,176,176,10.0,2,1
5040,29914788,29914788,151,128,1,357,357,34.0,1,1
5041,29914796,29914796,23,95,0,72,72,10.0,2,1
5042,29914802,29914802,228,134,0,39,39,36.0,1,1
5043,29914811,29914811,150,126,1,357,357,13.0,1,1
5044,29914814,29914814,178,111,0,30,30,29.0,2,1
5045,29914816,29914816,177,48,0,197,197,16.0,3,1
5046,29914816,29914816,127,135,0,36,36,0.0,3,1
5047,29914817,29914817,121,2,0,458,458,2.0,3,1
5048,29914821,29914821,79,24,0,2,2,2.0,2,1
5049,29914822,29914822,187,112,0,30,30,25.0,1,1
5050,29914824,29914824,103,81,1,-1,-1,nan,0,0
5051,29914834,29914834,120,3,0,458,458,8.0,3,1
5052,29914842,29914842,230,136,1,87,87,34.0,1,1
5053,29914843,29914843,149,126,1,357,357,10.0,1,1
5054,29914843,29914843,101,82,1,67,67,61.0,1,1
5055,29914844,29914844,159,129,1,37,37,13.0,3,1
5056,29914849,29914849,122,122,1,75,75,52.0,1,1
5057,29914849,29914849,99,89,0,67,67,20.0,1,1
5058,29914854,29914854,184,94,1,77,77,37.0,1,1
5059,29914854,29914854,139,136,0,130,130,0.0,3,1
5060,29914855,29914855,230,144,0,87,87,18.0,1,1
5061,29914870,29914870,33,106,0,25,25,61.0,1,1
5062,29914870,29914870,225,73,1,164,164,10.0,3,1
5063,29914870,29914870,235,147,0,87,87,40.0,1,1
5064,29914879,29914879,132,137,0,173,173,2.0,4,1
5065,29914884,29914884,164,46,0,344,344,1.0,4,1
5066,29914884,29914884,144,139,0,130,130,34.0,4,1
5067,29914885,29914885,175,36,1,109,109,13.0,2,1
5068,29914888,29914888,176,108,0,29,29,26.0,2,1
5069,29914889,29914889,173,177,1,45,45,2.0,3,1
5070,29914893,29914893,110,77,1,19,19,13.0,1,1
5071,29914894,29914894,84,35,0,10,10,10.0,1,1
5072,29914895,29914895,226,66,1,164,164,20.0,2,1
5073,29914900,29914900,187,95,1,78,78,37.0,1,1
5074,29914901,29914901,65,31,1,106,106,32.0,1,1
5075,29914908,29914908,115,128,0,35,35,16.0,1,1
5076,29914909,29914909,142,124,1,324,324,10.0,2,1
5077,29914916,29914916,170,55,0,155,155,20.0,2,1
5078,29914918,29914918,234,147,0,87,87,37.0,1,1
5079,29914921,29914921,166,40,1,376,376,26.0,5,1
5080,29914921,29914921,158,46,1,61,61,9.0,2,1
5081,29914924,29914924,23,103,1,24,24,5.0,2,1
5082,29914935,29914935,177,98,1,249,249,16.0,3,1
5083,29914937,29914937,233,127,1,39,39,26.0,3,1
5084,29914944,29914944,181,176,1,139,139,18.0,1,1
5085,29914945,29914945,225,133,1,39,39,34.0,1,1
5086,29914946,29914946,182,93,1,77,77,16.0,1,1
5087,29914946,29914946,122,123,1,75,75,61.0,1,1
5088,29914951,29914951,174,41,0,310,310,5.0,3,1
5089,29914955,29914955,78,25,0,2,2,4.0,2,1
5090,29914967,29914967,232,74,0,23,23,13.0,3,1
5091,29914978,29914978,190,111,0,125,125,37.0,2,1
5092,29914993,29914993,173,48,0,275,275,8.0,3,1
5093,29914993,29914993,183,178,1,139,139,50.0,2,1
5094,29915001,29915001,189,97,1,78,78,17.0,1,1
5095,29915002,29915002,138,137,0,130,130,2.0,3,1
5096,29915016,29915016,153,128,1,357,357,50.0,1,1
5097,29915016,29915016,228,128,1,39,39,0.0,2,1
5098,29915019,29915019,184,178,1,46,46,41.0,2,1
5099,29915019,29915019,175,107,0,29,29,16.0,1,1
5100,29915022,29915022,159,132,1,215,215,4.0,3,1
5101,29915023,29915023,136,124,1,324,324,34.0,1,1
5102,29915023,29915023,162,43,1,344,344,8.0,3,1
5103,29915034,29915034,143,140,0,130,130,32.0,4,1
5104,29915050,29915050,171,50,0,155,155,10.0,2,1
5105,29915050,29915050,32,97,0,166,166,2.0,3,1
5106,29915055,29915055,146,124,1,357,357,5.0,2,1
5107,29915059,29915059,175,41,0,310,310,8.0,3,1
5108,29915064,29915064,219,145,1,-1,-1,nan,0,0
5109,29915073,29915073,28,93,0,72,72,13.0,4,1
5110,29915078,29915078,187,178,1,46,46,20.0,1,1
5111,29915088,29915088,106,94,0,-1,-1,nan,0,0
5112,29915096,29915096,79,44,1,58,58,1.0,2,1
5113,29915101,29915101,236,142,1,87,87,10.0,2,1
5114,29915105,29915105,157,138,1,85,85,4.0,3,1
5115,29915106,29915106,181,95,1,77,77,13.0,1,1
5116,29915107,29915107,231,148,0,87,87,53.0,2,1
5117,29915114,29915114,67,28,1,-1,-1,nan,0,0
5118,29915121,29915121,234,66,1,71,71,8.0,3,1
5119,29915121,29915121,183,176,1,139,139,34.0,2,1
5120,29915125,29915125,165,62,0,116,116,13.0,2,1
5121,29915127,29915127,156,130,1,215,215,29.0,2,1
5122,29915128,29915128,173,37,1,310,310,4.0,3,1
5123,29915128,29915128,106,95,0,-1,-1,nan,0,0
5124,29915130,29915130,153,141,0,254,254,13.0,3,1
5125,29915138,29915138,233,66,1,71,71,13.0,3,1
5126,29915142,29915142,180,178,1,139,139,29.0,1,1
5127,29915143,29915143,172,48,0,275,275,5.0,3,1
5128,29915148,29915148,236,129,1,133,133,40.0,2,1
5129,29915155,29915155,231,73,0,23,23,13.0,4,1
5130,29915156,29915156,29,93,0,72,72,18.0,4,1
5131,29915157,29915157,77,29,0,144,144,2.0,2,1
5132,29915163,29915163,79,32,0,144,144,25.0,2,1
5133,29915164,29915164,21,98,0,72,72,29.0,2,1
5134,29915169,29915169,137,126,1,324,324,41.0,1,1
5135,29915173,29915173,163,43,1,344,344,5.0,3,1
5136,29915184,29915184,164,47,0,344,344,4.0,4,1
5137,29915191,29915191,192,100,1,78,78,17.0,2,1
5138,29915191,29915191,163,36,1,237,237,8.0,3,1
5139,29915193,29915193,230,149,0,47,47,41.0,1,1
5140,29915194,29915194,145,140,0,290,290,20.0,4,1
5141,29915199,29915199,131,125,1,-1,-1,nan,0,0
5142,29915202,29915202,161,47,0,344,344,13.0,2,1
5143,29915204,29915204,113,98,0,27,27,2.0,1,1
5144,29915205,29915205,31,95,0,166,166,13.0,3,1
5145,29915205,29915205,159,44,1,61,61,2.0,3,1
5146,29915210,29915210,235,131,0,176,176,25.0,2,1
5147,29915215,29915215,20,101,1,24,24,10.0,3,1
5148,29915215,29915215,138,139,0,130,130,10.0,3,1
5149,29915215,29915215,78,26,0,144,144,8.0,2,1
5150,29915217,29915217,132,138,0,173,173,5.0,4,1
5151,29915222,29915222,165,38,1,376,376,13.0,4,1
5152,29915223,29915223,236,146,0,87,87,34.0,1,1
5153,29915229,29915229,77,31,0,144,144,10.0,1,1
5154,29915229,29915229,227,135,0,39,39,50.0,1,1
5155,29915234,29915234,182,96,1,77,77,25.0,1,1
5156,29915234,29915234,181,111,0,30,30,8.0,1,1
5157,29915235,29915235,130,124,1,-1,-1,nan,0,0
5158,29915235,29915235,150,128,1,357,357,29.0,1,1
5159,29915235,29915235,231,82,0,23,23,40.0,1,1
5160,29915240,29915240,231,149,0,47,47,52.0,1,1
5161,29915248,29915248,178,96,1,77,77,9.0,3,1
5162,29915249,29915249,163,37,1,237,237,5.0,4,1
5163,29915250,29915250,174,106,0,29,29,10.0,1,1
5164,29915251,29915251,229,126,1,39,39,5.0,2,1
5165,29915254,29915254,160,47,0,61,61,20.0,2,1
5166,29915259,29915259,235,137,1,176,176,13.0,2,1
5167,29915265,29915265,182,95,1,77,77,20.0,1,1
5168,29915275,29915275,24,104,1,24,24,9.0,2,1
5169,29915276,29915276,135,138,0,173,173,8.0,3,1
5170,29915287,29915287,66,29,1,106,106,61.0,1,1
5171,29915292,29915292,231,146,1,87,87,29.0,1,1
5172,29915292,29915292,189,111,0,30,30,40.0,2,1
5173,29915294,29915294,136,138,0,130,130,13.0,3,1
5174,29915297,29915297,85,36,0,10,10,8.0,1,1
5175,29915304,29915304,28,94,0,72,72,8.0,4,1
5176,29915305,29915305,121,134,0,36,36,37.0,3,1
5177,29915307,29915307,174,177,1,45,45,5.0,3,1
5178,29915321,29915321,228,68,1,118,118,10.0,2,1
5179,29915323,29915323,151,129,1,357,357,45.0,1,1
5180,29915323,29915323,226,135,0,39,39,53.0,1,1
5181,29915325,29915325,21,96,0,72,72,25.0,1,1
5182,29915342,29915342,136,125,1,324,324,41.0,1,1
5183,29915342,29915342,80,25,0,2,2,8.0,2,1
5184,29915343,29915343,71,23,1,50,50,9.0,3,1
5185,29915348,29915348,176,107,0,29,29,17.0,2,1
5186,29915349,29915349,234,75,0,23,23,26.0,3,1
5187,29915359,29915359,156,142,0,85,85,25.0,3,1
5188,29915366,29915366,227,80,0,23,23,20.0,1,1
5189,29915380,29915380,233,147,0,87,87,36.0,1,1
5190,29915382,29915382,171,54,0,155,155,18.0,1,1
5191,29915385,29915385,175,175,1,139,139,13.0,3,1
5192,29915388,29915388,103,91,0,-1,-1,nan,0,0
5193,29915390,29915390,29,113,1,165,165,20.0,1,1
5194,29915392,29915392,193,100,1,78,78,16.0,2,1
5195,29915399,29915399,186,111,0,30,30,13.0,2,1
5196,29915402,29915402,124,136,0,36,36,10.0,2,1
5197,29915405,29915405,176,38,0,310,310,10.0,3,1
5198,29915410,29915410,178,178,1,139,139,25.0,2,1
5199,29915414,29915414,228,139,0,87,87,29.0,1,1
5200,29915416,29915416,137,137,0,130,130,5.0,3,1
5201,29915418,29915418,30,96,0,166,166,13.0,3,1
5202,29915419,29915419,174,46,0,275,275,9.0,4,1
5203,29915428,29915428,132,125,1,-1,-1,nan,0,0
5204,29915430,29915430,85,40,0,10,10,8.0,2,1
5205,29915433,29915433,178,97,1,77,77,16.0,3,1
5206,29915451,29915451,163,44,1,344,344,2.0,3,1
5207,29915456,29915456,232,148,0,87,87,50.0,1,1
5208,29915459,29915459,168,38,1,376,376,10.0,4,1
5209,29915462,29915462,180,113,0,30,30,25.0,2,1
5210,29915470,29915470,177,109,0,30,30,36.0,2,1
5211,29915471,29915471,134,138,0,173,173,5.0,4,1
5212,29915476,29915476,70,24,1,50,50,17.0,2,1
5213,29915481,29915481,219,146,0,-1,-1,nan,0,0
5214,29915482,29915482,231,144,1,87,87,13.0,1,1
5215,29915498,29915498,172,38,1,310,310,2.0,4,1
5216,29915516,29915516,75,41,1,58,58,32.0,1,1
5217,29915521,29915521,137,125,1,324,324,32.0,1,1
5218,29915528,29915528,126,135,0,36,36,1.0,3,1
5219,29915529,29915529,233,74,0,23,23,20.0,3,1
5220,29915529,29915529,156,129,1,37,37,34.0,2,1
5221,29915538,29915538,183,179,1,46,46,61.0,2,1
5222,29915549,29915549,10,101,0,318,318,13.0,3,1
5223,29915550,29915550,141,125,1,324,324,16.0,2,1
5224,29915552,29915552,230,83,0,23,23,50.0,1,1
5225,29915552,29915552,112,97,0,27,27,4.0,1,1
5226,29915553,29915553,78,28,0,144,144,4.0,2,1
5227,29915555,29915555,146,127,1,357,357,20.0,2,1
5228,29915560,29915560,97,88,0,67,67,5.0,1,1
5229,29915563,29915563,184,179,1,46,46,50.0,1,1
5230,29915570,29915570,179,97,1,77,77,17.0,3,1
5231,29915573,29915573,136,126,1,324,324,50.0,1,1
5232,29915585,29915585,150,141,0,254,254,10.0,2,1
5233,29915585,29915585,176,47,0,197,197,10.0,3,1
5234,29915593,29915593,188,112,0,30,30,34.0,2,1
5235,29915601,29915601,105,12,0,145,145,10.0,2,1
5236,29915606,29915606,174,47,0,275,275,10.0,3,1
5237,29915609,29915609,126,124,1,-1,-1,nan,0,0
5238,29915616,29915616,82,23,0,2,2,16.0,2,1
5239,29915616,29915616,125,121,1,384,384,50.0,1,1
5240,29915616,29915616,25,106,1,24,24,20.0,2,1
5241,29915618,29915618,143,139,0,130,130,25.0,4,1
5242,29915620,29915620,236,68,1,71,71,0.0,3,1
5243,29915624,29915624,232,149,0,-1,-1,nan,0,0
5244,29915627,29915627,229,66,1,118,118,13.0,4,1
5245,29915637,29915637,101,83,1,67,67,52.0,1,1
5246,29915637,29915637,143,124,1,324,324,13.0,2,1
5247,29915642,29915642,30,116,1,165,165,50.0,2,1
5248,29915645,29915645,85,38,0,10,10,4.0,1,1
5249,29915650,29915650,153,140,0,254,254,8.0,3,1
5250,29915652,29915652,177,45,1,197,197,1.0,4,1
5251,29915657,29915657,63,34,1,106,106,5.0,1,1
5252,29915668,29915668,140,139,0,130,130,10.0,4,1
5253,29915670,29915670,108,79,1,19,19,41.0,1,1
5254,29915678,29915678,115,133,0,35,35,1.0,1,1
5255,29915683,29915683,232,73,0,118,118,17.0,3,1
5256,29915685,29915685,227,81,0,23,23,29.0,1,1
5257,29915688,29915688,154,128,1,37,37,53.0,2,1
5258,29915691,29915691,175,109,0,29,29,36.0,1,1
5259,29915691,29915691,65,30,1,106,106,41.0,2,1
5260,29915696,29915696,26,93,0,72,72,9.0,2,1
5261,29915699,29915699,181,113,0,30,30,20.0,2,1
5262,29915699,29915699,165,42,1,344,344,10.0,5,1
5263,29915699,29915699,236,73,0,71,71,25.0,3,1
5264,29915704,29915704,114,99,0,27,27,4.0,2,1
5265,29915706,29915706,236,131,0,176,176,20.0,1,1
5266,29915709,29915709,26,92,0,72,72,16.0,2,1
5267,29915711,29915711,231,126,1,39,39,13.0,3,1
5268,29915713,29915713,112,75,1,19,19,1.0,1,1
5269,29915722,29915722,231,76,0,23,23,4.0,2,1
5270,29915729,29915729,128,136,0,36,36,2.0,3,1
5271,29915732,29915732,235,135,1,176,176,9.0,2,1
5272,29915735,29915735,177,36,0,109,109,25.0,2,1
5273,29915737,29915737,108,95,0,27,27,40.0,1,1
5274,29915747,29915747,230,125,1,39,39,13.0,2,1
5275,29915759,29915759,150,129,1,357,357,40.0,1,1
5276,29915760,29915760,178,49,0,197,197,26.0,3,1
5277,29915761,29915761,177,107,0,29,29,20.0,2,1
5278,29915761,29915761,110,97,0,27,27,16.0,1,1
5279,29915763,29915763,230,131,0,39,39,13.0,1,1
5280,29915764,29915764,140,126,1,324,324,26.0,1,1
5281,29915764,29915764,120,135,0,35,35,34.0,4,1
5282,29915770,29915770,191,99,1,78,78,13.0,2,1
5283,29915773,29915773,102,92,0,-1,-1,nan,0,0
5284,29915774,29915774,179,48,0,197,197,20.0,2,1
5285,29915775,29915775,114,124,0,75,75,40.0,1,1
5286,29915779,29915779,234,148,0,87,87,50.0,1,1
5287,29915791,29915791,123,135,0,36,36,16.0,2,1
5288,29915796,29915796,229,67,1,118,118,8.0,4,1
5289,29915797,29915797,184,114,0,30,30,26.0,1,1
5290,29915797,29915797,119,122,1,75,75,25.0,1,1
5291,29915802,29915802,38,109,1,25,25,5.0,1,1
5292,29915804,29915804,81,45,0,58,58,4.0,2,1
5293,29915805,29915805,184,112,0,30,30,10.0,1,1
5294,29915812,29915812,236,75,0,71,71,49.0,3,1
5295,29915812,29915812,22,97,0,72,72,17.0,2,1
5296,29915822,29915822,74,19,1,50,50,10.0,2,1
5297,29915825,29915825,38,106,0,25,25,26.0,1,1
5298,29915826,29915826,77,43,1,58,58,8.0,2,1
5299,29915836,29915836,176,106,0,29,29,10.0,2,1
5300,29915837,29915837,177,111,0,30,30,40.0,2,1
5301,29915837,29915837,225,134,1,39,39,45.0,1,1
5302,29915842,29915842,176,40,0,310,310,10.0,4,1
5303,29915846,29915846,121,1,0,458,458,1.0,3,1
5304,29915847,29915847,163,47,0,344,344,5.0,3,1
5305,29915858,29915858,178,98,1,77,77,25.0,3,1
5306,29915866,29915866,97,1,0,-1,-1,nan,0,0
5307,29915868,29915868,24,93,0,72,72,13.0,3,1
5308,29915871,29915871,129,136,0,36,36,5.0,2,1
5309,29915872,29915872,133,137,0,173,173,1.0,4,1
5310,29915882,29915882,235,129,1,133,133,45.0,3,1
5311,29915884,29915884,180,177,1,139,139,20.0,1,1
5312,29915884,29915884,75,18,0,50,50,20.0,2,1
5313,29915884,29915884,119,135,0,35,35,25.0,3,1
5314,29915896,29915896,19,99,0,24,24,29.0,3,1
5315,29915896,29915896,20,99,0,24,24,26.0,3,1
5316,29915898,29915898,120,134,0,35,35,29.0,3,1
5317,29915907,29915907,231,77,0,23,23,5.0,1,1
5318,29915908,29915908,236,128,1,133,133,29.0,2,1
5319,29915918,29915918,103,93,0,-1,-1,nan,0,0
5320,29915920,29915920,181,177,1,139,139,25.0,1,1
5321,29915920,29915920,183,94,1,77,77,26.0,1,1
5322,29915923,29915923,173,107,0,29,29,20.0,1,1
5323,29915925,29915925,20,97,0,72,72,37.0,3,1
5324,29915935,29915935,122,134,0,36,36,26.0,3,1
5325,29915945,29915945,114,134,0,35,35,5.0,2,1
5326,29915950,29915950,191,100,1,78,78,20.0,2,1
5327,29915965,29915965,225,136,0,-1,-1,nan,0,0
5328,29915972,29915972,30,115,1,165,165,41.0,1,1
5329,29915977,29915977,231,66,1,118,118,9.0,3,1
5330,29915977,29915977,177,177,1,139,139,17.0,2,1
5331,29915982,29915982,112,132,0,35,35,9.0,1,1
5332,29915984,29915984,192,105,1,125,125,1.0,1,1
5333,29915986,29915986,179,177,1,139,139,17.0,2,1
5334,29915987,29915987,82,22,0,2,2,17.0,1,1
5335,29915996,29915996,127,137,0,36,36,4.0,3,1
5336,29915997,29915997,228,136,0,87,87,50.0,1,1
5337,29916002,29916002,232,66,1,118,118,10.0,3,1
5338,29916013,29916013,234,128,1,39,39,36.0,2,1
5339,29916013,29916013,100,83,1,67,67,41.0,1,1
5340,29916015,29916015,178,109,0,30,30,25.0,2,1
5341,29916020,29916020,167,50,1,155,155,2.0,3,1
5342,29916023,29916023,179,176,1,139,139,10.0,2,1
5343,29916030,29916030,229,147,1,47,47,52.0,2,1
5344,29916044,29916044,147,140,0,290,290,16.0,3,1
5345,29916049,29916049,178,108,0,30,30,26.0,2,1
5346,29916054,29916054,139,138,0,130,130,4.0,3,1
5347,29916059,29916059,176,99,1,249,249,10.0,3,1
5348,29916061,29916061,131,137,0,173,173,5.0,2,1
5349,29916062,29916062,182,111,0,30,30,5.0,1,1
5350,29916069,29916069,83,43,0,58,58,20.0,2,1
5351,29916071,29916071,85,39,0,10,10,5.0,1,1
5352,29916082,29916082,226,63,1,164,164,53.0,2,1
5353,29916085,29916085,233,148,0,87,87,49.0,1,1
5354,29916085,29916085,232,75,0,23,23,10.0,2,1
5355,29916090,29916090,70,22,1,50,50,5.0,1,1
5356,29916092,29916092,228,129,1,39,39,1.0,1,1
5357,29916094,29916094,234,126,1,133,133,25.0,3,1
5358,29916095,29916095,145,139,0,290,290,29.0,4,1
5359,29916095,29916095,229,145,0,87,87,32.0,1,1
5360,29916099,29916099,113,99,0,27,27,5.0,1,1
5361,29916100,29916100,177,178,1,45,45,25.0,2,1
5362,29916105,29916105,228,67,1,118,118,13.0,2,1
5363,29916108,29916108,78,42,1,58,58,10.0,2,1
5364,29916109,29916109,153,126,1,357,357,34.0,1,1
5365,29916109,29916109,136,137,0,130,130,10.0,3,1
5366,29916121,29916121,229,83,0,23,23,49.0,1,1
5367,29916124,29916124,140,125,1,324,324,17.0,1,1
5368,29916126,29916126,236,143,1,87,87,13.0,1,1
5369,29916129,29916129,148,127,1,357,357,16.0,1,1
5370,29916129,29916129,182,179,1,139,139,52.0,1,1
5371,29916136,29916136,163,46,0,344,344,2.0,3,1
5372,29916136,29916136,37,110,1,25,25,5.0,1,1
5373,29916136,29916136,176,110,0,29,29,50.0,2,1
5374,29916139,29916139,143,125,1,324,324,20.0,2,1
5375,29916147,29916147,227,68,1,164,164,13.0,2,1
5376,29916156,29916156,28,92,0,72,72,20.0,4,1
5377,29916157,29916157,115,126,0,35,35,36.0,1,1
5378,29916161,29916161,189,110,0,125,125,29.0,2,1
5379,29916166,29916166,226,65,1,164,164,29.0,2,1
5380,29916167,29916167,171,39,1,310,310,4.0,5,1
5381,29916182,29916182,128,137,0,36,36,5.0,3,1
5382,29916191,29916191,168,49,1,155,155,4.0,3,1
5383,29916203,29916203,231,127,1,39,39,10.0,2,1
5384,29916205,29916205,84,41,0,10,10,10.0,2,1
5385,29916208,29916208,109,77,1,19,19,20.0,1,1
5386,29916208,29916208,218,141,0,-1,-1,nan,0,0
5387,29916213,29916213,24,109,1,165,165,5.0,2,1
5388,29916213,29916213,35,114,1,25,25,25.0,1,1
5389,29916219,29916219,186,112,0,30,30,18.0,1,1
5390,29916221,29916221,229,142,0,87,87,17.0,1,1
5391,29916226,29916226,135,137,0,173,173,5.0,3,1
5392,29916236,29916236,236,147,0,87,87,45.0,1,1
5393,29916237,29916237,237,75,0,71,71,50.0,1,1
5394,29916251,29916251,233,75,1,23,23,17.0,3,1
5395,29916260,29916260,168,35,1,376,376,1.0,5,1
5396,29916260,29916260,176,39,0,310,310,9.0,3,1
5397,29916268,29916268,228,137,0,87,87,41.0,1,1
5398,29916273,29916273,176,109,0,29,29,37.0,2,1
5399,29916275,29916275,186,95,1,78,78,50.0,1,1
5400,29916275,29916275,230,128,1,39,39,4.0,2,1
5401,29916285,29916285,21,97,0,72,72,26.0,2,1
5402,29916287,29916287,146,140,0,290,290,17.0,3,1
5403,29916306,29916306,154,142,0,254,254,25.0,3,1
5404,29916306,29916306,154,127,1,37,37,50.0,2,1
5405,29916306,29916306,79,27,0,144,144,10.0,2,1
5406,29916311,29916311,187,96,1,78,78,36.0,1,1
5407,29916318,29916318,116,134,0,35,35,5.0,2,1
5408,29916320,29916320,103,82,1,-1,-1,nan,0,0
5409,29916321,29916321,167,47,0,344,344,13.0,3,1
5410,29916321,29916321,180,49,0,198,198,18.0,3,1
5411,29916330,29916330,102,8,0,145,145,25.0,1,1
5412,29916334,29916334,226,136,0,-1,-1,nan,0,0
5413,29916334,29916334,30,101,0,166,166,18.0,2,1
5414,29916344,29916344,19,100,0,24,24,20.0,2,1
5415,29916344,29916344,125,136,0,36,36,5.0,2,1
5416,29916347,29916347,140,42,0,343,343,13.0,2,1
5417,29916352,29916352,80,23,0,2,2,4.0,2,1
5418,29916377,29916377,232,76,0,23,23,9.0,2,1
5419,29916378,29916378,84,36,0,10,10,5.0,1,1
5420,29916383,29916383,179,113,0,30,30,32.0,2,1
5421,29916387,29916387,117,133,0,35,35,5.0,1,1
5422,29916387,29916387,226,133,1,39,39,29.0,1,1
5423,29916392,29916392,130,123,1,384,384,49.0,1,1
5424,29916393,29916393,25,107,1,165,165,16.0,2,1
5425,29916399,29916399,119,134,0,35,35,20.0,2,1
5426,29916404,29916404,174,103,1,29,29,1.0,2,1
5427,29916418,29916418,127,136,0,36,36,1.0,3,1
5428,29916424,29916424,150,142,1,290,290,13.0,2,1
5429,29916426,29916426,237,130,1,176,176,26.0,2,1
5430,29916427,29916427,171,178,1,45,45,1.0,2,1
5431,29916429,29916429,164,35,1,376,376,9.0,3,1
5432,29916430,29916430,154,141,0,254,254,18.0,3,1
5433,29916434,29916434,170,39,1,310,310,9.0,4,1
5434,29916438,29916438,237,73,0,71,71,26.0,2,1
5435,29916439,29916439,155,142,0,85,85,32.0,2,1
5436,29916452,29916452,164,43,1,344,344,4.0,4,1
5437,29916453,29916453,232,147,0,87,87,37.0,1,1
5438,29916457,29916457,163,33,1,13,13,5.0,4,1
5439,29916457,29916457,235,73,0,71,71,26.0,3,1
5440,29916462,29916462,187,111,1,30,30,20.0,2,1
5441,29916471,29916471,233,128,1,39,39,25.0,3,1
5442,29916473,29916473,72,22,1,50,50,5.0,3,1
5443,29916473,29916473,81,22,0,2,2,10.0,2,1
5444,29916476,29916476,30,98,0,166,166,9.0,2,1
5445,29916488,29916488,235,67,1,71,71,2.0,3,1
5446,29916489,29916489,141,139,0,130,130,13.0,4,1
5447,29916501,29916501,133,124,1,-1,-1,nan,0,0
5448,29916505,29916505,113,127,0,35,35,29.0,1,1
5449,29916510,29916510,122,0,0,458,458,1.0,2,1
5450,29916511,29916511,228,82,0,23,23,37.0,1,1
5451,29916515,29916515,231,81,0,23,23,29.0,1,1
5452,29916521,29916521,179,111,0,30,30,20.0,2,1
5453,29916522,29916522,182,112,0,30,30,10.0,1,1
5454,29916522,29916522,177,49,0,197,197,25.0,3,1
5455,29916531,29916531,82,39,0,10,10,2.0,2,1
5456,29916532,29916532,67,36,1,106,106,37.0,1,1
5457,29916541,29916541,181,112,0,30,30,13.0,2,1
5458,29916545,29916545,229,148,0,47,47,41.0,1,1
5459,29916545,29916545,231,143,0,87,87,8.0,1,1
5460,29916546,29916546,174,49,0,275,275,18.0,3,1
5461,29916547,29916547,69,26,1,50,50,40.0,2,1
5462,29916553,29916553,123,123,1,-1,-1,nan,0,0
5463,29916555,29916555,229,127,1,39,39,2.0,2,1
5464,29916558,29916558,172,50,0,155,155,17.0,3,1
5465,29916560,29916560,25,93,0,72,72,10.0,2,1
5466,29916563,29916563,179,47,1,197,197,13.0,2,1
5467,29916566,29916566,139,139,0,130,130,9.0,4,1
5468,29916566,29916566,230,126,1,39,39,8.0,2,1
5469,29916569,29916569,190,99,1,78,78,18.0,2,1
5470,29916571,29916571,149,141,0,254,254,13.0,2,1
5471,29916573,29916573,165,43,1,344,344,5.0,4,1
5472,29916578,29916578,107,95,0,27,27,53.0,1,1
5473,29916592,29916592,175,100,1,249,249,8.0,3,1
5474,29916594,29916594,231,75,0,23,23,5.0,2,1
5475,29916597,29916597,227,131,1,39,39,10.0,1,1
5476,29916598,29916598,78,32,0,144,144,20.0,2,1
5477,29916599,29916599,166,42,1,344,344,13.0,5,1
5478,29916599,29916599,173,49,0,275,275,13.0,3,1
5479,29916599,29916599,152,141,0,254,254,10.0,3,1
5480,29916609,29916609,106,79,1,-1,-1,nan,0,0
5481,29916609,29916609,83,41,0,10,10,9.0,2,1
5482,29916610,29916610,134,124,1,324,324,58.0,1,1
5483,29916612,29916612,118,134,0,35,35,13.0,2,1
5484,29916629,29916629,172,51,0,155,155,16.0,2,1
5485,29916633,29916633,133,136,0,173,173,0.0,3,1
5486,29916634,29916634,234,129,1,39,39,37.0,3,1
5487,29916635,29916635,226,70,1,164,164,4.0,3,1
5488,29916639,29916639,180,97,1,77,77,20.0,3,1
5489,29916650,29916650,178,112,0,30,30,34.0,2,1
5490,29916651,29916651,182,113,0,30,30,17.0,2,1
5491,29916656,29916656,231,141,0,87,87,4.0,1,1
5492,29916656,29916656,86,39,0,10,10,10.0,1,1
5493,29916661,29916661,30,102,0,166,166,25.0,2,1
5494,29916661,29916661,111,0,1,3,3,26.0,1,1
5495,29916663,29916663,189,98,1,78,78,20.0,2,1
5496,29916668,29916668,101,92,0,67,67,61.0,1,1
5497,29916669,29916669,144,126,1,357,357,25.0,2,1
5498,29916669,29916669,118,135,0,35,35,18.0,3,1
5499,29916676,29916676,82,43,0,58,58,13.0,2,1
5500,29916676,29916676,130,137,0,173,173,10.0,2,1
5501,29916687,29916687,155,130,1,215,215,40.0,2,1
5502,29916687,29916687,155,129,1,37,37,45.0,2,1
5503,29916705,29916705,101,91,0,67,67,52.0,1,1
5504,29916706,29916706,31,101,0,166,166,13.0,2,1
5505,29916706,29916706,124,123,1,-1,-1,nan,0,0
5506,29916720,29916720,34,103,0,166,166,26.0,1,1
5507,29916723,29916723,229,143,0,87,87,20.0,1,1
5508,29916725,29916725,115,134,0,35,35,4.0,2,1
5509,29916733,29916733,151,140,0,254,254,4.0,2,1
5510,29916736,29916736,182,177,1,139,139,32.0,2,1
5511,29916736,29916736,176,176,1,139,139,13.0,3,1
5512,29916737,29916737,126,136,0,36,36,2.0,3,1
5513,29916741,29916741,79,20,0,2,2,10.0,1,1
5514,29916747,29916747,141,127,1,324,324,36.0,1,1
5515,29916752,29916752,35,106,0,25,25,41.0,1,1
5516,29916752,29916752,137,138,0,130,130,8.0,3,1
5517,29916754,29916754,178,176,1,139,139,9.0,2,1
5518,29916754,29916754,117,2,0,3,3,2.0,2,1
5519,29916764,29916764,145,127,1,357,357,25.0,2,1
5520,29916769,29916769,183,114,0,30,30,25.0,1,1
5521,29916774,29916774,157,140,1,85,85,8.0,3,1
5522,29916779,29916779,227,82,0,23,23,40.0,1,1
5523,29916785,29916785,160,129,1,37,37,10.0,3,1
5524,29916785,29916785,121,135,0,36,36,36.0,3,1
5525,29916785,29916785,150,140,0,254,254,5.0,2,1
5526,29916787,29916787,142,139,0,130,130,18.0,4,1
5527,29916790,29916790,171,53,0,155,155,13.0,2,1
5528,29916792,29916792,162,44,1,344,344,5.0,3,1
5529,29916793,29916793,180,114,0,286,286,32.0,2,1
5530,29916793,29916793,232,127,1,39,39,17.0,3,1
5531,29916799,29916799,76,30,0,144,144,4.0,2,1
5532,29916800,29916800,141,126,1,324,324,25.0,2,1
5533,29916812,29916812,80,26,0,2,2,13.0,2,1
5534,29916812,29916812,220,138,1,-1,-1,nan,0,0
5535,29916813,29916813,175,108,0,29,29,25.0,1,1
5536,29916816,29916816,235,75,1,23,23,37.0,3,1
5537,29916824,29916824,184,113,0,30,30,17.0,1,1
5538,29916825,29916825,221,136,1,-1,-1,nan,0,0
5539,29916826,29916826,231,79,0,23,23,13.0,1,1
5540,29916831,29916831,125,135,0,36,36,4.0,2,1
5541,29916834,29916834,185,95,1,77,77,53.0,1,1
5542,29916839,29916839,144,140,0,290,290,25.0,5,1
5543,29916850,29916850,189,112,0,30,30,45.0,2,1
5544,29916857,29916857,118,122,1,75,75,20.0,1,1
5545,29916870,29916870,190,134,0,255,255,9.0,4,1
5546,29916882,29916882,87,37,0,10,10,17.0,1,1
5547,29916882,29916882,218,142,0,-1,-1,nan,0,0
5548,29916897,29916897,185,94,1,77,77,50.0,1,1
5549,29916897,29916897,228,131,1,39,39,9.0,1,1
5550,29916913,29916913,139,126,1,324,324,29.0,1,1
5551,29916913,29916913,114,130,0,35,35,5.0,1,1
5552,29916916,29916916,73,18,1,50,50,8.0,2,1
5553,29916917,29916917,174,37,1,310,310,5.0,4,1
5554,29916922,29916922,116,2,0,3,3,1.0,2,1
5555,29916923,29916923,188,97,1,78,78,26.0,1,1
5556,29916929,29916929,182,114,0,30,30,26.0,2,1
5557,29916944,29916944,161,45,1,344,344,9.0,3,1
5558,29916953,29916953,182,115,0,30,30,37.0,2,1
5559,29916954,29916954,82,44,0,58,58,10.0,2,1
5560,29916954,29916954,176,48,0,197,197,17.0,3,1
5561,29916960,29916960,236,144,1,87,87,18.0,1,1
5562,29916962,29916962,176,49,0,197,197,26.0,3,1
5563,29916963,29916963,192,104,0,125,125,2.0,1,1
5564,29916963,29916963,164,42,1,344,344,9.0,4,1
5565,29916970,29916970,114,98,0,27,27,1.0,2,1
5566,29916970,29916970,114,75,1,19,19,1.0,1,1
5567,29916975,29916975,132,124,1,-1,-1,nan,0,0
5568,29916980,29916980,96,85,1,67,67,5.0,1,1
5569,29916983,29916983,158,137,1,85,85,2.0,3,1
5570,29916987,29916987,173,38,1,310,310,1.0,4,1
5571,29916988,29916988,186,113,0,30,30,25.0,1,1
5572,29917000,29917000,71,39,1,-1,-1,nan,0,0
5573,29917000,29917000,170,54,0,155,155,13.0,1,1
5574,29917001,29917001,236,67,1,71,71,1.0,3,1
5575,29917001,29917001,236,145,1,87,87,25.0,1,1
5576,29917005,29917005,180,175,1,139,139,8.0,1,1
5577,29917009,29917009,113,128,0,35,35,20.0,1,1
5578,29917018,29917018,238,76,0,-1,-1,nan,0,0
5579,29917021,29917021,177,176,1,139,139,10.0,3,1
5580,29917025,29917025,26,109,1,165,165,5.0,2,1
5581,29917026,29917026,77,26,0,144,144,5.0,2,1
5582,29917030,29917030,33,100,0,166,166,4.0,1,1
5583,29917031,29917031,145,126,1,357,357,18.0,2,1
5584,29917041,29917041,156,141,0,85,85,18.0,3,1
5585,29917044,29917044,216,128,0,256,256,20.0,1,1
5586,29917049,29917049,22,101,1,24,24,10.0,2,1
5587,29917050,29917050,149,140,0,254,254,8.0,2,1
5588,29917050,29917050,188,113,0,30,30,41.0,1,1
5589,29917051,29917051,25,91,0,112,112,9.0,3,1
5590,29917052,29917052,118,121,1,75,75,13.0,1,1
5591,29917061,29917061,148,140,0,254,254,13.0,2,1
5592,29917073,29917073,230,84,0,-1,-1,nan,0,0
5593,29917077,29917077,134,137,0,173,173,2.0,4,1
5594,29917080,29917080,178,177,1,139,139,16.0,2,1
5595,29917081,29917081,181,114,0,30,30,29.0,2,1
5596,29917081,29917081,185,113,0,30,30,20.0,1,1
5597,29917082,29917082,31,116,1,165,165,61.0,1,1
5598,29917087,29917087,225,72,1,164,164,5.0,3,1
5599,29917097,29917097,230,66,1,118,118,10.0,4,1
5600,29917101,29917101,172,52,0,155,155,17.0,2,1
5601,29917101,29917101,98,85,1,67,67,13.0,1,1
5602,29917102,29917102,229,144,0,87,87,25.0,1,1
5603,29917103,29917103,234,67,1,71,71,5.0,3,1
5604,29917104,29917104,149,127,1,357,357,17.0,1,1
5605,29917113,29917113,68,27,1,50,50,58.0,1,1
5606,29917119,29917119,175,42,0,197,197,8.0,3,1
5607,29917127,29917127,157,129,1,37,37,25.0,2,1
5608,29917134,29917134,108,77,1,19,19,29.0,1,1
5609,29917140,29917140,238,75,0,71,71,53.0,1,1
5610,29917142,29917142,73,20,1,50,50,4.0,2,1
5611,29917142,29917142,227,70,1,164,164,9.0,3,1
5612,29917150,29917150,179,96,1,77,77,10.0,2,1
5613,29917150,29917150,151,141,0,254,254,9.0,2,1
5614,29917166,29917166,141,140,0,130,130,20.0,4,1
5615,29917168,29917168,231,80,0,23,23,20.0,1,1
5616,29917170,29917170,237,120,1,133,133,10.0,2,1
5617,29917179,29917179,23,96,0,72,72,9.0,1,1
5618,29917180,29917180,138,138,0,130,130,5.0,3,1
5619,29917189,29917189,37,111,1,25,25,4.0,1,1
5620,29917189,29917189,101,90,0,67,67,45.0,1,1
5621,29917212,29917212,164,36,1,376,376,10.0,3,1
5622,29917214,29917214,217,134,0,-1,-1,nan,0,0
5623,29917215,29917215,159,47,0,61,61,17.0,2,1
5624,29917215,29917215,82,35,0,10,10,10.0,1,1
5625,29917221,29917221,192,101,1,125,125,17.0,2,1
5626,29917230,29917230,235,138,1,87,87,13.0,2,1
5627,29917232,29917232,231,145,0,87,87,20.0,1,1
5628,29917232,29917232,189,108,0,125,125,13.0,2,1
5629,29917240,29917240,229,136,0,87,87,41.0,1,1
5630,29917240,29917240,172,39,1,310,310,1.0,5,1
5631,29917245,29917245,228,135,0,39,39,49.0,2,1
5632,29917246,29917246,177,110,0,30,30,37.0,2,1
5633,29917248,29917248,176,36,1,109,109,18.0,2,1
5634,29917253,29917253,175,48,0,197,197,20.0,3,1
5635,29917253,29917253,230,67,1,118,118,5.0,4,1
5636,29917253,29917253,234,71,0,71,71,13.0,3,1
5637,29917255,29917255,76,18,0,2,2,29.0,2,1
5638,29917260,29917260,77,28,0,144,144,1.0,2,1
5639,29917263,29917263,152,124,1,357,357,17.0,1,1
5640,29917274,29917274,177,108,0,29,29,29.0,2,1
5641,29917288,29917288,191,107,0,125,125,4.0,1,1
5642,29917288,29917288,179,49,0,198,198,25.0,2,1
5643,29917293,29917293,30,94,0,72,72,20.0,4,1
5644,29917294,29917294,165,41,1,344,344,17.0,5,1
5645,29917294,29917294,177,37,0,310,310,20.0,3,1
5646,29917304,29917304,234,147,0,87,87,37.0,1,1
5647,29917304,29917304,172,47,0,275,275,2.0,3,1
5648,29917308,29917308,140,138,0,130,130,5.0,3,1
5649,29917312,29917312,227,130,1,39,39,5.0,1,1
5650,29917313,29917313,179,178,1,139,139,26.0,2,1
5651,29917315,29917315,233,66,1,71,71,13.0,3,1
5652,29917315,29917315,227,79,0,23,23,13.0,1,1
5653,29917320,29917320,167,37,1,376,376,4.0,5,1
5654,29917320,29917320,158,135,1,85,85,10.0,3,1
5655,29917343,29917343,146,138,0,254,254,25.0,3,1
5656,29917343,29917343,116,120,1,75,75,4.0,1,1
5657,29917343,29917343,228,83,0,23,23,50.0,1,1
5658,29917344,29917344,105,80,1,-1,-1,nan,0,0
5659,29917344,29917344,220,153,0,365,365,16.0,3,1
5660,29917356,29917356,235,147,0,87,87,40.0,1,1
5661,29917361,29917361,231,149,0,47,47,52.0,1,1
5662,29917364,29917364,186,178,1,46,46,25.0,1,1
5663,29917369,29917369,175,101,1,29,29,4.0,2,1
5664,29917375,29917375,99,90,0,67,67,25.0,1,1
5665,29917387,29917387,183,178,1,139,139,50.0,2,1
5666,29917392,29917392,30,95,0,72,72,17.0,3,1
5667,29917394,29917394,113,131,0,35,35,5.0,1,1
5668,29917397,29917397,66,30,1,106,106,50.0,1,1
5669,29917406,29917406,80,24,0,2,2,5.0,2,1
5670,29917407,29917407,144,141,0,290,290,18.0,5,1
5671,29917407,29917407,235,74,0,71,71,37.0,3,1
5672,29917410,29917410,136,139,0,253,253,17.0,3,1
5673,29917413,29917413,226,72,1,164,164,8.0,3,1
5674,29917423,29917423,78,29,0,144,144,5.0,2,1
5675,29917423,29917423,117,3,0,3,3,5.0,3,1
5676,29917425,29917425,110,78,1,19,19,18.0,1,1
5677,29917426,29917426,232,79,0,23,23,18.0,1,1
5678,29917430,29917430,134,126,1,-1,-1,nan,0,0
5679,29917438,29917438,231,78,0,23,23,8.0,1,1
5680,29917438,29917438,81,24,0,2,2,10.0,2,1
5681,29917445,29917445,64,33,1,106,106,13.0,1,1
5682,29917446,29917446,147,139,0,254,254,17.0,2,1
5683,29917447,29917447,184,94,1,77,77,37.0,1,1
5684,29917448,29917448,192,103,0,125,125,5.0,2,1
5685,29917451,29917451,78,20,0,2,2,9.0,2,1
5686,29917454,29917454,76,28,0,144,144,0.0,2,1
5687,29917466,29917466,113,134,0,35,35,8.0,2,1
5688,29917469,29917469,31,115,1,165,165,52.0,1,1
5689,29917471,29917471,158,130,1,215,215,13.0,2,1
5690,29917477,29917477,192,106,0,125,125,2.0,1,1
5691,29917479,29917479,237,76,0,-1,-1,nan,0,0
5692,29917483,29917483,125,122,1,384,384,61.0,1,1
5693,29917484,29917484,226,69,1,164,164,5.0,3,1
5694,29917488,29917488,117,120,1,75,75,5.0,1,1
5695,29917500,29917500,104,94,0,-1,-1,nan,0,0
5696,29917503,29917503,183,95,1,77,77,29.0,1,1
5697,29917508,29917508,236,76,0,23,23,49.0,1,1
5698,29917510,29917510,238,74,0,71,71,40.0,1,1
5699,29917512,29917512,121,2,0,458,458,2.0,3,1
5700,29917524,29917524,235,132,0,176,176,18.0,1,1
5701,29917524,29917524,175,49,0,275,275,25.0,3,1
5702,29917531,29917531,131,123,1,384,384,50.0,1,1
5703,29917533,29917533,131,124,1,-1,-1,nan,0,0
5704,29917539,29917539,139,125,1,324,324,20.0,1,1
5705,29917541,29917541,172,178,1,45,45,0.0,2,1
5706,29917541,29917541,182,178,1,139,139,41.0,1,1
5707,29917550,29917550,145,140,0,290,290,20.0,4,1
5708,29917559,29917559,235,130,1,176,176,34.0,3,1
5709,29917562,29917562,231,83,1,23,23,53.0,1,1
5710,29917562,29917562,28,112,1,165,165,10.0,2,1
5711,29917564,29917564,99,91,0,67,67,32.0,1,1
5712,29917565,29917565,35,113,1,25,25,20.0,1,1
5713,29917565,29917565,158,129,1,37,37,18.0,2,1
5714,29917567,29917567,177,97,1,77,77,17.0,3,1
5715,29917569,29917569,216,129,0,256,256,29.0,1,1
5716,29917571,29917571,111,98,0,27,27,10.0,1,1
5717,29917572,29917572,64,34,1,106,106,10.0,1,1
5718,29917574,29917574,188,95,1,78,78,26.0,1,1
5719,29917574,29917574,158,131,1,215,215,10.0,3,1
5720,29917577,29917577,220,139,1,-1,-1,nan,0,0
5721,29917577,29917577,187,92,1,78,78,52.0,1,1
5722,29917577,29917577,232,128,1,39,39,16.0,3,1
5723,29917579,29917579,234,76,0,23,23,25.0,2,1
5724,29917582,29917582,68,25,1,50,50,34.0,1,1
5725,29917588,29917588,164,38,1,237,237,9.0,5,1
5726,29917590,29917590,99,84,1,67,67,25.0,1,1
5727,29917593,29917593,133,138,0,173,173,4.0,4,1
5728,29917600,29917600,140,127,1,324,324,37.0,1,1
5729,29917603,29917603,174,38,1,310,310,2.0,4,1
5730,29917611,29917611,23,102,1,24,24,8.0,2,1
5731,29917612,29917612,144,127,1,357,357,32.0,2,1
5732,29917616,29917616,153,142,0,254,254,20.0,3,1
5733,29917616,29917616,100,5,0,-1,-1,nan,0,0
5734,29917634,29917634,217,137,0,-1,-1,nan,0,0
5735,29917634,29917634,175,44,1,197,197,4.0,3,1
5736,29917652,29917652,78,43,1,58,58,5.0,2,1
5737,29917659,29917659,30,93,0,207,207,20.0,4,1
5738,29917660,29917660,100,91,0,67,67,41.0,1,1
5739,29917667,29917667,169,39,1,310,310,16.0,5,1
5740,29917668,29917668,181,115,0,286,286,34.0,2,1
5741,29917673,29917673,115,77,0,19,19,8.0,1,1
5742,29917675,29917675,32,99,0,166,166,2.0,2,1
5743,29917680,29917680,148,141,0,290,290,10.0,3,1
5744,29917685,29917685,166,47,0,344,344,8.0,3,1
5745,29917710,29917710,26,94,0,72,72,4.0,2,1
5746,29917711,29917711,130,138,0,173,173,13.0,2,1
5747,29917711,29917711,144,139,0,130,130,34.0,4,1
5748,29917718,29917718,125,137,0,36,36,8.0,2,1
5749,29917729,29917729,165,48,0,344,344,10.0,3,1
5750,29917732,29917732,126,137,0,36,36,5.0,3,1
5751,29917732,29917732,237,131,0,176,176,17.0,1,1
5752,29917737,29917737,79,26,0,2,2,10.0,2,1
5753,29917737,29917737,232,77,0,23,23,10.0,1,1
5754,29917739,29917739,162,42,1,344,344,13.0,3,1
5755,29917740,29917740,49,32,0,105,105,18.0,2,1
5756,29917740,29917740,230,145,0,87,87,25.0,1,1
5757,29917744,29917744,78,27,0,144,144,5.0,2,1
5758,29917754,29917754,228,140,0,87,87,26.0,1,1
5759,29917755,29917755,187,113,0,30,30,32.0,1,1
5760,29917756,29917756,171,55,0,155,155,25.0,1,1
5761,29917762,29917762,237,74,1,71,71,37.0,2,1
5762,29917767,29917767,158,47,0,61,61,16.0,2,1
5763,29917773,29917773,178,46,1,197,197,5.0,3,1
5764,29917776,29917776,229,81,0,23,23,25.0,1,1
5765,29917780,29917780,109,78,1,19,19,25.0,1,1
5766,29917783,29917783,108,96,0,27,27,37.0,1,1
5767,29917793,29917793,229,146,0,87,87,41.0,1,1
5768,29917812,29917812,129,137,0,36,36,8.0,2,1
5769,29917818,29917818,78,21,0,2,2,4.0,3,1
5770,29917823,29917823,174,108,1,29,29,26.0,1,1
5771,29917823,29917823,81,23,0,2,2,9.0,2,1
5772,29917827,29917827,130,136,0,173,173,9.0,2,1
5773,29917833,29917833,191,108,0,125,125,9.0,1,1
5774,29917838,29917838,124,122,1,-1,-1,nan,0,0
5775,29917839,29917839,183,177,1,139,139,41.0,2,1
5776,29917843,29917843,184,95,1,77,77,40.0,1,1
5777,29917845,29917845,143,139,0,130,130,25.0,4,1
5778,29917849,29917849,144,128,1,357,357,41.0,2,1
5779,29917849,29917849,228,69,1,118,118,9.0,3,1
5780,29917850,29917850,22,94,0,72,72,20.0,3,1
5781,29917855,29917855,231,147,0,87,87,40.0,1,1
5782,29917862,29917862,227,135,0,39,39,50.0,1,1
5783,29917871,29917871,234,74,0,23,23,29.0,3,1
5784,29917873,29917873,67,29,1,-1,-1,nan,0,0
5785,29917874,29917874,122,1,0,458,458,0.0,4,1
5786,29917883,29917883,136,138,1,130,130,13.0,3,1
5787,29917890,29917890,174,48,0,275,275,13.0,3,1
5788,29917890,29917890,230,150,0,47,47,34.0,1,1
5789,29917891,29917891,76,42,1,58,58,18.0,1,1
5790,29917896,29917896,141,138,0,130,130,8.0,2,1
5791,29917898,29917898,165,47,0,344,344,5.0,3,1
5792,29917901,29917901,188,112,0,30,30,34.0,2,1
5793,29917902,29917902,235,136,1,176,176,10.0,2,1
5794,29917915,29917915,175,39,0,310,310,4.0,3,1
5795,29917916,29917916,220,154,0,365,365,9.0,3,1
5796,29917921,29917921,112,98,0,27,27,5.0,1,1
5797,29917922,29917922,104,92,0,-1,-1,nan,0,0
5798,29917924,29917924,181,179,1,139,139,45.0,1,1
5799,29917927,29917927,134,138,0,173,173,5.0,4,1
5800,29917927,29917927,190,111,0,125,125,37.0,2,1
5801,29917932,29917932,225,74,1,164,164,17.0,3,1
5802,29917934,29917934,146,139,0,254,254,26.0,3,1
5803,29917940,29917940,159,130,1,215,215,8.0,3,1
5804,29917942,29917942,113,81,0,19,19,36.0,1,1
5805,29917948,29917948,126,123,1,-1,-1,nan,0,0
5806,29917952,29917952,171,51,0,155,155,9.0,2,1
5807,29917952,29917952,113,97,0,27,27,1.0,1,1
5808,29917958,29917958,180,96,1,77,77,13.0,2,1
5809,29917962,29917962,176,177,1,45,45,17.0,2,1
5810,29917965,29917965,175,46,0,197,197,8.0,3,1
5811,29917976,29917976,167,64,0,116,116,17.0,3,1
5812,29917986,29917986,127,124,1,-1,-1,nan,0,0
5813,29917987,29917987,229,149,0,47,47,32.0,1,1
5814,29917993,29917993,112,133,0,35,35,10.0,1,1
5815,29917994,29917994,236,69,1,71,71,1.0,3,1
5816,29917997,29917997,184,179,1,46,46,50.0,1,1
5817,29918009,29918009,33,101,0,166,166,9.0,1,1
5818,29918009,29918009,34,101,0,166,166,10.0,1,1
5819,29918020,29918020,231,66,1,118,118,9.0,3,1
5820,29918022,29918022,24,94,0,72,72,8.0,2,1
5821,29918023,29918023,192,105,0,125,125,1.0,1,1
5822,29918029,29918029,77,19,0,2,2,17.0,2,1
5823,29918030,29918030,80,21,0,2,2,8.0,1,1
5824,29918030,29918030,226,79,0,23,23,18.0,1,1
5825,29918033,29918033,28,95,0,72,72,5.0,4,1
5826,29918053,29918053,234,148,0,87,87,50.0,1,1
5827,29918061,29918061,187,112,0,30,30,25.0,1,1
5828,29918068,29918068,149,129,1,357,357,37.0,1,1
5829,29918068,29918068,120,2,0,458,458,5.0,3,1
5830,29918074,29918074,234,75,0,23,23,26.0,3,1
5831,29918074,29918074,82,34,0,10,10,17.0,1,1
5832,29918079,29918079,22,95,0,72,72,17.0,2,1
5833,29918080,29918080,27,94,0,72,72,5.0,4,1
5834,29918090,29918090,179,112,0,30,30,25.0,2,1
5835,29918090,29918090,190,110,0,125,125,26.0,2,1
5836,29918091,29918091,27,91,0,112,112,13.0,3,1
5837,29918102,29918102,132,136,0,173,173,1.0,3,1
5838,29918106,29918106,152,140,0,254,254,5.0,3,1
5839,29918109,29918109,233,72,1,118,118,13.0,3,1
5840,29918110,29918110,231,67,1,118,118,4.0,4,1
5841,29918110,29918110,234,73,0,118,118,25.0,3,1
5842,29918116,29918116,121,122,1,75,75,41.0,1,1
5843,29918116,29918116,134,125,1,-1,-1,nan,0,0
5844,29918122,29918122,171,52,0,155,155,10.0,2,1
5845,29918123,29918123,236,72,0,71,71,16.0,2,1
5846,29918123,29918123,67,38,1,106,106,45.0,1,1
5847,29918132,29918132,193,102,0,125,125,13.0,2,1
5848,29918140,29918140,145,128,1,357,357,34.0,1,1
5849,29918152,29918152,233,149,0,-1,-1,nan,0,0
5850,29918159,29918159,159,129,1,37,37,13.0,3,1
5851,29918159,29918159,237,69,1,71,71,2.0,3,1
5852,29918163,29918163,143,146,1,84,84,1.0,4,1
5853,29918164,29918164,122,135,1,36,36,25.0,3,1
5854,29918174,29918174,228,138,0,87,87,34.0,1,1
5855,29918185,29918185,233,67,1,118,118,8.0,3,1
5856,29918190,29918190,231,150,1,47,47,45.0,1,1
5857,29918190,29918190,183,113,0,30,30,16.0,1,1
5858,29918194,29918194,232,66,1,118,118,10.0,3,1
5859,29918200,29918200,100,7,1,145,145,40.0,1,1
5860,29918200,29918200,180,112,0,30,30,18.0,2,1
5861,29918205,29918205,227,136,0,87,87,61.0,1,1
5862,29918212,29918212,172,49,0,275,275,10.0,3,1
5863,29918213,29918213,236,147,0,87,87,45.0,1,1
5864,29918219,29918219,183,96,1,77,77,34.0,1,1
5865,29918221,29918221,114,133,0,35,35,2.0,1,1
5866,29918224,29918224,70,25,1,50,50,26.0,2,1
5867,29918230,29918230,160,47,0,61,61,20.0,2,1
5868,29918231,29918231,236,130,1,176,176,29.0,2,1
5869,29918231,29918231,143,126,1,324,324,29.0,2,1
5870,29918234,29918234,189,111,0,30,30,40.0,2,1
5871,29918241,29918241,129,123,1,384,384,50.0,1,1
5872,29918246,29918246,164,44,1,344,344,1.0,4,1
5873,29918256,29918256,77,30,0,144,144,5.0,2,1
5874,29918264,29918264,232,148,0,87,87,50.0,1,1
5875,29918269,29918269,113,76,1,19,19,1.0,1,1
5876,29918276,29918276,178,48,0,197,197,17.0,3,1
5877,29918284,29918284,188,111,0,30,30,29.0,2,1
5878,29918284,29918284,138,125,1,324,324,25.0,1,1
5879,29918285,29918285,233,148,0,87,87,49.0,1,1
5880,29918287,29918287,95,86,1,67,67,1.0,1,1
5881,29918292,29918292,225,73,1,164,164,10.0,3,1
5882,29918292,29918292,173,47,0,275,275,5.0,3,1
5883,29918300,29918300,105,94,0,-1,-1,nan,0,0
5884,29918301,29918301,226,80,0,23,23,25.0,1,1
5885,29918305,29918305,227,66,1,118,118,25.0,2,1
5886,29918305,29918305,235,68,1,71,71,1.0,3,1
5887,29918311,29918311,175,99,1,249,249,5.0,3,1
5888,29918313,29918313,149,128,1,357,357,26.0,1,1
5889,29918320,29918320,79,33,0,144,144,34.0,2,1
5890,29918323,29918323,119,121,1,75,75,18.0,1,1
5891,29918324,29918324,226,71,1,164,164,5.0,3,1
5892,29918329,29918329,235,129,1,133,133,45.0,3,1
5893,29918329,29918329,184,114,0,30,30,26.0,1,1
5894,29918333,29918333,85,40,0,10,10,8.0,2,1
5895,29918339,29918339,135,138,0,173,173,8.0,3,1
5896,29918343,29918343,153,141,0,254,254,13.0,3,1
5897,29918344,29918344,65,32,1,106,106,25.0,1,1
5898,29918348,29918348,32,115,1,-1,-1,nan,0,0
5899,29918349,29918349,111,97,0,27,27,9.0,1,1
5900,29918357,29918357,143,140,0,130,130,32.0,4,1
5901,29918358,29918358,193,105,0,125,125,4.0,1,1
5902,29918370,29918370,178,49,0,197,197,26.0,3,1
5903,29918375,29918375,171,54,0,155,155,18.0,1,1
5904,29918385,29918385,77,42,1,58,58,13.0,2,1
5905,29918387,29918387,154,143,0,254,254,34.0,3,1
5906,29918390,29918390,229,140,0,87,87,17.0,1,1
5907,29918393,29918393,235,76,0,23,23,36.0,1,1
5908,29918396,29918396,231,82,0,23,23,40.0,1,1
5909,29918403,29918403,36,105,0,25,25,45.0,2,1
5910,29918411,29918411,97,85,1,67,67,8.0,1,1
5911,29918413,29918413,176,40,0,310,310,10.0,4,1
5912,29918415,29918415,29,92,0,72,72,25.0,4,1
5913,29918416,29918416,226,136,0,-1,-1,nan,0,0
5914,29918416,29918416,166,48,0,155,155,13.0,3,1
5915,29918416,29918416,175,37,1,310,310,8.0,3,1
5916,29918426,29918426,120,135,0,35,35,34.0,4,1
5917,29918429,29918429,232,75,0,23,23,10.0,2,1
5918,29918429,29918429,81,43,0,58,58,8.0,2,1
5919,29918429,29918429,124,136,0,36,36,10.0,2,1
5920,29918430,29918430,181,96,1,77,77,18.0,1,1
5921,29918431,29918431,163,44,1,344,344,2.0,3,1
5922,29918439,29918439,230,149,0,47,47,41.0,1,1
5923,29918440,29918440,230,141,0,87,87,9.0,1,1
5924,29918440,29918440,73,40,1,58,58,61.0,1,1
5925,29918446,29918446,71,23,1,50,50,9.0,3,1
5926,29918447,29918447,172,53,0,155,155,20.0,2,1
5927,29918457,29918457,232,149,0,-1,-1,nan,0,0
5928,29918460,29918460,230,127,1,39,39,5.0,2,1
5929,29918460,29918460,130,125,1,-1,-1,nan,0,0
5930,29918471,29918471,66,35,1,106,106,25.0,1,1
5931,29918473,29918473,176,110,0,29,29,50.0,2,1
5932,29918481,29918481,235,137,1,176,176,13.0,2,1
5933,29918493,29918493,115,76,0,19,19,5.0,1,1
5934,29918497,29918497,154,130,1,215,215,53.0,1,1
5935,29918498,29918498,120,3,0,458,458,8.0,3,1
5936,29918498,29918498,74,19,1,50,50,10.0,2,1
5937,29918508,29918508,168,50,1,155,155,1.0,3,1
5938,29918509,29918509,187,179,1,46,46,29.0,1,1
5939,29918518,29918518,142,140,0,130,130,25.0,4,1
5940,29918524,29918524,148,128,1,357,357,25.0,1,1
5941,29918524,29918524,22,102,1,24,24,5.0,2,1
5942,29918534,29918534,70,38,1,-1,-1,nan,0,0
5943,29918547,29918547,182,95,1,77,77,20.0,1,1
5944,29918581,29918581,108,141,0,83,83,49.0,1,1
5945,29918586,29918586,113,78,0,19,19,9.0,1,1
5946,29918586,29918586,231,148,0,87,87,53.0,2,1
5947,29918586,29918586,229,84,0,-1,-1,nan,0,0
5948,29918588,29918588,173,178,1,45,45,1.0,2,1
5949,29918593,29918593,178,44,1,197,197,1.0,4,1
5950,29918595,29918595,77,31,0,144,144,10.0,1,1
5951,29918596,29918596,153,129,1,357,357,61.0,1,1
5952,29918603,29918603,120,122,1,75,75,32.0,1,1
5953,29918607,29918607,181,50,0,198,198,20.0,3,1
5954,29918612,29918612,162,47,0,344,344,8.0,3,1
5955,29918612,29918612,180,111,0,30,30,13.0,1,1
5956,29918624,29918624,176,41,0,197,197,10.0,3,1
5957,29918629,29918629,126,122,1,384,384,52.0,1,1
5958,29918630,29918630,112,127,0,35,35,34.0,1,1
5959,29918631,29918631,36,104,0,166,166,45.0,2,1
5960,29918631,29918631,159,131,1,215,215,5.0,3,1
5961,29918632,29918632,228,134,0,39,39,36.0,1,1
5962,29918632,29918632,225,135,1,39,39,58.0,1,1
5963,29918634,29918634,227,69,1,164,164,10.0,3,1
5964,29918635,29918635,154,129,1,37,37,58.0,2,1
5965,29918637,29918637,124,135,0,36,36,9.0,2,1
5966,29918637,29918637,230,138,0,87,87,18.0,1,1
5967,29918652,29918652,176,38,0,310,310,10.0,3,1
5968,29918653,29918653,147,127,1,357,357,17.0,1,1
5969,29918657,29918657,182,50,0,198,198,17.0,3,1
5970,29918658,29918658,122,0,0,458,458,1.0,2,1
5971,29918672,29918672,228,82,0,23,23,37.0,1,1
5972,29918673,29918673,84,42,0,10,10,17.0,2,1
5973,29918673,29918673,68,37,1,106,106,53.0,1,1
5974,29918675,29918675,26,107,1,165,165,17.0,2,1
5975,29918683,29918683,190,97,1,78,78,10.0,1,1
5976,29918684,29918684,236,132,0,176,176,13.0,1,1
5977,29918688,29918688,107,79,1,19,19,52.0,1,1
5978,29918692,29918692,123,122,1,-1,-1,nan,0,0
5979,29918699,29918699,135,124,1,324,324,45.0,1,1
5980,29918704,29918704,152,130,1,-1,-1,nan,0,0
5981,29918712,29918712,236,74,0,71,71,36.0,3,1
5982,29918713,29918713,155,128,1,37,37,40.0,2,1
5983,29918720,29918720,175,110,0,29,29,49.0,1,1
5984,29918733,29918733,117,134,0,35,35,8.0,2,1
5985,29918744,29918744,119,2,0,3,3,10.0,3,1
5986,29918749,29918749,82,23,0,2,2,16.0,2,1
5987,29918753,29918753,175,177,1,45,45,10.0,3,1
5988,29918758,29918758,121,1,0,458,458,1.0,3,1
5989,29918761,29918761,176,111,1,286,286,49.0,2,1
5990,29918768,29918768,184,115,0,30,30,37.0,1,1
5991,29918771,29918771,32,98,0,166,166,1.0,3,1
5992,29918773,29918773,103,9,0,145,145,17.0,1,1
5993,29918773,29918773,180,48,1,198,198,13.0,2,1
5994,29918785,29918785,233,128,1,39,39,25.0,3,1
5995,29918786,29918786,178,111,0,30,30,29.0,2,1
5996,29918792,29918792,72,22,1,50,50,5.0,3,1
5997,29918795,29918795,113,75,1,19,19,0.0,1,1
5998,29918805,29918805,228,130,1,39,39,4.0,1,1
5999,29918806,29918806,138,139,0,130,130,10.0,3,1
6000,29918806,29918806,235,139,1,87,87,8.0,2,1
6001,29918809,29918809,83,42,0,10,10,16.0,2,1
6002,29918812,29918812,135,126,1,324,324,61.0,1,1
6003,29918814,29918814,235,148,0,87,87,53.0,1,1
6004,29918815,29918815,170,179,1,45,45,5.0,2,1
6005,29918821,29918821,182,97,1,77,77,32.0,1,1
6006,29918825,29918825,233,129,1,39,39,26.0,3,1
6007,29918827,29918827,162,45,1,344,344,4.0,3,1
6008,29918833,29918833,232,67,1,118,118,5.0,3,1
6009,29918838,29918838,170,57,0,155,155,40.0,2,1
6010,29918864,29918864,27,92,0,72,72,17.0,3,1
6011,29918866,29918866,159,46,1,61,61,10.0,2,1
6012,29918866,29918866,160,46,1,61,61,13.0,2,1
6013,29918869,29918869,189,94,1,78,78,20.0,1,1
6014,29918874,29918874,65,31,1,106,106,32.0,1,1
6015,29918874,29918874,111,132,0,35,35,16.0,1,1
6016,29918884,29918884,152,128,1,357,357,41.0,1,1
6017,29918889,29918889,174,104,1,29,29,2.0,2,1
6018,29918893,29918893,122,121,1,75,75,45.0,1,1
6019,29918900,29918900,179,113,0,30,30,32.0,2,1
6020,29918905,29918905,114,123,0,75,75,29.0,1,1
6021,29918905,29918905,175,41,0,310,310,8.0,3,1
6022,29918907,29918907,181,178,1,139,139,34.0,1,1
6023,29918915,29918915,232,74,0,23,23,13.0,3,1
6024,29918918,29918918,171,39,1,310,310,4.0,5,1
6025,29918924,29918924,162,124,1,37,37,5.0,2,1
6026,29918925,29918925,234,149,0,-1,-1,nan,0,0
6027,29918929,29918929,108,94,0,27,27,45.0,1,1
6028,29918933,29918933,68,28,1,-1,-1,nan,0,0
6029,29918940,29918940,19,101,1,24,24,13.0,2,1
6030,29918945,29918945,152,142,0,254,254,17.0,2,1
6031,29918945,29918945,124,137,0,36,36,13.0,2,1
6032,29918946,29918946,155,141,0,85,85,25.0,2,1
6033,29918946,29918946,119,136,0,35,35,32.0,3,1
6034,29918948,29918948,177,111,0,30,30,40.0,2,1
6035,29918954,29918954,153,128,1,357,357,50.0,1,1
6036,29918954,29918954,231,128,1,39,39,9.0,2,1
6037,29918954,29918954,112,76,1,19,19,2.0,1,1
6038,29918956,29918956,229,67,1,118,118,8.0,4,1
6039,29918962,29918962,173,50,0,275,275,20.0,3,1
6040,29918969,29918969,181,177,1,139,139,25.0,1,1
6041,29918971,29918971,31,97,0,166,166,5.0,3,1
6042,29918977,29918977,138,124,1,324,324,18.0,1,1
6043,29918985,29918985,131,137,0,173,173,5.0,2,1
6044,29918996,29918996,175,178,1,45,45,9.0,2,1
6045,29919001,29919001,191,109,0,125,125,16.0,1,1
6046,29919002,29919002,113,129,0,35,35,13.0,1,1
6047,29919003,29919003,142,126,1,324,324,26.0,2,1
6048,29919022,29919022,140,140,0,130,130,17.0,3,1
6049,29919031,29919031,176,39,0,310,310,9.0,3,1
6050,29919044,29919044,236,139,1,87,87,13.0,2,1
6051,29919062,29919062,117,121,1,75,75,10.0,1,1
6052,29919064,29919064,180,177,1,139,139,20.0,1,1
6053,29919082,29919082,154,142,0,254,254,25.0,3,1
6054,29919082,29919082,123,136,0,36,36,17.0,2,1
6055,29919096,29919096,120,121,1,75,75,25.0,1,1
6056,29919098,29919098,121,0,0,458,458,2.0,2,1
6057,29919101,29919101,128,123,1,384,384,53.0,1,1
6058,29919106,29919106,229,128,1,39,39,1.0,2,1
6059,29919108,29919108,115,78,0,19,19,13.0,1,1
6060,29919110,29919110,174,49,0,275,275,18.0,3,1
6061,29919114,29919114,147,141,0,290,290,9.0,3,1
6062,29919116,29919116,98,90,0,67,67,18.0,1,1
6063,29919121,29919121,122,2,0,458,458,1.0,4,1
6064,29919121,29919121,21,101,1,24,24,9.0,2,1
6065,29919128,29919128,121,3,0,458,458,5.0,3,1
6066,29919135,29919135,227,71,1,164,164,10.0,3,1
6067,29919149,29919149,36,111,1,25,25,9.0,1,1
6068,29919152,29919152,86,37,0,10,10,10.0,1,1
6069,29919152,29919152,109,97,0,27,27,25.0,1,1
6070,29919152,29919152,181,97,1,77,77,25.0,1,1
6071,29919155,29919155,148,129,1,357,357,36.0,1,1
6072,29919161,29919161,173,49,0,275,275,13.0,3,1
6073,29919162,29919162,166,43,1,344,344,8.0,3,1
6074,29919165,29919165,138,126,1,324,324,34.0,1,1
6075,29919170,29919170,190,96,1,78,78,9.0,1,1
6076,29919170,29919170,115,133,0,35,35,1.0,1,1
6077,29919170,29919170,157,131,1,215,215,17.0,3,1
6078,29919172,29919172,143,128,1,357,357,50.0,2,1
6079,29919172,29919172,191,100,1,78,78,20.0,2,1
6080,29919173,29919173,81,25,0,2,2,13.0,2,1
6081,29919177,29919177,234,129,1,39,39,37.0,3,1
6082,29919186,29919186,157,130,1,215,215,20.0,2,1
6083,29919191,29919191,178,113,0,286,286,29.0,2,1
6084,29919193,29919193,73,21,1,50,50,5.0,3,1
6085,29919197,29919197,139,124,1,324,324,13.0,1,1
6086,29919203,29919203,233,76,0,23,23,16.0,2,1
6087,29919204,29919204,218,125,1,256,256,1.0,1,1
6088,29919207,29919207,174,179,1,45,45,5.0,2,1
6089,29919208,29919208,140,139,0,130,130,10.0,4,1
6090,29919212,29919212,114,2,1,3,3,5.0,1,1
6091,29919213,29919213,228,68,1,118,118,10.0,2,1
6092,29919216,29919216,128,137,0,36,36,5.0,3,1
6093,29919217,29919217,158,136,1,85,85,5.0,3,1
6094,29919218,29919218,179,98,1,77,77,26.0,3,1
6095,29919223,29919223,232,78,0,23,23,13.0,1,1
6096,29919229,29919229,32,103,0,166,166,26.0,1,1
6097,29919239,29919239,175,109,0,29,29,36.0,1,1
6098,29919240,29919240,177,38,0,310,310,17.0,3,1
6099,29919243,29919243,154,141,0,254,254,18.0,3,1
6100,29919260,29919260,25,92,0,112,112,16.0,2,1
6101,29919264,29919264,165,36,1,376,376,5.0,3,1
6102,29919264,29919264,26,91,0,112,112,10.0,2,1
6103,29919274,29919274,192,108,1,125,125,10.0,1,1
6104,29919288,29919288,234,130,1,39,39,40.0,2,1
6105,29919288,29919288,193,101,1,125,125,20.0,2,1
6106,29919289,29919289,94,88,0,67,67,2.0,1,1
6107,29919293,29919293,231,127,1,39,39,10.0,2,1
6108,29919296,29919296,119,135,1,35,35,25.0,3,1
6109,29919300,29919300,75,28,0,144,144,1.0,2,1
6110,29919301,29919301,134,139,0,173,173,10.0,3,1
6111,29919312,29919312,117,135,0,35,35,13.0,3,1
6112,29919312,29919312,112,77,1,19,19,5.0,1,1
6113,29919329,29919329,105,81,1,-1,-1,nan,0,0
6114,29919329,29919329,127,122,1,384,384,45.0,1,1
6115,29919331,29919331,234,67,1,71,71,5.0,3,1
6116,29919337,29919337,190,112,0,125,125,50.0,2,1
6117,29919337,29919337,228,81,0,23,23,26.0,1,1
6118,29919339,29919339,77,29,0,144,144,2.0,2,1
6119,29919342,29919342,156,142,0,85,85,25.0,3,1
6120,29919347,29919347,138,127,1,324,324,45.0,1,1
6121,29919357,29919357,153,130,1,-1,-1,nan,0,0
6122,29919362,29919362,84,35,0,10,10,10.0,1,1
6123,29919363,29919363,175,40,0,310,310,5.0,4,1
6124,29919365,29919365,148,127,1,357,357,16.0,1,1
6125,29919365,29919365,164,48,0,344,344,9.0,4,1
6126,29919367,29919367,34,112,1,25,25,26.0,1,1
6127,29919368,29919368,227,132,1,39,39,17.0,1,1
6128,29919368,29919368,151,128,1,357,357,34.0,1,1
6129,29919368,29919368,134,123,1,324,324,53.0,1,1
6130,29919371,29919371,230,84,0,-1,-1,nan,0,0
6131,29919383,29919383,31,114,1,165,165,45.0,1,1
6132,29919384,29919384,10,100,0,318,318,10.0,3,1
6133,29919384,29919384,79,27,0,144,144,10.0,2,1
6134,29919386,29919386,101,6,0,145,145,50.0,1,1
6135,29919387,29919387,177,35,1,109,109,20.0,2,1
6136,29919389,29919389,180,179,1,139,139,40.0,1,1
6137,29919398,29919398,230,126,1,39,39,8.0,2,1
6138,29919402,29919402,135,125,1,324,324,52.0,1,1
6139,29919404,29919404,152,143,0,254,254,26.0,2,1
6140,29919407,29919407,167,48,0,155,155,10.0,3,1
6141,29919413,29919413,128,136,0,36,36,2.0,3,1
6142,29919413,29919413,156,128,1,37,37,29.0,2,1
6143,29919414,29919414,174,109,0,29,29,37.0,1,1
6144,29919423,29919423,174,177,1,45,45,5.0,3,1
6145,29919424,29919424,100,84,1,67,67,34.0,1,1
6146,29919430,29919430,176,179,1,45,45,17.0,2,1
6147,29919433,29919433,132,137,0,173,173,2.0,4,1
6148,29919435,29919435,74,39,1,58,58,61.0,1,1
6149,29919442,29919442,182,115,0,30,30,37.0,2,1
6150,29919444,29919444,184,96,1,77,77,45.0,1,1
6151,29919444,29919444,188,96,1,78,78,25.0,1,1
6152,29919445,29919445,149,141,0,254,254,13.0,2,1
6153,29919445,29919445,185,112,0,30,30,13.0,1,1
6154,29919445,29919445,231,81,0,23,23,29.0,1,1
6155,29919445,29919445,229,83,0,23,23,49.0,1,1
6156,29919455,29919455,238,76,0,-1,-1,nan,0,0
6157,29919455,29919455,160,131,1,215,215,2.0,4,1
6158,29919470,29919470,187,96,1,78,78,36.0,1,1
6159,29919481,29919481,124,124,1,-1,-1,nan,0,0
6160,29919486,29919486,176,98,1,249,249,9.0,3,1
6161,29919486,29919486,189,98,1,78,78,20.0,2,1
6162,29919486,29919486,25,105,1,24,24,17.0,2,1
6163,29919486,29919486,102,81,1,-1,-1,nan,0,0
6164,29919490,29919490,113,1,1,3,3,9.0,1,1
6165,29919497,29919497,114,134,0,35,35,5.0,2,1
6166,29919499,29919499,168,38,1,376,376,10.0,4,1
6167,29919502,29919502,96,89,0,67,67,5.0,1,1
6168,29919509,29919509,129,124,1,-1,-1,nan,0,0
6169,29919512,29919512,163,34,1,13,13,8.0,3,1
6170,29919512,29919512,236,75,0,71,71,49.0,3,1
6171,29919517,29919517,176,97,1,249,249,10.0,3,1
6172,29919517,29919517,96,86,1,67,67,2.0,1,1
6173,29919522,29919522,139,127,1,324,324,40.0,1,1
6174,29919523,29919523,165,43,1,344,344,5.0,4,1
6175,29919533,29919533,190,98,1,78,78,13.0,2,1
6176,29919533,29919533,98,2,0,-1,-1,nan,0,0
6177,29919533,29919533,119,134,0,35,35,20.0,2,1
6178,29919535,29919535,130,137,0,173,173,10.0,2,1
6179,29919536,29919536,152,129,1,357,357,52.0,1,1
6180,29919536,29919536,132,123,1,384,384,53.0,1,1
6181,29919540,29919540,176,109,0,29,29,37.0,2,1
6182,29919542,29919542,228,70,1,118,118,10.0,3,1
6183,29919547,29919547,236,148,0,87,87,58.0,1,1
6184,29919548,29919548,228,136,0,87,87,50.0,1,1
6185,29919548,29919548,185,94,1,77,77,50.0,1,1
6186,29919553,29919553,185,114,1,30,30,29.0,1,1
6187,29919553,29919553,227,67,1,164,164,18.0,2,1
6188,29919557,29919557,30,99,0,166,166,10.0,2,1
6189,29919561,29919561,156,131,1,215,215,26.0,3,1
6190,29919564,29919564,229,68,1,118,118,5.0,4,1
6191,29919572,29919572,150,141,0,254,254,10.0,2,1
6192,29919572,29919572,179,179,1,139,139,37.0,2,1
6193,29919579,29919579,173,48,0,275,275,8.0,3,1
6194,29919582,29919582,175,43,0,197,197,5.0,3,1
6195,29919584,29919584,33,99,0,166,166,1.0,2,1
6196,29919584,29919584,177,49,0,197,197,25.0,3,1
6197,29919598,29919598,190,99,1,78,78,18.0,2,1
6198,29919602,29919602,236,135,1,176,176,4.0,2,1
6199,29919605,29919605,112,99,0,27,27,8.0,1,1
6200,29919613,29919613,139,139,0,130,130,9.0,4,1
6201,29919614,29919614,77,20,0,2,2,10.0,2,1
6202,29919618,29919618,226,134,1,39,39,40.0,1,1
6203,29919619,29919619,165,46,0,344,344,2.0,4,1
6204,29919620,29919620,180,50,0,198,198,25.0,3,1
6205,29919624,29919624,78,31,0,144,144,13.0,1,1
6206,29919625,29919625,225,75,1,23,23,17.0,2,1
6207,29919625,29919625,233,75,0,23,23,17.0,3,1
6208,29919626,29919626,173,177,1,45,45,2.0,3,1
6209,29919633,29919633,84,40,0,10,10,5.0,2,1
6210,29919643,29919643,236,145,1,87,87,25.0,1,1
6211,29919644,29919644,228,139,0,87,87,29.0,1,1
6212,29919645,29919645,31,96,0,166,166,8.0,3,1
6213,29919650,29919650,125,123,1,-1,-1,nan,0,0
6214,29919656,29919656,35,111,1,25,25,16.0,1,1
6215,29919667,29919667,172,179,1,45,45,1.0,1,1
6216,29919674,29919674,82,22,0,2,2,17.0,1,1
6217,29919679,29919679,82,45,0,58,58,9.0,2,1
6218,29919682,29919682,156,129,1,37,37,34.0,2,1
6219,29919684,29919684,183,179,1,46,46,61.0,2,1
6220,29919687,29919687,140,124,1,324,324,10.0,1,1
6221,29919701,29919701,231,84,0,-1,-1,nan,0,0
6222,29919706,29919706,120,1,0,458,458,4.0,3,1
6223,29919708,29919708,234,76,0,23,23,25.0,2,1
6224,29919708,29919708,181,95,1,77,77,13.0,1,1
6225,29919708,29919708,118,3,0,3,3,8.0,3,1
6226,29919710,29919710,186,93,1,78,78,58.0,1,1
6227,29919710,29919710,133,137,0,173,173,1.0,4,1
6228,29919718,29919718,112,131,0,35,35,10.0,1,1
6229,29919739,29919739,83,43,0,58,58,20.0,2,1
6230,29919749,29919749,82,40,0,10,10,5.0,2,1
6231,29919751,29919751,231,80,0,23,23,20.0,1,1
6232,29919754,29919754,173,38,1,310,310,1.0,4,1
6233,29919754,29919754,149,142,0,290,290,8.0,2,1
6234,29919757,29919757,237,71,1,71,71,10.0,2,1
6235,29919759,29919759,121,121,1,75,75,34.0,1,1
6236,29919761,29919761,122,136,1,388,388,25.0,2,1
6237,29919773,29919773,114,131,0,35,35,2.0,1,1
6238,29919775,29919775,179,46,1,197,197,8.0,2,1
6239,29919775,29919775,125,136,0,36,36,5.0,2,1
6240,29919775,29919775,179,48,0,197,197,20.0,2,1
6241,29919775,29919775,178,97,1,77,77,16.0,3,1
6242,29919778,29919778,102,82,1,-1,-1,nan,0,0
6243,29919794,29919794,229,139,0,87,87,20.0,1,1
6244,29919798,29919798,97,90,0,67,67,13.0,1,1
6245,29919800,29919800,229,148,0,47,47,41.0,1,1
6246,29919811,29919811,189,112,0,30,30,45.0,2,1
6247,29919816,29919816,142,127,1,324,324,37.0,2,1
6248,29919825,29919825,175,179,1,45,45,10.0,2,1
6249,29919825,29919825,236,76,0,23,23,49.0,1,1
6250,29919826,29919826,176,49,0,197,197,26.0,3,1
6251,29919830,29919830,178,99,1,29,29,25.0,3,1
6252,29919836,29919836,226,73,1,164,164,13.0,3,1
6253,29919836,29919836,81,33,0,10,10,29.0,2,1
6254,29919837,29919837,153,127,1,357,357,41.0,1,1
6255,29919837,29919837,155,127,1,37,37,37.0,2,1
6256,29919844,29919844,146,47,0,60,60,20.0,2,1
6257,29919845,29919845,79,32,0,144,144,25.0,2,1
6258,29919849,29919849,225,137,0,-1,-1,nan,0,0
6259,29919850,29919850,87,38,0,10,10,16.0,1,1
6260,29919851,29919851,69,26,1,50,50,40.0,2,1
6261,29919861,29919861,155,142,0,85,85,32.0,2,1
6262,29919861,29919861,238,75,0,71,71,53.0,1,1
6263,29919862,29919862,146,140,0,290,290,17.0,3,1
6264,29919866,29919866,182,179,1,139,139,52.0,1,1
6265,29919880,29919880,38,111,1,25,25,1.0,1,1
6266,29919881,29919881,163,35,1,13,13,13.0,3,1
6267,29919882,29919882,127,136,0,36,36,1.0,3,1
6268,29919883,29919883,85,37,0,10,10,5.0,1,1
6269,29919883,29919883,229,82,0,23,23,36.0,1,1
6270,29919897,29919897,180,114,0,286,286,32.0,2,1
6271,29919898,29919898,231,149,0,47,47,52.0,1,1
6272,29919900,29919900,104,81,1,-1,-1,nan,0,0
6273,29919907,29919907,233,71,0,118,118,8.0,3,1
6274,29919917,29919917,34,102,0,166,166,17.0,1,1
6275,29919921,29919921,160,132,1,215,215,1.0,4,1
6276,29919933,29919933,188,97,1,78,78,26.0,1,1
6277,29919934,29919934,86,39,0,10,10,10.0,1,1
6278,29919939,29919939,147,140,0,290,290,16.0,3,1
6279,29919942,29919942,236,146,1,87,87,34.0,1,1
6280,29919943,29919943,172,52,0,155,155,17.0,2,1
6281,29919944,29919944,237,75,0,71,71,50.0,1,1
6282,29919945,29919945,177,48,0,197,197,16.0,3,1
6283,29919953,29919953,187,113,0,30,30,32.0,1,1
6284,29919954,29919954,152,141,0,254,254,10.0,3,1
6285,29919959,29919959,186,112,0,30,30,18.0,1,1
6286,29919960,29919960,229,150,0,47,47,25.0,1,1
6287,29919964,29919964,151,142,0,254,254,16.0,2,1
6288,29919969,29919969,178,109,0,30,30,25.0,2,1
6289,29919978,29919978,137,139,0,130,130,13.0,3,1
6290,29919979,29919979,229,130,1,39,39,5.0,1,1
6291,29919986,29919986,75,18,1,50,50,20.0,2,1
6292,29919986,29919986,86,36,0,10,10,13.0,1,1
6293,29919989,29919989,177,37,0,310,310,20.0,3,1
6294,29919994,29919994,24,100,0,72,72,20.0,2,1
6295,29920000,29920000,29,93,0,72,72,18.0,4,1
6296,29920006,29920006,193,103,0,125,125,8.0,2,1
6297,29920016,29920016,182,96,1,77,77,25.0,1,1
6298,29920024,29920024,161,132,1,215,215,0.0,4,1
6299,29920031,29920031,228,137,0,87,87,41.0,1,1
6300,29920037,29920037,80,26,0,2,2,13.0,2,1
6301,29920039,29920039,65,35,1,106,106,16.0,1,1
6302,29920040,29920040,131,122,1,384,384,37.0,1,1
6303,29920047,29920047,26,108,1,165,165,10.0,2,1
6304,29920047,29920047,186,95,1,78,78,50.0,1,1
6305,29920060,29920060,177,99,1,249,249,17.0,3,1
6306,29920076,29920076,227,78,0,23,23,8.0,1,1
6307,29920080,29920080,176,45,1,197,197,2.0,4,1
6308,29920084,29920084,175,47,0,197,197,13.0,2,1
6309,29920087,29920087,172,39,1,310,310,1.0,5,1
6310,29920089,29920089,177,179,1,45,45,26.0,2,1
6311,29920094,29920094,162,134,1,215,215,5.0,2,1
6312,29920101,29920101,172,50,0,155,155,17.0,3,1
6313,29920104,29920104,113,133,0,35,35,5.0,1,1
6314,29920119,29920119,165,37,1,376,376,8.0,3,1
6315,29920125,29920125,161,47,0,344,344,13.0,2,1
6316,29920132,29920132,228,66,1,118,118,18.0,3,1
6317,29920135,29920135,232,128,1,39,39,16.0,3,1
6318,29920144,29920144,172,51,0,155,155,16.0,2,1
6319,29920156,29920156,150,127,1,357,357,20.0,1,1
6320,29920158,29920158,228,83,0,23,23,50.0,1,1
6321,29920160,29920160,230,129,1,39,39,5.0,1,1
6322,29920161,29920161,80,33,0,10,10,34.0,2,1
6323,29920165,29920165,179,177,1,139,139,17.0,2,1
6324,29920166,29920166,179,97,1,77,77,17.0,3,1
6325,29920173,29920173,157,129,1,37,37,25.0,2,1
6326,29920183,29920183,177,177,1,139,139,17.0,2,1
6327,29920184,29920184,183,115,0,30,30,36.0,2,1
6328,29920204,29920204,147,128,1,357,357,26.0,1,1
6329,29920222,29920222,186,113,0,30,30,25.0,1,1
6330,29920228,29920228,131,138,0,173,173,8.0,3,1
6331,29920228,29920228,130,124,1,-1,-1,nan,0,0
6332,29920240,29920240,132,138,0,173,173,5.0,4,1
6333,29920242,29920242,170,40,1,310,310,10.0,5,1
6334,29920245,29920245,188,94,1,78,78,29.0,1,1
6335,29920250,29920250,185,113,0,30,30,20.0,1,1
6336,29920252,29920252,148,141,0,290,290,10.0,3,1
6337,29920272,29920272,74,20,1,50,50,9.0,2,1
6338,29920277,29920277,151,126,1,357,357,18.0,1,1
6339,29920278,29920278,134,137,0,173,173,2.0,4,1
6340,29920288,29920288,173,179,1,45,45,2.0,2,1
6341,29920304,29920304,235,130,1,176,176,34.0,3,1
6342,29920305,29920305,106,80,1,-1,-1,nan,0,0
6343,29920315,29920315,129,136,0,36,36,5.0,2,1
6344,29920320,29920320,111,77,1,19,19,8.0,1,1
6345,29920320,29920320,178,178,1,139,139,25.0,2,1
6346,29920334,29920334,81,21,0,2,2,13.0,1,1
6347,29920348,29920348,182,178,1,139,139,41.0,1,1
6348,29920349,29920349,230,150,0,47,47,34.0,1,1
6349,29920356,29920356,146,128,1,357,357,29.0,1,1
6350,29920356,29920356,219,132,1,-1,-1,nan,0,0
6351,29920358,29920358,78,28,0,144,144,4.0,2,1
6352,29920359,29920359,165,34,1,376,376,5.0,3,1
6353,29920374,29920374,165,48,0,344,344,10.0,3,1
6354,29920376,29920376,107,96,0,27,27,50.0,1,1
6355,29920377,29920377,127,137,0,36,36,4.0,3,1
6356,29920391,29920391,119,3,0,3,3,13.0,3,1
6357,29920391,29920391,28,92,0,72,72,20.0,4,1
6358,29920391,29920391,178,179,1,139,139,36.0,2,1
6359,29920396,29920396,175,42,0,197,197,8.0,3,1
6360,29920403,29920403,160,134,1,215,215,5.0,2,1
6361,29920412,29920412,120,123,1,75,75,41.0,1,1
6362,29920412,29920412,136,138,0,130,130,13.0,3,1
6363,29920418,29920418,106,95,0,-1,-1,nan,0,0
6364,29920428,29920428,35,104,0,166,166,40.0,1,1
6365,29920431,29920431,66,34,1,106,106,26.0,1,1
6366,29920433,29920433,103,92,0,-1,-1,nan,0,0
6367,29920438,29920438,179,50,0,198,198,32.0,2,1
6368,29920452,29920452,186,96,1,78,78,49.0,1,1
6369,29920457,29920457,230,67,1,118,118,5.0,4,1
6370,29920482,29920482,122,1,0,458,458,0.0,4,1
6371,29920484,29920484,71,24,1,50,50,16.0,3,1
6372,29920504,29920504,127,123,1,384,384,58.0,1,1
6373,29920505,29920505,180,178,1,139,139,29.0,1,1
6374,29920508,29920508,237,131,1,176,176,17.0,1,1
6375,29920510,29920510,78,29,0,144,144,5.0,2,1
6376,29920513,29920513,63,33,1,106,106,8.0,2,1
6377,29920515,29920515,192,101,1,125,125,17.0,2,1
6378,29920520,29920520,231,77,0,23,23,5.0,1,1
6379,29920521,29920521,21,100,1,24,24,16.0,2,1
6380,29920523,29920523,232,76,0,23,23,9.0,2,1
6381,29920526,29920526,174,38,1,310,310,2.0,4,1
6382,29920531,29920531,113,134,0,35,35,8.0,2,1
6383,29920535,29920535,231,83,1,23,23,53.0,1,1
6384,29920547,29920547,171,55,0,155,155,25.0,1,1
6385,29920547,29920547,232,149,0,-1,-1,nan,0,0
6386,29920557,29920557,171,40,1,310,310,5.0,5,1
6387,29920562,29920562,230,147,0,87,87,45.0,2,1
6388,29920562,29920562,231,150,1,47,47,45.0,1,1
6389,29920562,29920562,236,69,1,71,71,1.0,3,1
6390,29920565,29920565,133,126,1,-1,-1,nan,0,0
6391,29920578,29920578,154,128,1,37,37,53.0,2,1
6392,29920585,29920585,192,107,0,125,125,5.0,1,1
6393,29920588,29920588,144,140,0,290,290,25.0,5,1
6394,29920588,29920588,164,47,0,344,344,4.0,4,1
6395,29920592,29920592,79,25,0,2,2,5.0,2,1
6396,29920597,29920597,233,149,0,-1,-1,nan,0,0
6397,29920602,29920602,86,38,0,10,10,9.0,1,1
6398,29920603,29920603,156,143,0,85,85,34.0,3,1
6399,29920605,29920605,183,95,1,77,77,29.0,1,1
6400,29920608,29920608,121,136,0,388,388,26.0,4,1
6401,29920612,29920612,230,68,1,118,118,2.0,4,1
6402,29920613,29920613,102,91,0,-1,-1,nan,0,0
6403,29920617,29920617,137,125,1,324,324,32.0,1,1
6404,29920618,29920618,238,77,0,-1,-1,nan,0,0
6405,29920632,29920632,146,127,1,357,357,20.0,2,1
6406,29920632,29920632,151,127,1,357,357,25.0,1,1
6407,29920637,29920637,125,124,1,-1,-1,nan,0,0
6408,29920650,29920650,163,48,0,344,344,10.0,3,1
6409,29920655,29920655,83,35,0,10,10,9.0,1,1
6410,29920665,29920665,39,106,0,25,25,25.0,1,1
6411,29920668,29920668,229,136,0,87,87,41.0,1,1
6412,29920675,29920675,66,31,1,106,106,41.0,1,1
6413,29920677,29920677,178,177,1,139,139,16.0,2,1
6414,29920677,29920677,104,10,0,145,145,13.0,1,1
6415,29920678,29920678,81,44,0,58,58,5.0,2,1
6416,29920683,29920683,233,67,1,118,118,8.0,3,1
6417,29920691,29920691,141,139,0,130,130,13.0,4,1
6418,29920693,29920693,79,20,0,2,2,10.0,1,1
6419,29920694,29920694,192,106,0,125,125,2.0,1,1
6420,29920694,29920694,30,114,1,165,165,34.0,1,1
6421,29920700,29920700,142,128,1,324,324,50.0,2,1
6422,29920703,29920703,112,1,1,3,3,16.0,1,1
6423,29920705,29920705,231,85,0,-1,-1,nan,0,0
6424,29920706,29920706,152,127,1,357,357,32.0,1,1
6425,29920711,29920711,164,35,1,376,376,9.0,3,1
6426,29920717,29920717,180,49,0,198,198,18.0,3,1
6427,29920717,29920717,232,80,0,23,23,25.0,1,1
6428,29920719,29920719,113,74,1,19,19,1.0,1,1
6429,29920729,29920729,226,137,0,-1,-1,nan,0,0
6430,29920731,29920731,176,48,0,197,197,17.0,3,1
6431,29920746,29920746,137,126,1,324,324,41.0,1,1
6432,29920758,29920758,80,25,0,2,2,8.0,2,1
6433,29920758,29920758,80,24,0,2,2,5.0,2,1
6434,29920763,29920763,231,82,0,23,23,40.0,1,1
6435,29920770,29920770,120,136,0,388,388,29.0,4,1
6436,29920770,29920770,8,100,0,283,283,5.0,3,1
6437,29920771,29920771,163,47,0,344,344,5.0,3,1
6438,29920775,29920775,191,111,1,125,125,36.0,1,1
6439,29920780,29920780,164,37,1,237,237,10.0,3,1
6440,29920781,29920781,133,138,0,173,173,4.0,4,1
6441,29920788,29920788,237,132,0,176,176,10.0,1,1
6442,29920796,29920796,148,142,0,290,290,5.0,3,1
6443,29920803,29920803,24,103,1,24,24,10.0,2,1
6444,29920804,29920804,173,108,0,29,29,29.0,1,1
6445,29920804,29920804,175,49,0,275,275,25.0,3,1
6446,29920804,29920804,123,135,0,36,36,16.0,2,1
6447,29920811,29920811,115,81,0,19,19,40.0,2,1
6448,29920812,29920812,188,112,0,30,30,34.0,2,1
6449,29920814,29920814,235,148,0,87,87,53.0,1,1
6450,29920825,29920825,121,2,0,458,458,2.0,3,1
6451,29920838,29920838,150,128,1,357,357,29.0,1,1
6452,29920840,29920840,24,104,1,24,24,9.0,2,1
6453,29920845,29920845,146,141,0,290,290,10.0,3,1
6454,29920847,29920847,136,139,0,253,253,17.0,3,1
6455,29920848,29920848,237,76,0,-1,-1,nan,0,0
6456,29920850,29920850,227,136,0,87,87,61.0,1,1
6457,29920856,29920856,238,73,0,71,71,29.0,1,1
6458,29920863,29920863,218,143,0,-1,-1,nan,0,0
6459,29920871,29920871,126,136,0,36,36,2.0,3,1
6460,29920873,29920873,110,96,0,27,27,17.0,1,1
6461,29920873,29920873,174,47,0,275,275,10.0,3,1
6462,29920874,29920874,118,135,0,35,35,18.0,3,1
6463,29920883,29920883,226,71,1,164,164,5.0,3,1
6464,29920890,29920890,79,45,1,58,58,0.0,1,1
6465,29920890,29920890,171,56,0,155,155,34.0,1,1
6466,29920892,29920892,226,133,1,39,39,29.0,1,1
6467,29920895,29920895,121,123,1,75,75,50.0,1,1
6468,29920900,29920900,122,123,1,75,75,61.0,1,1
6469,29920901,29920901,141,140,0,130,130,20.0,4,1
6470,29920902,29920902,135,122,1,324,324,37.0,2,1
6471,29920907,29920907,226,70,1,164,164,4.0,3,1
6472,29920909,29920909,140,126,1,324,324,26.0,1,1
6473,29920919,29920919,228,129,1,39,39,1.0,1,1
6474,29920921,29920921,120,135,0,35,35,34.0,4,1
6475,29920925,29920925,110,97,0,27,27,16.0,1,1
6476,29920927,29920927,142,141,0,84,84,25.0,4,1
6477,29920927,29920927,132,124,1,-1,-1,nan,0,0
6478,29920937,29920937,180,113,0,30,30,25.0,2,1
6479,29920942,29920942,176,178,1,45,45,16.0,2,1
6480,29920943,29920943,192,105,0,125,125,1.0,1,1
6481,29920951,29920951,141,128,1,324,324,49.0,1,1
6482,29920958,29920958,176,108,0,29,29,26.0,2,1
6483,29920968,29920968,113,99,0,27,27,5.0,1,1
6484,29920968,29920968,179,114,0,286,286,25.0,2,1
6485,29920974,29920974,78,19,0,2,2,16.0,2,1
6486,29920979,29920979,108,79,1,19,19,41.0,1,1
6487,29920986,29920986,181,96,1,77,77,18.0,1,1
6488,29920992,29920992,24,93,0,72,72,13.0,3,1
6489,29920994,29920994,235,132,0,176,176,18.0,1,1
6490,29920997,29920997,173,39,1,310,310,0.0,5,1
6491,29921005,29921005,176,41,0,197,197,10.0,3,1
6492,29921010,29921010,190,100,1,78,78,25.0,2,1
6493,29921014,29921014,174,178,1,45,45,4.0,2,1
6494,29921020,29921020,128,124,1,-1,-1,nan,0,0
6495,29921030,29921030,119,4,0,3,3,18.0,3,1
6496,29921030,29921030,228,142,0,87,87,26.0,1,1
6497,29921030,29921030,184,113,0,30,30,17.0,1,1
6498,29921043,29921043,133,124,1,-1,-1,nan,0,0
6499,29921046,29921046,227,70,1,164,164,9.0,3,1
6500,29921054,29921054,230,82,1,23,23,37.0,1,1
6501,29921054,29921054,161,48,0,344,344,18.0,3,1
6502,29921054,29921054,162,48,0,344,344,13.0,3,1
6503,29921055,29921055,129,125,1,-1,-1,nan,0,0
6504,29921056,29921056,164,44,1,344,344,1.0,4,1
6505,29921060,29921060,141,126,1,324,324,25.0,2,1
6506,29921061,29921061,166,36,1,376,376,2.0,5,1
6507,29921063,29921063,191,97,1,78,78,5.0,1,1
6508,29921072,29921072,133,125,1,-1,-1,nan,0,0
6509,29921077,29921077,155,129,1,37,37,45.0,2,1
6510,29921084,29921084,145,124,1,357,357,10.0,2,1
6511,29921092,29921092,122,2,0,458,458,1.0,4,1
6512,29921096,29921096,230,83,0,23,23,50.0,1,1
6513,29921101,29921101,178,50,0,197,197,37.0,2,1
6514,29921101,29921101,227,133,1,39,39,26.0,1,1
6515,29921113,29921113,142,140,0,130,130,25.0,4,1
6516,29921133,29921133,111,96,0,27,27,10.0,1,1
6517,29921146,29921146,9,100,0,283,283,8.0,3,1
6518,29921154,29921154,180,98,1,77,77,29.0,3,1
6519,29921168,29921168,230,146,1,87,87,34.0,1,1
6520,29921169,29921169,178,112,0,30,30,34.0,2,1
6521,29921175,29921175,232,129,1,39,39,17.0,1,1
6522,29921178,29921178,177,36,1,109,109,25.0,2,1
6523,29921180,29921180,228,132,1,39,39,16.0,1,1
6524,29921180,29921180,188,113,0,30,30,41.0,1,1
6525,29921190,29921190,230,85,0,-1,-1,nan,0,0
6526,29921192,29921192,116,135,0,35,35,10.0,2,1
6527,29921197,29921197,234,148,0,87,87,50.0,1,1
6528,29921197,29921197,29,114,1,165,165,25.0,2,1
6529,29921197,29921197,186,114,0,30,30,34.0,1,1
6530,29921198,29921198,136,125,1,324,324,41.0,1,1
6531,29921199,29921199,231,67,1,118,118,4.0,4,1
6532,29921205,29921205,118,123,1,75,75,29.0,1,1
6533,29921205,29921205,99,3,0,-1,-1,nan,0,0
6534,29921214,29921214,100,90,0,67,67,34.0,1,1
6535,29921218,29921218,165,44,1,344,344,2.0,5,1
6536,29921226,29921226,150,142,0,290,290,13.0,2,1
6537,29921241,29921241,185,96,1,77,77,58.0,1,1
6538,29921242,29921242,220,50,0,157,157,37.0,3,1
6539,29921244,29921244,67,29,1,-1,-1,nan,0,0
6540,29921247,29921247,114,135,0,35,35,10.0,2,1
6541,29921249,29921249,134,138,0,173,173,5.0,4,1
6542,29921249,29921249,27,93,0,72,72,10.0,4,1
6543,29921251,29921251,165,40,1,237,237,20.0,4,1
6544,29921255,29921255,84,42,0,10,10,17.0,2,1
6545,29921262,29921262,225,76,1,23,23,16.0,2,1
6546,29921271,29921271,238,74,0,71,71,40.0,1,1
6547,29921272,29921272,100,83,1,67,67,41.0,1,1
6548,29921274,29921274,151,130,1,357,357,58.0,1,1
6549,29921276,29921276,72,21,1,50,50,2.0,2,1
6550,29921277,29921277,176,177,1,45,45,17.0,2,1
6551,29921277,29921277,175,102,1,29,29,1.0,2,1
6552,29921282,29921282,229,129,1,39,39,2.0,1,1
6553,29921292,29921292,234,149,0,-1,-1,nan,0,0
6554,29921292,29921292,137,138,0,130,130,8.0,3,1
6555,29921297,29921297,85,39,0,10,10,5.0,1,1
6556,29921311,29921311,116,133,0,35,35,2.0,1,1
6557,29921314,29921314,219,148,0,47,47,61.0,1,1
6558,29921314,29921314,235,76,0,23,23,36.0,1,1
6559,29921316,29921316,169,39,1,310,310,16.0,5,1
6560,29921319,29921319,114,75,1,19,19,1.0,1,1
6561,29921331,29921331,115,79,0,19,19,20.0,1,1
6562,29921332,29921332,145,140,0,290,290,20.0,4,1
6563,29921334,29921334,97,89,0,67,67,8.0,1,1
6564,29921348,29921348,166,48,0,155,155,13.0,3,1
6565,29921349,29921349,77,27,0,144,144,2.0,2,1
6566,29921350,29921350,116,134,0,35,35,5.0,2,1
6567,29921350,29921350,147,129,1,357,357,37.0,1,1
6568,29921353,29921353,191,110,0,125,125,25.0,1,1
6569,29921358,29921358,28,97,0,72,72,5.0,2,1
6570,29921358,29921358,181,115,0,286,286,34.0,2,1
6571,29921359,29921359,156,130,1,215,215,29.0,2,1
6572,29921360,29921360,172,53,0,155,155,20.0,2,1
6573,29921360,29921360,189,92,1,78,78,32.0,1,1
6574,29921362,29921362,227,69,1,164,164,10.0,3,1
6575,29921364,29921364,79,28,0,144,144,9.0,2,1
6576,29921365,29921365,27,111,1,165,165,4.0,2,1
6577,29921365,29921365,174,122,0,286,286,20.0,1,1
6578,29921369,29921369,235,149,0,-1,-1,nan,0,0
6579,29921369,29921369,175,110,0,29,29,49.0,1,1
6580,29921373,29921373,162,33,1,13,13,2.0,4,1
6581,29921377,29921377,181,50,0,198,198,20.0,3,1
6582,29921378,29921378,153,142,0,254,254,20.0,3,1
6583,29921393,29921393,177,98,1,249,249,16.0,3,1
6584,29921405,29921405,176,40,0,310,310,10.0,4,1
6585,29921413,29921413,163,45,1,344,344,1.0,4,1
6586,29921414,29921414,235,68,1,71,71,1.0,3,1
6587,29921421,29921421,84,39,0,10,10,2.0,2,1
6588,29921427,29921427,237,77,0,-1,-1,nan,0,0
6589,29921427,29921427,228,67,1,118,118,13.0,2,1
6590,29921429,29921429,178,110,0,30,30,26.0,2,1
6591,29921432,29921432,65,32,1,106,106,25.0,1,1
6592,29921437,29921437,102,83,1,-1,-1,nan,0,0
6593,29921444,29921444,101,83,1,67,67,52.0,1,1
6594,29921450,29921450,82,23,0,2,2,16.0,2,1
6595,29921457,29921457,233,76,0,23,23,16.0,2,1
6596,29921458,29921458,227,82,0,23,23,40.0,1,1
6597,29921462,29921462,134,126,1,-1,-1,nan,0,0
6598,29921473,29921473,235,133,0,176,176,13.0,1,1
6599,29921476,29921476,151,141,0,254,254,9.0,2,1
6600,29921481,29921481,232,150,0,47,47,58.0,2,1
6601,29921486,29921486,184,114,0,30,30,26.0,1,1
6602,29921497,29921497,230,127,1,39,39,5.0,2,1
6603,29921504,29921504,143,139,0,130,130,25.0,4,1
6604,29921506,29921506,164,46,0,344,344,1.0,4,1
6605,29921513,29921513,26,76,0,240,240,4.0,4,1
6606,29921514,29921514,235,138,1,87,87,13.0,2,1
6607,29921519,29921519,82,24,0,2,2,17.0,2,1
6608,29921524,29921524,233,129,1,39,39,26.0,3,1
6609,29921525,29921525,180,95,1,77,77,8.0,2,1
6610,29921528,29921528,178,98,1,77,77,25.0,3,1
6611,29921530,29921530,121,135,0,36,36,36.0,3,1
6612,29921538,29921538,168,47,0,275,275,10.0,3,1
6613,29921539,29921539,220,141,1,-1,-1,nan,0,0
6614,29921539,29921539,177,39,0,310,310,16.0,3,1
6615,29921540,29921540,142,139,1,130,130,18.0,4,1
6616,29921548,29921548,130,123,1,384,384,49.0,1,1
6617,29921550,29921550,226,72,1,164,164,8.0,3,1
6618,29921555,29921555,25,106,1,24,24,20.0,2,1
6619,29921555,29921555,132,125,1,-1,-1,nan,0,0
6620,29921561,29921561,184,95,1,77,77,40.0,1,1
6621,29921568,29921568,176,37,1,310,310,13.0,3,1
6622,29921569,29921569,85,41,0,10,10,13.0,2,1
6623,29921575,29921575,183,114,0,30,30,25.0,1,1
6624,29921576,29921576,227,131,1,39,39,10.0,1,1
6625,29921579,29921579,71,38,1,-1,-1,nan,0,0
6626,29921583,29921583,172,54,0,155,155,25.0,1,1
6627,29921588,29921588,180,115,0,286,286,25.0,2,1
6628,29921588,29921588,135,138,0,173,173,8.0,3,1
6629,29921592,29921592,176,100,1,29,29,10.0,3,1
6630,29921597,29921597,110,77,1,19,19,13.0,1,1
6631,29921597,29921597,173,51,0,155,155,25.0,2,1
6632,29921597,29921597,177,46,1,197,197,4.0,3,1
6633,29921600,29921600,143,127,1,324,324,40.0,2,1
6634,29921611,29921611,190,112,1,125,125,50.0,2,1
6635,29921611,29921611,118,2,0,3,3,5.0,3,1
6636,29921612,29921612,177,112,0,286,286,37.0,2,1
6637,29921626,29921626,234,68,1,71,71,4.0,3,1
6638,29921656,29921656,227,72,1,164,164,13.0,3,1
6639,29921656,29921656,67,35,1,106,106,36.0,1,1
6640,29921663,29921663,229,149,0,47,47,32.0,1,1
6641,29921668,29921668,110,78,1,19,19,18.0,1,1
6642,29921672,29921672,38,106,0,25,25,26.0,1,1
6643,29921674,29921674,228,84,0,-1,-1,nan,0,0
6644,29921679,29921679,227,137,0,87,87,52.0,1,1
6645,29921679,29921679,135,123,1,324,324,40.0,1,1
6646,29921684,29921684,236,148,0,87,87,58.0,1,1
6647,29921686,29921686,102,7,0,145,145,36.0,1,1
6648,29921687,29921687,84,41,0,10,10,10.0,2,1
6649,29921693,29921693,173,50,0,275,275,20.0,3,1
6650,29921694,29921694,167,46,0,344,344,10.0,3,1
6651,29921702,29921702,37,109,1,25,25,8.0,1,1
6652,29921703,29921703,228,141,0,87,87,25.0,1,1
6653,29921704,29921704,147,135,0,254,254,25.0,1,1
6654,29921712,29921712,232,151,0,184,184,45.0,2,1
6655,29921712,29921712,70,25,1,50,50,26.0,2,1
6656,29921713,29921713,76,27,0,144,144,1.0,2,1
6657,29921718,29921718,232,67,1,118,118,5.0,3,1
6658,29921719,29921719,155,143,0,85,85,41.0,3,1
6659,29921740,29921740,174,49,0,275,275,18.0,3,1
6660,29921741,29921741,229,69,1,118,118,4.0,4,1
6661,29921750,29921750,124,136,0,36,36,10.0,2,1
6662,29921750,29921750,184,115,0,30,30,37.0,1,1
6663,29921750,29921750,191,101,1,125,125,16.0,2,1
6664,29921751,29921751,228,130,1,39,39,4.0,1,1
6665,29921751,29921751,148,140,0,254,254,13.0,2,1
6666,29921751,29921751,220,155,0,365,365,4.0,3,1
6667,29921758,29921758,183,97,1,77,77,41.0,1,1
6668,29921758,29921758,187,97,1,78,78,37.0,1,1
6669,29921770,29921770,229,84,0,-1,-1,nan,0,0
6670,29921792,29921792,154,131,1,215,215,50.0,2,1
6671,29921802,29921802,176,110,0,29,29,50.0,2,1
6672,29921802,29921802,163,61,0,407,407,9.0,2,1
6673,29921803,29921803,115,134,0,35,35,4.0,2,1
6674,29921805,29921805,236,77,0,23,23,50.0,1,1
6675,29921808,29921808,230,151,0,47,47,29.0,2,1
6676,29921815,29921815,177,178,1,45,45,25.0,2,1
6677,29921821,29921821,145,127,1,357,357,25.0,2,1
6678,29921828,29921828,228,69,1,118,118,9.0,3,1
6679,29921831,29921831,182,114,0,30,30,26.0,2,1
6680,29921839,29921839,145,141,0,290,290,13.0,4,1
6681,29921853,29921853,179,110,0,30,30,17.0,1,1
6682,29921864,29921864,114,100,0,27,27,9.0,2,1
6683,29921866,29921866,147,141,0,290,290,9.0,3,1
6684,29921869,29921869,171,38,1,310,310,5.0,3,1
6685,29921875,29921875,135,136,0,173,173,4.0,3,1
6686,29921880,29921880,146,129,1,357,357,40.0,1,1
6687,29921884,29921884,137,127,1,324,324,52.0,1,1
6688,29921887,29921887,103,82,1,-1,-1,nan,0,0
6689,29921890,29921890,34,115,1,25,25,41.0,1,1
6690,29921890,29921890,172,40,1,310,310,2.0,5,1
6691,29921900,29921900,28,91,0,112,112,18.0,3,1
6692,29921910,29921910,145,139,0,290,290,29.0,4,1
6693,29921913,29921913,141,127,1,324,324,36.0,1,1
6694,29921913,29921913,69,27,1,144,144,50.0,2,1
6695,29921920,29921920,191,109,0,125,125,16.0,1,1
6696,29921926,29921926,109,78,1,19,19,25.0,1,1
6697,29921931,29921931,233,130,1,39,39,29.0,2,1
6698,29921941,29921941,232,75,0,23,23,10.0,2,1
6699,29921951,29921951,178,36,0,109,109,34.0,3,1
6700,29921954,29921954,74,40,1,58,58,50.0,1,1
6701,29921957,29921957,226,74,1,23,23,13.0,3,1
6702,29921959,29921959,30,94,0,72,72,20.0,4,1
6703,29921961,29921961,68,28,1,-1,-1,nan,0,0
6704,29921965,29921965,228,140,0,87,87,26.0,1,1
6705,29921967,29921967,189,96,1,78,78,16.0,1,1
6706,29921971,29921971,109,95,0,27,27,29.0,1,1
6707,29921972,29921972,120,134,0,35,35,29.0,3,1
6708,29921972,29921972,185,179,1,46,46,41.0,1,1
6709,29921975,29921975,181,178,1,139,139,34.0,1,1
6710,29921977,29921977,126,137,0,36,36,5.0,3,1
6711,29921977,29921977,35,105,0,25,25,52.0,2,1
6712,29921977,29921977,175,38,1,310,310,5.0,3,1
6713,29921985,29921985,180,97,1,77,77,20.0,3,1
6714,29921986,29921986,95,89,0,67,67,4.0,1,1
6715,29921986,29921986,120,4,0,458,458,13.0,3,1
6716,29921987,29921987,186,94,1,78,78,53.0,1,1
6717,29921988,29921988,165,35,1,376,376,4.0,3,1
6718,29921993,29921993,160,48,0,344,344,25.0,2,1
6719,29922007,29922007,83,44,0,58,58,17.0,2,1
6720,29922019,29922019,107,80,1,19,19,61.0,1,1
6721,29922019,29922019,121,3,0,458,458,5.0,3,1
6722,29922019,29922019,118,4,0,3,3,13.0,3,1
6723,29922024,29922024,67,36,1,106,106,37.0,1,1
6724,29922032,29922032,111,98,0,27,27,10.0,1,1
6725,29922034,29922034,190,111,0,125,125,37.0,2,1
6726,29922034,29922034,166,39,1,376,376,17.0,4,1
6727,29922041,29922041,162,45,1,344,344,4.0,3,1
6728,29922044,29922044,122,122,1,75,75,52.0,1,1
6729,29922055,29922055,161,46,1,344,344,10.0,2,1
6730,29922055,29922055,177,38,0,310,310,17.0,3,1
6731,29922065,29922065,189,99,1,78,78,25.0,2,1
6732,29922075,29922075,117,122,1,75,75,17.0,1,1
6733,29922083,29922083,172,178,1,45,45,0.0,2,1
6734,29922084,29922084,151,129,1,357,357,45.0,1,1
6735,29922085,29922085,171,179,1,45,45,2.0,2,1
6736,29922099,29922099,150,129,1,357,357,40.0,1,1
6737,29922101,29922101,136,127,1,324,324,61.0,1,1
6738,29922116,29922116,23,94,0,72,72,13.0,3,1
6739,29922121,29922121,156,144,0,131,131,40.0,3,1
6740,29922122,29922122,78,30,0,144,144,8.0,2,1
6741,29922126,29922126,73,21,1,50,50,5.0,3,1
6742,29922144,29922144,236,131,1,176,176,20.0,1,1
6743,29922145,29922145,179,49,0,198,198,25.0,2,1
6744,29922155,29922155,158,130,1,215,215,13.0,2,1
6745,29922163,29922163,96,88,0,67,67,2.0,1,1
6746,29922175,29922175,109,96,0,27,27,26.0,1,1
6747,29922180,29922180,173,49,0,275,275,13.0,3,1
6748,29922181,29922181,138,139,0,130,130,10.0,3,1
6749,29922183,29922183,175,43,0,197,197,5.0,3,1
6750,29922187,29922187,172,38,1,310,310,2.0,4,1
6751,29922204,29922204,236,132,0,176,176,13.0,1,1
6752,29922209,29922209,97,0,0,-1,-1,nan,0,0
6753,29922214,29922214,178,113,0,286,286,29.0,2,1
6754,29922223,29922223,188,98,1,78,78,29.0,2,1
6755,29922224,29922224,144,128,1,357,357,41.0,2,1
6756,29922224,29922224,154,140,0,254,254,13.0,2,1
6757,29922230,29922230,159,130,1,215,215,8.0,3,1
6758,29922240,29922240,86,40,0,10,10,13.0,1,1
6759,29922240,29922240,180,176,1,139,139,13.0,1,1
6760,29922240,29922240,230,84,0,-1,-1,nan,0,0
6761,29922256,29922256,72,23,1,50,50,10.0,3,1
6762,29922261,29922261,117,135,0,35,35,13.0,3,1
6763,29922263,29922263,76,18,0,2,2,29.0,2,1
6764,29922264,29922264,87,38,0,10,10,16.0,1,1
6765,29922276,29922276,229,131,1,39,39,10.0,1,1
6766,29922276,29922276,238,76,0,-1,-1,nan,0,0
6767,29922283,29922283,174,109,0,29,29,37.0,1,1
6768,29922284,29922284,131,125,1,-1,-1,nan,0,0
6769,29922284,29922284,176,111,0,286,286,49.0,2,1
6770,29922291,29922291,85,36,0,10,10,8.0,1,1
6771,29922297,29922297,114,84,0,115,115,50.0,1,1
6772,29922299,29922299,118,134,0,35,35,13.0,2,1
6773,29922304,29922304,113,130,0,35,35,8.0,1,1
6774,29922305,29922305,82,45,0,58,58,9.0,2,1
6775,29922311,29922311,143,140,0,130,130,32.0,4,1
6776,29922312,29922312,220,156,0,365,365,1.0,3,1
6777,29922314,29922314,128,125,1,-1,-1,nan,0,0
6778,29922319,29922319,235,140,1,87,87,5.0,2,1
6779,29922320,29922320,64,34,1,106,106,10.0,1,1
6780,29922320,29922320,104,93,0,-1,-1,nan,0,0
6781,29922321,29922321,234,75,0,23,23,26.0,3,1
6782,29922321,29922321,235,75,0,23,23,37.0,3,1
6783,29922321,29922321,131,138,0,173,173,8.0,3,1
6784,29922335,29922335,185,95,1,77,77,53.0,1,1
6785,29922347,29922347,30,96,0,166,166,13.0,3,1
6786,29922351,29922351,128,137,0,36,36,5.0,3,1
6787,29922353,29922353,231,84,0,-1,-1,nan,0,0
6788,29922358,29922358,229,68,1,118,118,5.0,4,1
6789,29922361,29922361,23,95,0,72,72,10.0,2,1
6790,29922363,29922363,69,37,1,-1,-1,nan,0,0
6791,29922363,29922363,236,130,1,176,176,29.0,2,1
6792,29922371,29922371,160,130,1,215,215,5.0,3,1
6793,29922372,29922372,176,39,0,310,310,9.0,3,1
6794,29922383,29922383,80,27,0,144,144,17.0,2,1
6795,29922386,29922386,177,109,0,30,30,36.0,2,1
6796,29922387,29922387,129,137,0,36,36,8.0,2,1
6797,29922388,29922388,32,96,0,166,166,5.0,3,1
6798,29922388,29922388,159,47,1,61,61,17.0,2,1
6799,29922392,29922392,175,177,1,45,45,10.0,3,1
6800,29922393,29922393,112,97,0,27,27,4.0,1,1
6801,29922404,29922404,229,128,1,39,39,1.0,2,1
6802,29922417,29922417,229,138,0,87,87,25.0,1,1
6803,29922424,29922424,232,68,1,118,118,2.0,3,1
6804,29922425,29922425,175,37,1,310,310,8.0,3,1
6805,29922436,29922436,82,44,0,58,58,10.0,2,1
6806,29922441,29922441,143,141,0,290,290,25.0,4,1
6807,29922443,29922443,174,39,1,310,310,1.0,4,1
6808,29922444,29922444,178,49,0,197,197,26.0,3,1
6809,29922445,29922445,109,79,1,19,19,32.0,1,1
6810,29922445,29922445,185,114,0,30,30,29.0,1,1
6811,29922451,29922451,226,135,1,39,39,53.0,1,1
6812,29922453,29922453,181,179,1,139,139,45.0,1,1
6813,29922460,29922460,236,133,0,176,176,8.0,1,1
6814,29922461,29922461,232,77,0,23,23,10.0,1,1
6815,29922466,29922466,114,99,0,27,27,4.0,2,1
6816,29922466,29922466,231,128,1,39,39,9.0,2,1
6817,29922467,29922467,33,104,0,166,166,36.0,1,1
6818,29922490,29922490,106,81,1,-1,-1,nan,0,0
6819,29922505,29922505,76,29,0,144,144,1.0,2,1
6820,29922510,29922510,109,97,0,27,27,25.0,1,1
6821,29922511,29922511,183,115,0,30,30,36.0,2,1
6822,29922512,29922512,81,25,0,2,2,13.0,2,1
6823,29922512,29922512,116,3,0,3,3,4.0,2,1
6824,29922517,29922517,146,126,1,357,357,13.0,2,1
6825,29922538,29922538,153,141,0,254,254,13.0,3,1
6826,29922538,29922538,107,94,0,27,27,58.0,1,1
6827,29922547,29922547,118,121,1,75,75,13.0,1,1
6828,29922548,29922548,76,19,0,2,2,20.0,2,1
6829,29922557,29922557,176,42,0,197,197,5.0,3,1
6830,29922561,29922561,140,140,0,130,130,17.0,3,1
6831,29922574,29922574,166,42,1,344,344,13.0,5,1
6832,29922593,29922593,150,130,1,357,357,53.0,1,1
6833,29922594,29922594,179,112,0,30,30,25.0,2,1
6834,29922600,29922600,152,142,0,254,254,17.0,2,1
6835,29922604,29922604,234,130,1,39,39,40.0,2,1
6836,29922624,29922624,192,102,1,125,125,10.0,2,1
6837,29922629,29922629,182,96,1,77,77,25.0,1,1
6838,29922646,29922646,164,48,0,344,344,9.0,4,1
6839,29922652,29922652,180,50,0,198,198,25.0,3,1
6840,29922660,29922660,229,83,0,23,23,49.0,1,1
6841,29922676,29922676,72,22,1,50,50,5.0,3,1
6842,29922678,29922678,138,125,1,324,324,25.0,1,1
6843,29922681,29922681,115,85,0,115,115,36.0,1,1
6844,29922686,29922686,182,116,0,286,286,40.0,2,1
6845,29922692,29922692,164,45,1,344,344,0.0,5,1
6846,29922697,29922697,114,79,0,19,19,17.0,1,1
6847,29922703,29922703,136,126,1,324,324,50.0,1,1
6848,29922703,29922703,228,131,1,39,39,9.0,1,1
6849,29922705,29922705,234,76,0,23,23,25.0,2,1
6850,29922708,29922708,226,134,1,39,39,40.0,1,1
6851,29922731,29922731,177,50,0,197,197,36.0,3,1
6852,29922731,29922731,144,141,0,290,290,18.0,5,1
6853,29922741,29922741,187,113,0,30,30,32.0,1,1
6854,29922742,29922742,112,134,0,35,35,13.0,2,1
6855,29922742,29922742,238,75,0,71,71,53.0,1,1
6856,29922743,29922743,231,150,0,47,47,45.0,1,1
6857,29922747,29922747,235,77,0,23,23,37.0,1,1
6858,29922748,29922748,82,43,0,58,58,13.0,2,1
6859,29922749,29922749,131,124,1,-1,-1,nan,0,0
6860,29922750,29922750,180,112,0,30,30,18.0,2,1
6861,29922755,29922755,132,126,1,-1,-1,nan,0,0
6862,29922755,29922755,124,123,1,-1,-1,nan,0,0
6863,29922755,29922755,155,130,1,215,215,40.0,2,1
6864,29922755,29922755,122,3,0,458,458,4.0,4,1
6865,29922757,29922757,122,136,0,388,388,25.0,2,1
6866,29922757,29922757,227,83,0,23,23,53.0,1,1
6867,29922758,29922758,64,33,1,106,106,13.0,1,1
6868,29922763,29922763,161,44,1,61,61,10.0,3,1
6869,29922763,29922763,181,113,0,30,30,20.0,2,1
6870,29922767,29922767,231,151,0,47,47,40.0,2,1
6871,29922770,29922770,154,129,1,37,37,58.0,2,1
6872,29922772,29922772,154,144,0,254,254,45.0,3,1
6873,29922775,29922775,122,135,0,36,36,25.0,3,1
6874,29922779,29922779,126,124,1,-1,-1,nan,0,0
6875,29922780,29922780,231,83,0,23,23,53.0,1,1
6876,29922782,29922782,130,138,0,173,173,13.0,2,1
6877,29922799,29922799,172,55,0,155,155,32.0,1,1
6878,29922806,29922806,171,40,1,310,310,5.0,5,1
6879,29922809,29922809,136,124,1,324,324,34.0,1,1
6880,29922809,29922809,182,115,0,30,30,37.0,2,1
6881,29922813,29922813,154,143,0,254,254,34.0,3,1
6882,29922813,29922813,179,178,1,139,139,26.0,2,1
6883,29922814,29922814,85,40,0,10,10,8.0,2,1
6884,29922818,29922818,125,137,0,36,36,8.0,2,1
6885,29922820,29922820,178,37,0,310,310,29.0,4,1
6886,29922822,29922822,231,129,1,39,39,10.0,1,1
6887,29922824,29922824,33,102,0,166,166,16.0,1,1
6888,29922832,29922832,138,138,0,130,130,5.0,3,1
6889,29922839,29922839,173,178,1,45,45,1.0,2,1
6890,29922840,29922840,133,123,1,384,384,58.0,1,1
6891,29922863,29922863,232,149,0,-1,-1,nan,0,0
6892,29922873,29922873,132,139,0,173,173,10.0,5,1
6893,29922875,29922875,192,106,1,125,125,2.0,1,1
6894,29922887,29922887,134,124,1,324,324,58.0,1,1
6895,29922888,29922888,154,142,0,254,254,25.0,3,1
6896,29922893,29922893,66,28,1,-1,-1,nan,0,0
6897,29922893,29922893,191,108,0,125,125,9.0,1,1
6898,29922894,29922894,37,106,0,25,25,29.0,1,1
6899,29922896,29922896,174,105,1,29,29,5.0,2,1
6900,29922906,29922906,229,147,0,47,47,52.0,2,1
6901,29922907,29922907,189,113,0,30,30,52.0,1,1
6902,29922908,29922908,165,41,1,344,344,17.0,5,1
6903,29922918,29922918,181,114,0,30,30,29.0,2,1
6904,29922924,29922924,106,93,0,-1,-1,nan,0,0
6905,29922927,29922927,140,139,0,130,130,10.0,4,1
6906,29922943,29922943,122,0,0,458,458,1.0,2,1
6907,29922945,29922945,149,141,0,254,254,13.0,2,1
6908,29922949,29922949,115,82,0,115,115,45.0,2,1
6909,29922955,29922955,187,177,1,46,46,13.0,1,1
6910,29922955,29922955,177,40,0,197,197,16.0,2,1
6911,29922960,29922960,231,68,1,118,118,1.0,4,1
6912,29922963,29922963,179,97,1,77,77,17.0,3,1
6913,29922968,29922968,135,139,0,173,173,13.0,3,1
6914,29922969,29922969,230,148,0,47,47,50.0,2,1
6915,29922974,29922974,123,122,1,-1,-1,nan,0,0
6916,29922975,29922975,177,49,0,197,197,25.0,3,1
6917,29922976,29922976,151,142,0,254,254,16.0,2,1
6918,29922976,29922976,164,36,1,376,376,10.0,3,1
6919,29922978,29922978,139,126,1,324,324,29.0,1,1
6920,29922989,29922989,126,123,1,-1,-1,nan,0,0
6921,29922993,29922993,104,82,1,-1,-1,nan,0,0
6922,29922996,29922996,75,31,0,144,144,10.0,1,1
6923,29923002,29923002,149,128,1,357,357,26.0,1,1
6924,29923006,29923006,225,138,0,-1,-1,nan,0,0
6925,29923006,29923006,123,136,0,36,36,17.0,2,1
6926,29923006,29923006,225,136,1,-1,-1,nan,0,0
6927,29923007,29923007,229,137,0,87,87,32.0,1,1
6928,29923012,29923012,232,78,0,23,23,13.0,1,1
6929,29923027,29923027,83,23,0,2,2,25.0,1,1
6930,29923030,29923030,69,25,1,50,50,29.0,2,1
6931,29923030,29923030,153,143,0,254,254,29.0,3,1
6932,29923037,29923037,120,3,0,458,458,8.0,3,1
6933,29923038,29923038,229,151,0,47,47,20.0,1,1
6934,29923045,29923045,228,138,0,87,87,34.0,1,1
6935,29923045,29923045,113,134,0,35,35,8.0,2,1
6936,29923046,29923046,179,113,0,30,30,32.0,2,1
6937,29923058,29923058,82,34,0,10,10,17.0,1,1
6938,29923062,29923062,233,150,0,184,184,53.0,1,1
6939,29923063,29923063,117,132,0,35,35,4.0,1,1
6940,29923064,29923064,74,20,1,50,50,9.0,2,1
6941,29923079,29923079,159,48,0,61,61,26.0,2,1
6942,29923081,29923081,107,95,0,27,27,53.0,1,1
6943,29923082,29923082,228,71,1,118,118,13.0,3,1
6944,29923083,29923083,77,28,0,144,144,1.0,2,1
6945,29923084,29923084,183,96,1,77,77,34.0,1,1
6946,29923088,29923088,67,30,1,106,106,61.0,1,1
6947,29923089,29923089,117,134,0,35,35,8.0,2,1
6948,29923094,29923094,102,93,0,-1,-1,nan,0,0
6949,29923099,29923099,234,77,0,23,23,26.0,1,1
6950,29923103,29923103,28,96,0,72,72,4.0,3,1
6951,29923103,29923103,114,85,0,115,115,49.0,1,1
6952,29923104,29923104,21,98,0,72,72,29.0,2,1
6953,29923104,29923104,233,148,0,87,87,49.0,1,1
6954,29923114,29923114,176,179,1,45,45,17.0,2,1
6955,29923119,29923119,178,48,0,197,197,17.0,3,1
6956,29923120,29923120,99,84,1,67,67,25.0,1,1
6957,29923123,29923123,71,24,1,50,50,16.0,3,1
6958,29923124,29923124,188,112,0,30,30,34.0,2,1
6959,29923124,29923124,229,85,0,-1,-1,nan,0,0
6960,29923125,29923125,175,101,1,29,29,4.0,2,1
6961,29923125,29923125,31,95,0,166,166,13.0,3,1
6962,29923132,29923132,226,75,1,23,23,10.0,3,1
6963,29923132,29923132,176,50,0,197,197,37.0,2,1
6964,29923133,29923133,176,98,1,249,249,9.0,3,1
6965,29923135,29923135,229,145,0,87,87,32.0,1,1
6966,29923136,29923136,104,94,0,-1,-1,nan,0,0
6967,29923141,29923141,161,45,1,344,344,9.0,3,1
6968,29923149,29923149,138,140,0,253,253,10.0,4,1
6969,29923150,29923150,113,76,1,19,19,1.0,1,1
6970,29923151,29923151,70,26,1,50,50,37.0,2,1
6971,29923156,29923156,115,83,0,115,115,40.0,1,1
6972,29923158,29923158,158,131,1,215,215,10.0,3,1
6973,29923159,29923159,140,125,1,324,324,17.0,1,1
6974,29923161,29923161,230,128,1,39,39,4.0,2,1
6975,29923165,29923165,238,77,0,-1,-1,nan,0,0
6976,29923166,29923166,179,111,0,30,30,20.0,2,1
6977,29923171,29923171,24,105,1,24,24,10.0,2,1
6978,29923181,29923181,137,139,0,130,130,13.0,3,1
6979,29923189,29923189,108,96,0,27,27,37.0,1,1
6980,29923192,29923192,140,128,1,324,324,50.0,1,1
6981,29923192,29923192,160,44,1,61,61,5.0,3,1
6982,29923200,29923200,106,94,0,-1,-1,nan,0,0
6983,29923207,29923207,181,116,0,286,286,29.0,2,1
6984,29923216,29923216,129,138,0,36,36,13.0,3,1
6985,29923221,29923221,236,149,0,-1,-1,nan,0,0
6986,29923222,29923222,127,137,0,36,36,4.0,3,1
6987,29923223,29923223,79,27,0,144,144,10.0,2,1
6988,29923227,29923227,139,138,0,130,130,4.0,3,1
6989,29923232,29923232,187,114,0,30,30,41.0,1,1
6990,29923232,29923232,116,122,1,75,75,16.0,1,1
6991,29923233,29923233,131,137,0,173,173,5.0,2,1
6992,29923243,29923243,82,42,0,10,10,17.0,2,1
6993,29923249,29923249,83,40,0,10,10,4.0,2,1
6994,29923249,29923249,155,131,1,215,215,37.0,2,1
6995,29923251,29923251,227,73,1,23,23,13.0,3,1
6996,29923253,29923253,164,38,1,237,237,9.0,5,1
6997,29923259,29923259,28,111,1,165,165,9.0,1,1
6998,29923266,29923266,234,149,0,-1,-1,nan,0,0
6999,29923266,29923266,75,19,1,50,50,17.0,2,1
7000,29923269,29923269,65,33,1,106,106,20.0,1,1
7001,29923272,29923272,166,41,1,344,344,20.0,5,1
7002,29923295,29923295,172,49,0,275,275,10.0,3,1
7003,29923295,29923295,232,83,0,23,23,58.0,1,1
7004,29923302,29923302,146,140,0,290,290,17.0,3,1
7005,29923303,29923303,231,82,0,23,23,40.0,1,1
7006,29923305,29923305,110,98,0,27,27,17.0,1,1
7007,29923316,29923316,179,47,1,197,197,13.0,2,1
7008,29923321,29923321,150,141,0,254,254,10.0,2,1
7009,29923326,29923326,180,179,1,139,139,40.0,1,1
7010,29923328,29923328,179,109,0,30,30,16.0,2,1
7011,29923331,29923331,139,139,0,130,130,9.0,4,1
7012,29923334,29923334,231,85,1,-1,-1,nan,0,0
7013,29923338,29923338,181,49,1,198,198,13.0,3,1
7014,29923349,29923349,119,135,0,35,35,25.0,3,1
7015,29923350,29923350,114,134,0,35,35,5.0,2,1
7016,29923351,29923351,121,136,0,388,388,26.0,4,1
7017,29923356,29923356,187,94,1,78,78,40.0,1,1
7018,29923364,29923364,23,103,1,24,24,5.0,2,1
7019,29923382,29923382,121,1,0,458,458,1.0,3,1
7020,29923386,29923386,230,69,1,118,118,1.0,5,1
7021,29923390,29923390,115,84,0,115,115,37.0,1,1
7022,29923407,29923407,175,44,0,197,197,4.0,3,1
7023,29923411,29923411,170,40,1,310,310,10.0,5,1
7024,29923412,29923412,136,139,0,253,253,17.0,3,1
7025,29923415,29923415,144,127,1,357,357,32.0,2,1
7026,29923416,29923416,176,45,1,197,197,2.0,4,1
7027,29923419,29923419,123,0,0,458,458,2.0,3,1
7028,29923422,29923422,29,95,0,72,72,10.0,3,1
7029,29923424,29923424,114,80,0,19,19,26.0,1,1
7030,29923429,29923429,176,99,1,249,249,10.0,3,1
7031,29923433,29923433,228,72,1,23,23,17.0,3,1
7032,29923434,29923434,168,65,0,21,21,17.0,2,1
7033,29923439,29923439,228,143,0,87,87,29.0,1,1
7034,29923443,29923443,232,134,0,176,176,37.0,3,1
7035,29923444,29923444,228,82,0,23,23,37.0,1,1
7036,29923458,29923458,149,142,0,290,290,8.0,2,1
7037,29923469,29923469,187,112,0,30,30,25.0,1,1
7038,29923477,29923477,173,39,1,310,310,0.0,5,1
7039,29923482,29923482,113,132,0,35,35,4.0,1,1
7040,29923488,29923488,85,38,0,10,10,4.0,1,1
7041,29923491,29923491,148,128,1,357,357,25.0,1,1
7042,29923491,29923491,126,136,0,36,36,2.0,3,1
7043,29923503,29923503,23,102,1,24,24,8.0,2,1
7044,29923508,29923508,186,114,0,30,30,34.0,1,1
7045,29923510,29923510,108,95,0,27,27,40.0,1,1
7046,29923510,29923510,131,136,0,173,173,4.0,2,1
7047,29923522,29923522,139,140,0,253,253,13.0,4,1
7048,29923531,29923531,233,149,0,-1,-1,nan,0,0
7049,29923532,29923532,70,24,1,50,50,17.0,2,1
7050,29923540,29923540,233,68,1,118,118,5.0,3,1
7051,29923547,29923547,179,114,0,286,286,25.0,2,1
7052,29923563,29923563,165,42,1,344,344,10.0,5,1
7053,29923566,29923566,184,97,1,77,77,52.0,1,1
7054,29923575,29923575,125,136,0,36,36,5.0,2,1
7055,29923575,29923575,229,70,1,118,118,5.0,4,1
7056,29923575,29923575,35,107,0,25,25,32.0,1,1
7057,29923578,29923578,181,98,1,77,77,34.0,2,1
7058,29923583,29923583,144,142,0,290,290,13.0,4,1
7059,29923601,29923601,178,50,0,197,197,37.0,2,1
7060,29923604,29923604,174,50,0,275,275,25.0,3,1
7061,29923604,29923604,98,89,0,67,67,13.0,1,1
7062,29923613,29923613,123,124,1,-1,-1,nan,0,0
7063,29923613,29923613,99,85,1,67,67,20.0,1,1
7064,29923619,29923619,137,140,1,253,253,9.0,4,1
7065,29923626,29923626,165,36,1,376,376,5.0,3,1
7066,29923626,29923626,37,105,0,25,25,40.0,1,1
7067,29923628,29923628,112,133,0,35,35,10.0,1,1
7068,29923632,29923632,111,78,1,19,19,13.0,1,1
7069,29923637,29923637,235,149,0,-1,-1,nan,0,0
7070,29923645,29923645,99,91,0,67,67,32.0,1,1
7071,29923653,29923653,182,179,1,139,139,52.0,1,1
7072,29923653,29923653,29,96,0,72,72,9.0,3,1
7073,29923654,29923654,232,76,0,23,23,9.0,2,1
7074,29923663,29923663,104,81,1,-1,-1,nan,0,0
7075,29923663,29923663,232,81,0,23,23,34.0,1,1
7076,29923666,29923666,180,178,1,139,139,29.0,1,1
7077,29923668,29923668,217,140,0,-1,-1,nan,0,0
7078,29923673,29923673,171,54,0,155,155,18.0,1,1
7079,29923678,29923678,193,104,0,125,125,5.0,1,1
7080,29923685,29923685,80,26,0,2,2,13.0,2,1
7081,29923685,29923685,154,130,1,215,215,53.0,1,1
7082,29923685,29923685,145,129,1,357,357,45.0,1,1
7083,29923695,29923695,176,41,0,197,197,10.0,3,1
7084,29923717,29923717,166,43,1,344,344,8.0,3,1
7085,29923722,29923722,230,68,1,118,118,2.0,4,1
7086,29923722,29923722,140,127,1,324,324,37.0,1,1
7087,29923726,29923726,97,85,1,67,67,8.0,1,1
7088,29923737,29923737,232,79,0,23,23,18.0,1,1
7089,29923738,29923738,155,142,0,85,85,32.0,2,1
7090,29923738,29923738,171,53,0,155,155,13.0,2,1
7091,29923743,29923743,66,31,1,106,106,41.0,1,1
7092,29923753,29923753,226,137,0,-1,-1,nan,0,0
7093,29923755,29923755,233,77,0,23,23,17.0,1,1
7094,29923763,29923763,179,50,0,198,198,32.0,2,1
7095,29923765,29923765,72,39,1,-1,-1,nan,0,0
7096,29923768,29923768,190,113,0,-1,-1,nan,0,0
7097,29923773,29923773,184,115,0,30,30,37.0,1,1
7098,29923781,29923781,231,86,0,-1,-1,nan,0,0
7099,29923783,29923783,78,28,0,144,144,4.0,2,1
7100,29923789,29923789,156,142,0,85,85,25.0,3,1
7101,29923797,29923797,226,73,1,164,164,13.0,3,1
7102,29923803,29923803,115,80,0,19,19,29.0,2,1
7103,29923805,29923805,78,43,1,58,58,5.0,2,1
7104,29923817,29923817,227,132,1,39,39,17.0,1,1
7105,29923819,29923819,114,77,0,19,19,5.0,1,1
7106,29923830,29923830,173,51,0,155,155,25.0,2,1
7107,29923832,29923832,231,74,0,23,23,8.0,3,1
7108,29923834,29923834,234,68,1,71,71,4.0,3,1
7109,29923835,29923835,33,100,0,166,166,4.0,1,1
7110,29923835,29923835,97,86,1,67,67,5.0,1,1
7111,29923837,29923837,232,147,1,87,87,37.0,1,1
7112,29923837,29923837,185,115,0,30,30,40.0,1,1
7113,29923840,29923840,235,131,1,176,176,25.0,2,1
7114,29923846,29923846,130,137,0,173,173,10.0,2,1
7115,29923848,29923848,188,114,0,30,30,50.0,1,1
7116,29923848,29923848,134,139,0,173,173,10.0,3,1
7117,29923850,29923850,115,135,0,35,35,9.0,2,1
7118,29923856,29923856,236,148,0,87,87,58.0,1,1
7119,29923856,29923856,136,138,0,130,130,13.0,3,1
7120,29923860,29923860,81,26,0,2,2,18.0,2,1
7121,29923871,29923871,99,83,1,67,67,32.0,1,1
7122,29923871,29923871,165,39,1,237,237,17.0,3,1
7123,29923881,29923881,121,4,0,458,458,10.0,3,1
7124,29923882,29923882,227,71,1,164,164,10.0,3,1
7125,29923885,29923885,166,37,1,376,376,5.0,4,1
7126,29923886,29923886,172,51,0,155,155,16.0,2,1
7127,29923886,29923886,119,121,1,75,75,18.0,1,1
7128,29923889,29923889,180,96,1,77,77,13.0,2,1
7129,29923895,29923895,153,129,1,357,357,61.0,1,1
7130,29923896,29923896,226,138,0,87,87,58.0,1,1
7131,29923902,29923902,228,136,0,87,87,50.0,1,1
7132,29923907,29923907,232,150,0,47,47,58.0,2,1
7133,29923911,29923911,122,137,0,388,388,16.0,2,1
7134,29923915,29923915,84,43,0,10,10,26.0,2,1
7135,29923925,29923925,142,126,1,324,324,26.0,2,1
7136,29923925,29923925,153,131,1,254,254,53.0,1,1
7137,29923926,29923926,29,113,1,165,165,20.0,1,1
7138,29923926,29923926,176,101,1,29,29,5.0,2,1
7139,29923927,29923927,176,48,0,197,197,17.0,3,1
7140,29923928,29923928,86,37,0,10,10,10.0,1,1
7141,29923931,29923931,234,131,1,176,176,32.0,2,1
7142,29923933,29923933,230,152,0,47,47,26.0,2,1
7143,29923935,29923935,184,96,1,77,77,45.0,1,1
7144,29923938,29923938,188,113,0,30,30,41.0,1,1
7145,29923944,29923944,178,38,0,310,310,26.0,4,1
7146,29923953,29923953,142,125,1,324,324,17.0,2,1
7147,29923954,29923954,150,142,0,290,290,13.0,2,1
7148,29923954,29923954,121,122,1,75,75,41.0,1,1
7149,29923957,29923957,232,129,1,39,39,17.0,1,1
7150,29923969,29923969,189,112,0,30,30,45.0,2,1
7151,29923971,29923971,26,90,0,112,112,5.0,2,1
7152,29923972,29923972,162,46,1,344,344,5.0,3,1
7153,29923972,29923972,162,48,0,344,344,13.0,3,1
7154,29923976,29923976,148,141,0,290,290,10.0,3,1
7155,29923977,29923977,158,132,1,215,215,9.0,3,1
7156,29923980,29923980,141,140,0,130,130,20.0,4,1
7157,29923984,29923984,165,44,1,344,344,2.0,5,1
7158,29923984,29923984,115,133,0,35,35,1.0,1,1
7159,29923985,29923985,103,8,0,145,145,26.0,1,1
7160,29923989,29923989,186,113,0,30,30,25.0,1,1
7161,29923990,29923990,111,97,0,27,27,9.0,1,1
7162,29924009,29924009,132,138,0,173,173,5.0,4,1
7163,29924013,29924013,152,129,1,357,357,52.0,1,1
7164,29924013,29924013,169,53,1,155,155,5.0,3,1
7165,29924013,29924013,163,45,1,344,344,1.0,4,1
7166,29924014,29924014,115,86,0,115,115,37.0,1,1
7167,29924021,29924021,173,52,0,155,155,26.0,2,1
7168,29924035,29924035,238,78,0,-1,-1,nan,0,0
7169,29924043,29924043,144,140,0,290,290,25.0,5,1
7170,29924056,29924056,172,54,0,155,155,25.0,1,1
7171,29924057,29924057,178,111,0,30,30,29.0,2,1
7172,29924057,29924057,184,114,0,30,30,26.0,1,1
7173,29924059,29924059,29,97,0,72,72,10.0,3,1
7174,29924062,29924062,175,103,1,29,29,0.0,2,1
7175,29924064,29924064,232,82,1,23,23,45.0,1,1
7176,29924065,29924065,34,106,0,25,25,50.0,1,1
7177,29924067,29924067,228,133,1,39,39,25.0,1,1
7178,29924071,29924071,82,22,0,2,2,17.0,1,1
7179,29924079,29924079,236,76,0,23,23,49.0,1,1
7180,29924086,29924086,134,125,1,-1,-1,nan,0,0
7181,29924088,29924088,239,75,0,71,71,58.0,1,1
7182,29924093,29924093,230,85,0,-1,-1,nan,0,0
7183,29924095,29924095,183,116,0,30,30,49.0,2,1
7184,29924096,29924096,136,140,0,253,253,10.0,3,1
7185,29924101,29924101,107,14,0,99,99,25.0,2,1
7186,29924108,29924108,236,77,0,23,23,50.0,1,1
7187,29924112,29924112,182,113,0,30,30,17.0,2,1
7188,29924113,29924113,98,85,1,67,67,13.0,1,1
7189,29924113,29924113,177,39,0,310,310,16.0,3,1
7190,29924127,29924127,175,48,0,197,197,20.0,3,1
7191,29924133,29924133,166,44,1,344,344,5.0,4,1
7192,29924144,29924144,123,1,0,458,458,1.0,4,1
7193,29924153,29924153,184,174,1,46,46,25.0,2,1
7194,29924163,29924163,134,138,0,173,173,5.0,4,1
7195,29924164,29924164,73,22,1,50,50,8.0,3,1
7196,29924165,29924165,187,95,1,78,78,37.0,1,1
7197,29924169,29924169,79,26,0,2,2,10.0,2,1
7198,29924170,29924170,151,128,1,357,357,34.0,1,1
7199,29924178,29924178,227,137,0,87,87,52.0,1,1
7200,29924179,29924179,172,52,0,155,155,17.0,2,1
7201,29924182,29924182,103,81,1,-1,-1,nan,0,0
7202,29924183,29924183,114,78,0,19,19,10.0,1,1
7203,29924185,29924185,115,120,1,75,75,5.0,1,1
7204,29924187,29924187,178,99,1,29,29,25.0,3,1
7205,29924206,29924206,128,139,0,36,36,17.0,4,1
7206,29924206,29924206,193,103,0,125,125,8.0,2,1
7207,29924206,29924206,186,96,1,78,78,49.0,1,1
7208,29924215,29924215,228,70,1,118,118,10.0,3,1
7209,29924216,29924216,237,133,0,176,176,5.0,1,1
7210,29924224,29924224,157,130,1,215,215,20.0,2,1
7211,29924225,29924225,176,43,0,197,197,2.0,4,1
7212,29924225,29924225,166,49,0,155,155,8.0,3,1
7213,29924226,29924226,177,97,1,77,77,17.0,3,1
7214,29924226,29924226,183,179,1,46,46,61.0,2,1
7215,29924229,29924229,168,48,0,155,155,9.0,3,1
7216,29924234,29924234,176,49,0,197,197,26.0,3,1
7217,29924237,29924237,230,130,1,39,39,8.0,1,1
7218,29924242,29924242,237,132,1,176,176,10.0,1,1
7219,29924245,29924245,81,24,0,2,2,10.0,2,1
7220,29924247,29924247,177,177,1,139,139,17.0,2,1
7221,29924263,29924263,234,150,0,184,184,50.0,1,1
7222,29924271,29924271,189,97,1,78,78,17.0,1,1
7223,29924276,29924276,192,105,1,125,125,1.0,1,1
7224,29924276,29924276,30,93,0,207,207,20.0,4,1
7225,29924277,29924277,174,48,0,275,275,13.0,3,1
7226,29924277,29924277,162,127,1,37,37,2.0,3,1
7227,29924278,29924278,177,37,1,310,310,20.0,3,1
7228,29924278,29924278,187,91,1,78,78,61.0,1,1
7229,29924281,29924281,112,98,0,27,27,5.0,1,1
7230,29924290,29924290,22,101,1,24,24,10.0,2,1
7231,29924293,29924293,123,121,1,75,75,58.0,1,1
7232,29924293,29924293,74,18,1,50,50,13.0,2,1
7233,29924299,29924299,135,125,1,324,324,52.0,1,1
7234,29924299,29924299,171,68,0,21,21,5.0,2,1
7235,29924301,29924301,173,48,0,275,275,8.0,3,1
7236,29924303,29924303,190,100,1,78,78,25.0,2,1
7237,29924304,29924304,115,76,0,19,19,5.0,1,1
7238,29924304,29924304,172,40,1,310,310,2.0,5,1
7239,29924306,29924306,94,87,1,67,67,1.0,1,1
7240,29924306,29924306,127,123,1,384,384,58.0,1,1
7241,29924312,29924312,142,140,0,130,130,25.0,4,1
7242,29924313,29924313,192,107,0,125,125,5.0,1,1
7243,29924319,29924319,238,74,0,71,71,40.0,1,1
7244,29924321,29924321,148,142,0,290,290,5.0,3,1
7245,29924332,29924332,85,41,0,10,10,13.0,2,1
7246,29924335,29924335,68,29,1,-1,-1,nan,0,0
7247,29924335,29924335,176,47,0,197,197,10.0,3,1
7248,29924340,29924340,32,97,0,166,166,2.0,3,1
7249,29924350,29924350,239,77,1,-1,-1,nan,0,0
7250,29924350,29924350,182,51,0,408,408,25.0,2,1
7251,29924354,29924354,124,137,0,36,36,13.0,2,1
7252,29924355,29924355,235,69,1,71,71,2.0,3,1
7253,29924355,29924355,114,83,0,115,115,53.0,1,1
7254,29924358,29924358,119,122,1,75,75,25.0,1,1
7255,29924363,29924363,34,102,0,166,166,17.0,1,1
7256,29924363,29924363,235,150,0,184,184,49.0,1,1
7257,29924365,29924365,106,80,1,-1,-1,nan,0,0
7258,29924366,29924366,96,86,1,67,67,2.0,1,1
7259,29924371,29924371,127,124,1,-1,-1,nan,0,0
7260,29924371,29924371,137,124,1,324,324,25.0,1,1
7261,29924373,29924373,219,149,1,47,47,52.0,1,1
7262,29924391,29924391,77,30,0,144,144,5.0,2,1
7263,29924391,29924391,191,110,0,125,125,25.0,1,1
7264,29924396,29924396,78,29,0,144,144,5.0,2,1
7265,29924401,29924401,26,92,0,72,72,16.0,2,1
7266,29924402,29924402,155,143,0,85,85,41.0,3,1
7267,29924404,29924404,86,38,0,10,10,9.0,1,1
7268,29924406,29924406,146,141,0,290,290,10.0,3,1
7269,29924407,29924407,122,2,0,458,458,1.0,4,1
7270,29924412,29924412,149,129,1,357,357,37.0,1,1
7271,29924412,29924412,66,30,1,106,106,50.0,1,1
7272,29924417,29924417,160,47,1,61,61,20.0,2,1
7273,29924419,29924419,176,102,1,29,29,2.0,2,1
7274,29924435,29924435,175,50,0,275,275,32.0,3,1
7275,29924443,29924443,175,178,1,45,45,9.0,2,1
7276,29924443,29924443,178,178,1,139,139,25.0,2,1
7277,29924451,29924451,150,139,0,254,254,2.0,2,1
7278,29924451,29924451,115,77,0,19,19,8.0,1,1
7279,29924452,29924452,108,79,1,19,19,41.0,1,1
7280,29924486,29924486,235,148,0,87,87,53.0,1,1
7281,29924502,29924502,168,51,1,155,155,0.0,3,1
7282,29924503,29924503,112,77,1,19,19,5.0,1,1
7283,29924522,29924522,149,130,1,357,357,50.0,1,1
7284,29924530,29924530,177,111,0,30,30,40.0,2,1
7285,29924532,29924532,96,90,0,67,67,10.0,1,1
7286,29924537,29924537,227,134,1,39,39,37.0,1,1
7287,29924555,29924555,34,103,0,166,166,26.0,1,1
7288,29924556,29924556,174,178,1,45,45,4.0,2,1
7289,29924559,29924559,118,136,0,35,35,25.0,3,1
7290,29924564,29924564,113,98,0,27,27,2.0,1,1
7291,29924564,29924564,191,98,1,78,78,8.0,2,1
7292,29924571,29924571,101,5,0,-1,-1,nan,0,0
7293,29924577,29924577,176,42,0,197,197,5.0,3,1
7294,29924577,29924577,176,103,1,29,29,1.0,2,1
7295,29924579,29924579,172,179,1,45,45,1.0,1,1
7296,29924590,29924590,32,114,1,25,25,58.0,2,1
7297,29924595,29924595,127,136,0,36,36,1.0,3,1
7298,29924597,29924597,74,21,1,50,50,10.0,3,1
7299,29924599,29924599,82,25,0,2,2,20.0,2,1
7300,29924605,29924605,123,2,0,458,458,2.0,4,1
7301,29924612,29924612,26,112,1,165,165,2.0,2,1
7302,29924617,29924617,190,99,1,78,78,18.0,2,1
7303,29924621,29924621,182,97,1,77,77,32.0,1,1
7304,29924623,29924623,175,36,1,109,109,13.0,2,1
7305,29924631,29924631,98,3,1,-1,-1,nan,0,0
7306,29924638,29924638,179,98,1,77,77,26.0,3,1
7307,29924638,29924638,237,77,0,-1,-1,nan,0,0
7308,29924641,29924641,108,80,1,19,19,50.0,1,1
7309,29924642,29924642,143,122,1,324,324,5.0,2,1
7310,29924642,29924642,175,49,0,275,275,25.0,3,1
7311,29924649,29924649,174,106,1,29,29,10.0,1,1
7312,29924652,29924652,239,76,0,-1,-1,nan,0,0
7313,29924659,29924659,120,122,1,75,75,32.0,1,1
7314,29924659,29924659,172,53,0,155,155,20.0,2,1
7315,29924667,29924667,218,144,0,-1,-1,nan,0,0
7316,29924672,29924672,168,50,1,155,155,1.0,3,1
7317,29924677,29924677,78,27,0,144,144,5.0,2,1
7318,29924679,29924679,100,84,1,67,67,34.0,1,1
7319,29924680,29924680,226,74,1,23,23,13.0,3,1
7320,29924684,29924684,133,139,0,173,173,9.0,4,1
7321,29924685,29924685,175,38,1,310,310,5.0,3,1
7322,29924687,29924687,184,116,0,30,30,50.0,1,1
7323,29924688,29924688,78,31,0,144,144,13.0,1,1
7324,29924690,29924690,26,91,0,112,112,10.0,2,1
7325,29924694,29924694,161,48,0,344,344,18.0,3,1
7326,29924700,29924700,178,113,0,286,286,29.0,2,1
7327,29924700,29924700,230,151,0,47,47,29.0,2,1
7328,29924700,29924700,112,99,0,27,27,8.0,1,1
7329,29924705,29924705,156,143,0,85,85,34.0,3,1
7330,29924707,29924707,180,114,0,286,286,32.0,2,1
7331,29924715,29924715,116,135,0,35,35,10.0,2,1
7332,29924715,29924715,233,76,0,23,23,16.0,2,1
7333,29924718,29924718,229,129,1,39,39,2.0,1,1
7334,29924723,29924723,181,97,1,77,77,25.0,1,1
7335,29924723,29924723,83,34,0,10,10,16.0,1,1
7336,29924724,29924724,29,92,0,72,72,25.0,4,1
7337,29924724,29924724,100,92,0,67,67,50.0,1,1
7338,29924724,29924724,149,140,0,254,254,8.0,2,1
7339,29924729,29924729,140,126,1,324,324,26.0,1,1
7340,29924730,29924730,190,112,0,125,125,50.0,2,1
7341,29924738,29924738,115,91,0,27,27,37.0,1,1
7342,29924740,29924740,107,96,0,27,27,50.0,1,1
7343,29924741,29924741,179,179,1,139,139,37.0,2,1
7344,29924745,29924745,235,134,0,176,176,10.0,2,1
7345,29924746,29924746,128,138,0,36,36,10.0,3,1
7346,29924752,29924752,80,20,0,2,2,13.0,1,1
7347,29924754,29924754,120,136,0,388,388,29.0,4,1
7348,29924757,29924757,171,57,0,155,155,45.0,1,1
7349,29924779,29924779,123,123,1,-1,-1,nan,0,0
7350,29924780,29924780,26,107,1,165,165,17.0,2,1
7351,29924785,29924785,163,48,0,344,344,10.0,3,1
7352,29924786,29924786,177,98,1,249,249,16.0,3,1
7353,29924791,29924791,96,89,0,67,67,5.0,1,1
7354,29924793,29924793,77,31,0,144,144,10.0,1,1
7355,29924795,29924795,36,106,0,25,25,34.0,1,1
7356,29924797,29924797,118,122,1,75,75,20.0,1,1
7357,29924805,29924805,180,115,0,286,286,25.0,2,1
7358,29924806,29924806,178,98,1,77,77,25.0,3,1
7359,29924808,29924808,86,39,0,10,10,10.0,1,1
7360,29924808,29924808,232,80,0,23,23,25.0,1,1
7361,29924818,29924818,80,25,0,2,2,8.0,2,1
7362,29924818,29924818,176,38,1,310,310,10.0,3,1
7363,29924826,29924826,228,137,0,87,87,41.0,1,1
7364,29924828,29924828,124,136,1,36,36,10.0,2,1
7365,29924829,29924829,77,19,0,2,2,17.0,2,1
7366,29924832,29924832,129,124,1,-1,-1,nan,0,0
7367,29924841,29924841,173,50,0,275,275,20.0,3,1
7368,29924842,29924842,115,87,0,115,115,40.0,1,1
7369,29924844,29924844,79,44,1,58,58,1.0,2,1
7370,29924844,29924844,232,78,0,23,23,13.0,1,1
7371,29924849,29924849,119,136,0,35,35,32.0,3,1
7372,29924852,29924852,192,108,1,125,125,10.0,1,1
7373,29924852,29924852,127,125,1,-1,-1,nan,0,0
7374,29924880,29924880,182,98,1,77,77,41.0,1,1
7375,29924887,29924887,235,133,0,176,176,13.0,1,1
7376,29924889,29924889,83,42,0,10,10,16.0,2,1
7377,29924896,29924896,68,26,1,50,50,45.0,1,1
7378,29924899,29924899,118,135,0,35,35,18.0,3,1
7379,29924906,29924906,145,141,0,290,290,13.0,4,1
7380,29924910,29924910,180,97,1,77,77,20.0,3,1
7381,29924924,29924924,177,41,0,197,197,9.0,4,1
7382,29924926,29924926,119,123,1,75,75,34.0,1,1
7383,29924932,29924932,146,128,1,357,357,29.0,1,1
7384,29924936,29924936,177,40,0,197,197,16.0,2,1
7385,29924936,29924936,232,77,0,23,23,10.0,1,1
7386,29924939,29924939,96,2,1,-1,-1,nan,0,0
7387,29924946,29924946,105,93,0,-1,-1,nan,0,0
7388,29924947,29924947,144,129,1,357,357,52.0,1,1
7389,29924947,29924947,130,122,1,384,384,36.0,1,1
7390,29924960,29924960,32,98,0,166,166,1.0,3,1
7391,29924980,29924980,119,4,0,3,3,18.0,3,1
7392,29924985,29924985,231,151,0,47,47,40.0,2,1
7393,29924991,29924991,227,133,1,39,39,26.0,1,1
7394,29924998,29924998,230,131,1,39,39,13.0,1,1
7395,29925022,29925022,231,130,1,39,39,13.0,1,1
7396,29925023,29925023,66,32,1,106,106,34.0,1,1
7397,29925032,29925032,139,125,1,324,324,20.0,1,1
7398,29925038,29925038,176,109,0,29,29,37.0,2,1
7399,29925040,29925040,178,97,1,77,77,16.0,3,1
7400,29925042,29925042,181,51,0,198,198,29.0,2,1
7401,29925043,29925043,180,112,0,30,30,18.0,2,1
7402,29925045,29925045,150,143,0,290,290,10.0,2,1
7403,29925049,29925049,126,138,0,36,36,10.0,3,1
7404,29925049,29925049,69,27,1,144,144,50.0,2,1
7405,29925050,29925050,80,24,0,2,2,5.0,2,1
7406,29925054,29925054,70,23,1,50,50,10.0,2,1
7407,29925069,29925069,153,142,0,254,254,20.0,3,1
7408,29925076,29925076,178,47,1,197,197,10.0,3,1
7409,29925088,29925088,133,138,0,173,173,4.0,4,1
7410,29925091,29925091,115,78,0,19,19,13.0,1,1
7411,29925096,29925096,116,121,1,75,75,9.0,1,1
7412,29925100,29925100,122,1,0,458,458,0.0,4,1
7413,29925101,29925101,174,109,0,29,29,37.0,1,1
7414,29925105,29925105,232,151,0,184,184,45.0,2,1
7415,29925106,29925106,229,132,1,39,39,17.0,1,1
7416,29925106,29925106,229,130,1,39,39,5.0,1,1
7417,29925106,29925106,238,73,0,71,71,29.0,1,1
7418,29925115,29925115,175,110,0,29,29,49.0,1,1
7419,29925121,29925121,172,56,0,155,155,41.0,1,1
7420,29925122,29925122,81,23,0,2,2,9.0,2,1
7421,29925125,29925125,120,135,0,35,35,34.0,4,1
7422,29925132,29925132,82,24,0,2,2,17.0,2,1
7423,29925135,29925135,178,100,1,29,29,18.0,3,1
7424,29925135,29925135,178,179,1,139,139,36.0,2,1
7425,29925143,29925143,179,99,1,29,29,32.0,3,1
7426,29925143,29925143,173,53,0,155,155,29.0,2,1
7427,29925151,29925151,152,131,1,254,254,50.0,1,1
7428,29925153,29925153,71,25,1,50,50,25.0,3,1
7429,29925160,29925160,126,137,0,36,36,5.0,3,1
7430,29925162,29925162,131,138,0,173,173,8.0,3,1
7431,29925186,29925186,135,127,1,-1,-1,nan,0,0
7432,29925188,29925188,171,56,0,155,155,34.0,1,1
7433,29925193,29925193,165,47,0,344,344,5.0,3,1
7434,29925199,29925199,167,48,0,155,155,10.0,3,1
7435,29925202,29925202,147,142,0,290,290,4.0,3,1
7436,29925208,29925208,130,124,1,-1,-1,nan,0,0
7437,29925210,29925210,237,78,0,-1,-1,nan,0,0
7438,29925213,29925213,136,125,1,324,324,41.0,1,1
7439,29925214,29925214,83,22,0,2,2,26.0,1,1
7440,29925215,29925215,28,112,1,165,165,10.0,2,1
7441,29925222,29925222,96,0,1,-1,-1,nan,0,0
7442,29925223,29925223,128,122,1,384,384,40.0,1,1
7443,29925224,29925224,175,41,0,310,310,8.0,3,1
7444,29925230,29925230,175,102,1,29,29,1.0,2,1
7445,29925234,29925234,171,58,0,155,155,58.0,1,1
7446,29925245,29925245,173,40,1,310,310,1.0,5,1
7447,29925246,29925246,121,135,0,36,36,36.0,3,1
7448,29925246,29925246,31,97,0,166,166,5.0,3,1
7449,29925246,29925246,33,101,0,166,166,9.0,1,1
7450,29925246,29925246,177,101,1,29,29,8.0,2,1
7451,29925248,29925248,230,86,0,-1,-1,nan,0,0
7452,29925251,29925251,148,143,0,290,290,2.0,3,1
7453,29925261,29925261,147,141,0,290,290,9.0,3,1
7454,29925261,29925261,165,48,0,344,344,10.0,3,1
7455,29925261,29925261,138,139,0,130,130,10.0,3,1
7456,29925263,29925263,164,37,1,237,237,10.0,3,1
7457,29925264,29925264,177,100,1,29,29,13.0,3,1
7458,29925266,29925266,33,98,0,166,166,0.0,3,1
7459,29925268,29925268,135,138,0,173,173,8.0,3,1
7460,29925271,29925271,233,150,0,184,184,53.0,1,1
7461,29925271,29925271,236,75,0,71,71,49.0,3,1
7462,29925271,29925271,152,143,0,254,254,26.0,2,1
7463,29925281,29925281,31,94,0,207,207,18.0,3,1
7464,29925289,29925289,115,81,0,19,19,40.0,2,1
7465,29925312,29925312,176,178,1,45,45,16.0,2,1
7466,29925316,29925316,174,39,1,310,310,1.0,4,1
7467,29925318,29925318,105,81,1,-1,-1,nan,0,0
7468,29925320,29925320,138,126,1,324,324,34.0,1,1
7469,29925321,29925321,193,105,0,125,125,4.0,1,1
7470,29925322,29925322,154,143,0,254,254,34.0,3,1
7471,29925327,29925327,98,1,0,-1,-1,nan,0,0
7472,29925343,29925343,141,139,0,130,130,13.0,4,1
7473,29925363,29925363,127,138,0,36,36,9.0,3,1
7474,29925364,29925364,83,44,0,58,58,17.0,2,1
7475,29925364,29925364,110,78,1,19,19,18.0,1,1
7476,29925371,29925371,114,81,0,19,19,37.0,1,1
7477,29925372,29925372,105,95,0,-1,-1,nan,0,0
7478,29925376,29925376,229,69,1,118,118,4.0,4,1
7479,29925378,29925378,152,130,1,-1,-1,nan,0,0
7480,29925382,29925382,232,68,1,118,118,2.0,3,1
7481,29925384,29925384,118,120,1,75,75,8.0,1,1
7482,29925390,29925390,235,77,0,23,23,37.0,1,1
7483,29925394,29925394,144,141,0,290,290,18.0,5,1
7484,29925395,29925395,230,80,1,23,23,17.0,1,1
7485,29925395,29925395,120,137,0,388,388,20.0,4,1
7486,29925400,29925400,186,115,0,30,30,45.0,1,1
7487,29925410,29925410,171,55,0,155,155,25.0,1,1
7488,29925419,29925419,226,76,1,23,23,9.0,2,1
7489,29925420,29925420,236,70,1,71,71,4.0,3,1
7490,29925425,29925425,72,23,1,50,50,10.0,3,1
7491,29925426,29925426,173,179,1,45,45,2.0,2,1
7492,29925426,29925426,227,74,1,23,23,8.0,3,1
7493,29925428,29925428,25,105,1,24,24,17.0,2,1
7494,29925429,29925429,177,46,1,197,197,4.0,3,1
7495,29925430,29925430,172,48,0,275,275,5.0,3,1
7496,29925441,29925441,160,45,1,61,61,8.0,3,1
7497,29925445,29925445,117,121,1,75,75,10.0,1,1
7498,29925446,29925446,101,84,1,67,67,45.0,1,1
7499,29925450,29925450,234,76,0,23,23,25.0,2,1
7500,29925452,29925452,145,140,0,290,290,20.0,4,1
7501,29925467,29925467,113,82,0,19,19,49.0,1,1
7502,29925471,29925471,158,129,1,37,37,18.0,2,1
7503,29925472,29925472,143,141,0,290,290,25.0,4,1
7504,29925480,29925480,134,127,1,-1,-1,nan,0,0
7505,29925491,29925491,231,69,1,118,118,0.0,5,1
7506,29925493,29925493,183,115,0,30,30,36.0,2,1
7507,29925496,29925496,153,143,0,254,254,29.0,3,1
7508,29925498,29925498,27,109,1,165,165,8.0,2,1
7509,29925503,29925503,232,130,1,39,39,20.0,2,1
7510,29925508,29925508,228,84,0,-1,-1,nan,0,0
7511,29925511,29925511,125,123,1,-1,-1,nan,0,0
7512,29925518,29925518,185,95,1,77,77,53.0,1,1
7513,29925518,29925518,78,30,0,144,144,8.0,2,1
7514,29925529,29925529,233,130,1,39,39,29.0,2,1
7515,29925529,29925529,154,134,0,254,254,25.0,3,1
7516,29925529,29925529,192,102,1,125,125,10.0,2,1
7517,29925534,29925534,176,40,0,310,310,10.0,4,1
7518,29925539,29925539,131,126,1,-1,-1,nan,0,0
7519,29925539,29925539,83,41,0,10,10,9.0,2,1
7520,29925548,29925548,148,130,1,357,357,49.0,1,1
7521,29925549,29925549,29,94,0,72,72,13.0,4,1
7522,29925553,29925553,189,113,0,30,30,52.0,1,1
7523,29925553,29925553,164,45,1,344,344,0.0,5,1
7524,29925554,29925554,175,39,1,310,310,4.0,3,1
7525,29925554,29925554,231,68,1,118,118,1.0,4,1
7526,29925554,29925554,169,54,1,155,155,10.0,2,1
7527,29925557,29925557,156,131,1,215,215,26.0,3,1
7528,29925564,29925564,228,134,1,39,39,36.0,1,1
7529,29925564,29925564,164,49,0,344,344,16.0,3,1
7530,29925564,29925564,120,4,0,458,458,13.0,3,1
7531,29925569,29925569,85,42,0,10,10,20.0,2,1
7532,29925570,29925570,79,20,0,2,2,10.0,1,1
7533,29925570,29925570,232,85,0,-1,-1,nan,0,0
7534,29925570,29925570,177,110,0,30,30,37.0,2,1
7535,29925574,29925574,114,76,1,19,19,2.0,1,1
7536,29925584,29925584,102,92,0,-1,-1,nan,0,0
7537,29925588,29925588,234,77,0,23,23,26.0,1,1
7538,29925596,29925596,227,72,1,164,164,13.0,3,1
7539,29925599,29925599,95,86,1,67,67,1.0,1,1
7540,29925605,29925605,86,40,0,10,10,13.0,1,1
7541,29925606,29925606,188,97,1,78,78,26.0,1,1
7542,29925610,29925610,142,127,1,324,324,37.0,2,1
7543,29925626,29925626,111,77,1,19,19,8.0,1,1
7544,29925629,29925629,167,49,0,155,155,5.0,3,1
7545,29925632,29925632,233,151,0,184,184,40.0,1,1
7546,29925637,29925637,176,111,0,286,286,49.0,2,1
7547,29925637,29925637,77,29,0,144,144,2.0,2,1
7548,29925639,29925639,79,28,0,144,144,9.0,2,1
7549,29925639,29925639,76,31,0,144,144,9.0,1,1
7550,29925640,29925640,115,134,0,35,35,4.0,2,1
7551,29925640,29925640,87,39,0,10,10,17.0,1,1
7552,29925641,29925641,147,128,1,357,357,26.0,1,1
7553,29925647,29925647,175,42,0,197,197,8.0,3,1
7554,29925655,29925655,84,35,0,10,10,10.0,1,1
7555,29925662,29925662,191,111,0,125,125,36.0,1,1
7556,29925668,29925668,103,93,0,-1,-1,nan,0,0
7557,29925673,29925673,33,99,0,166,166,1.0,2,1
7558,29925673,29925673,166,48,0,155,155,13.0,3,1
7559,29925673,29925673,122,3,0,458,458,4.0,4,1
7560,29925706,29925706,187,114,1,30,30,41.0,1,1
7561,29925717,29925717,81,21,0,2,2,13.0,1,1
7562,29925718,29925718,117,135,0,35,35,13.0,3,1
7563,29925721,29925721,159,134,0,215,215,8.0,2,1
7564,29925722,29925722,34,104,0,166,166,37.0,1,1
7565,29925722,29925722,176,104,1,29,29,2.0,2,1
7566,29925729,29925729,85,40,0,10,10,8.0,2,1
7567,29925731,29925731,158,128,1,37,37,13.0,2,1
7568,29925732,29925732,148,129,1,357,357,36.0,1,1
7569,29925734,29925734,113,79,0,19,19,16.0,1,1
7570,29925739,29925739,230,129,1,39,39,5.0,1,1
7571,29925743,29925743,129,138,0,36,36,13.0,3,1
7572,29925745,29925745,164,35,1,376,376,9.0,3,1
7573,29925750,29925750,186,97,1,78,78,50.0,1,1
7574,29925754,29925754,76,30,0,144,144,4.0,2,1
7575,29925757,29925757,70,37,1,-1,-1,nan,0,0
7576,29925764,29925764,191,109,0,125,125,16.0,1,1
7577,29925765,29925765,83,43,0,58,58,20.0,2,1
7578,29925768,29925768,158,136,0,85,85,5.0,3,1
7579,29925775,29925775,236,132,1,176,176,13.0,1,1
7580,29925776,29925776,236,150,0,184,184,50.0,1,1
7581,29925776,29925776,83,23,0,2,2,25.0,1,1
7582,29925778,29925778,180,49,0,198,198,18.0,3,1
7583,29925779,29925779,81,33,0,10,10,29.0,2,1
7584,29925780,29925780,236,78,0,23,23,53.0,1,1
7585,29925781,29925781,156,129,1,37,37,34.0,2,1
7586,29925794,29925794,70,26,1,50,50,37.0,2,1
7587,29925801,29925801,72,24,1,50,50,17.0,3,1
7588,29925805,29925805,157,131,1,215,215,17.0,3,1
7589,29925806,29925806,236,149,0,-1,-1,nan,0,0
7590,29925806,29925806,227,70,1,164,164,9.0,3,1
7591,29925809,29925809,191,101,1,125,125,16.0,2,1
7592,29925810,29925810,236,134,0,176,176,5.0,2,1
7593,29925816,29925816,226,135,1,39,39,53.0,1,1
7594,29925835,29925835,105,94,0,-1,-1,nan,0,0
7595,29925838,29925838,125,137,0,36,36,8.0,2,1
7596,29925848,29925848,98,90,0,67,67,18.0,1,1
7597,29925851,29925851,226,138,0,87,87,58.0,1,1
7598,29925861,29925861,192,99,1,78,78,10.0,2,1
7599,29925867,29925867,123,0,0,458,458,2.0,3,1
7600,29925867,29925867,233,77,0,23,23,17.0,1,1
7601,29925870,29925870,179,108,0,30,30,17.0,2,1
7602,29925874,29925874,147,140,0,290,290,16.0,3,1
7603,29925879,29925879,230,139,0,87,87,13.0,1,1
7604,29925884,29925884,122,124,1,-1,-1,nan,0,0
7605,29925886,29925886,165,49,0,155,155,13.0,3,1
7606,29925889,29925889,233,68,1,118,118,5.0,3,1
7607,29925903,29925903,180,50,0,198,198,25.0,3,1
7608,29925903,29925903,172,55,0,155,155,32.0,1,1
7609,29925906,29925906,151,142,0,254,254,16.0,2,1
7610,29925907,29925907,225,137,1,-1,-1,nan,0,0
7611,29925909,29925909,31,98,0,166,166,4.0,3,1
7612,29925915,29925915,116,134,0,35,35,5.0,2,1
7613,29925915,29925915,180,51,0,198,198,34.0,3,1
7614,29925920,29925920,160,46,1,61,61,13.0,2,1
7615,29925934,29925934,140,141,0,253,253,13.0,4,1
7616,29925937,29925937,107,79,1,19,19,52.0,1,1
7617,29925940,29925940,97,90,0,67,67,13.0,1,1
7618,29925943,29925943,189,99,1,78,78,25.0,2,1
7619,29925944,29925944,171,41,1,310,310,8.0,4,1
7620,29925945,29925945,110,79,1,19,19,25.0,1,1
7621,29925951,29925951,174,179,1,45,45,5.0,2,1
7622,29925955,29925955,143,128,1,357,357,50.0,2,1
7623,29925955,29925955,145,128,1,357,357,34.0,1,1
7624,29925955,29925955,173,49,0,275,275,13.0,3,1
7625,29925956,29925956,142,141,0,84,84,25.0,4,1
7626,29925958,29925958,108,78,1,19,19,34.0,1,1
7627,29925969,29925969,115,79,0,19,19,20.0,1,1
7628,29925971,29925971,181,179,1,139,139,45.0,1,1
7629,29925980,29925980,132,137,0,173,173,2.0,4,1
7630,29925987,29925987,156,144,0,131,131,40.0,3,1
7631,29925987,29925987,126,125,1,-1,-1,nan,0,0
7632,29925992,29925992,228,132,1,39,39,16.0,1,1
7633,29925994,29925994,177,99,1,249,249,17.0,3,1
7634,29925994,29925994,177,178,1,45,45,25.0,2,1
7635,29925995,29925995,178,39,0,310,310,25.0,4,1
7636,29925997,29925997,193,102,1,125,125,13.0,2,1
7637,29926002,29926002,185,97,1,-1,-1,nan,0,0
7638,29926009,29926009,28,93,0,72,72,13.0,4,1
7639,29926016,29926016,152,142,0,254,254,17.0,2,1
7640,29926017,29926017,194,105,0,125,125,9.0,1,1
7641,29926017,29926017,227,138,0,87,87,45.0,1,1
7642,29926026,29926026,34,101,0,166,166,10.0,1,1
7643,29926031,29926031,143,140,0,130,130,32.0,4,1
7644,29926033,29926033,84,42,0,10,10,17.0,2,1
7645,29926036,29926036,167,47,0,344,344,13.0,3,1
7646,29926042,29926042,182,116,0,286,286,40.0,2,1
7647,29926047,29926047,138,140,0,253,253,10.0,4,1
7648,29926048,29926048,139,128,1,324,324,53.0,1,1
7649,29926048,29926048,103,82,1,-1,-1,nan,0,0
7650,29926059,29926059,114,98,0,27,27,1.0,2,1
7651,29926063,29926063,157,140,0,85,85,8.0,3,1
7652,29926063,29926063,110,96,0,27,27,17.0,1,1
7653,29926072,29926072,235,149,0,-1,-1,nan,0,0
7654,29926076,29926076,80,28,0,144,144,16.0,2,1
7655,29926089,29926089,230,128,1,39,39,4.0,2,1
7656,29926089,29926089,231,81,0,23,23,29.0,1,1
7657,29926090,29926090,192,109,0,125,125,17.0,1,1
7658,29926090,29926090,237,76,0,-1,-1,nan,0,0
7659,29926097,29926097,165,45,1,344,344,1.0,4,1
7660,29926099,29926099,88,38,0,10,10,25.0,1,1
7661,29926100,29926100,167,43,1,344,344,13.0,4,1
7662,29926100,29926100,153,130,1,-1,-1,nan,0,0
7663,29926103,29926103,110,28,0,228,228,5.0,4,1
7664,29926105,29926105,130,126,1,-1,-1,nan,0,0
7665,29926120,29926120,84,40,0,10,10,5.0,2,1
7666,29926120,29926120,179,48,1,197,197,20.0,2,1
7667,29926120,29926120,157,132,1,215,215,16.0,3,1
7668,29926131,29926131,101,83,1,67,67,52.0,1,1
7669,29926133,29926133,156,130,1,215,215,29.0,2,1
7670,29926141,29926141,115,99,0,27,27,5.0,2,1
7671,29926146,29926146,158,130,1,215,215,13.0,2,1
7672,29926146,29926146,232,81,0,23,23,34.0,1,1
7673,29926146,29926146,80,27,0,144,144,17.0,2,1
7674,29926146,29926146,166,47,0,344,344,8.0,3,1
7675,29926148,29926148,87,37,0,10,10,17.0,1,1
7676,29926164,29926164,235,132,1,176,176,18.0,1,1
7677,29926172,29926172,154,142,0,254,254,25.0,3,1
7678,29926177,29926177,174,49,0,275,275,18.0,3,1
7679,29926186,29926186,230,152,0,47,47,26.0,2,1
7680,29926187,29926187,107,80,1,19,19,61.0,1,1
7681,29926187,29926187,182,114,0,30,30,26.0,2,1
7682,29926187,29926187,130,138,0,173,173,13.0,2,1
7683,29926187,29926187,174,40,1,310,310,2.0,4,1
7684,29926189,29926189,65,33,1,106,106,20.0,1,1
7685,29926189,29926189,81,44,0,58,58,5.0,2,1
7686,29926189,29926189,176,112,0,286,286,36.0,2,1
7687,29926196,29926196,81,22,0,2,2,10.0,2,1
7688,29926196,29926196,185,115,0,30,30,40.0,1,1
7689,29926198,29926198,29,93,0,72,72,18.0,4,1
7690,29926205,29926205,233,131,1,39,39,34.0,2,1
7691,29926207,29926207,232,84,0,-1,-1,nan,0,0
7692,29926217,29926217,143,127,1,324,324,40.0,2,1
7693,29926223,29926223,163,46,1,344,344,2.0,3,1
7694,29926224,29926224,234,150,0,184,184,50.0,1,1
7695,29926227,29926227,174,50,1,275,275,25.0,3,1
7696,29926238,29926238,67,30,1,106,106,61.0,1,1
7697,29926239,29926239,124,122,1,-1,-1,nan,0,0
7698,29926247,29926247,50,31,0,105,105,20.0,2,1
7699,29926248,29926248,146,130,1,357,357,53.0,1,1
7700,29926252,29926252,226,77,1,23,23,10.0,2,1
7701,29926259,29926259,188,98,1,78,78,29.0,2,1
7702,29926267,29926267,113,134,0,35,35,8.0,2,1
7703,29926272,29926272,175,179,1,45,45,10.0,2,1
7704,29926274,29926274,20,100,1,24,24,17.0,3,1
7705,29926288,29926288,158,137,0,85,85,2.0,3,1
7706,29926293,29926293,232,79,0,23,23,18.0,1,1
7707,29926293,29926293,185,114,0,30,30,29.0,1,1
7708,29926299,29926299,147,130,1,357,357,50.0,1,1
7709,29926299,29926299,79,29,0,144,144,10.0,2,1
7710,29926303,29926303,177,112,0,286,286,37.0,2,1
7711,29926311,29926311,180,113,1,30,30,25.0,2,1
7712,29926311,29926311,146,127,1,357,357,20.0,2,1
7713,29926311,29926311,176,50,0,197,197,37.0,2,1
7714,29926316,29926316,98,86,1,67,67,10.0,1,1
7715,29926316,29926316,190,113,0,-1,-1,nan,0,0
7716,29926318,29926318,168,49,0,155,155,4.0,3,1
7717,29926319,29926319,151,143,0,290,290,17.0,2,1
7718,29926324,29926324,229,152,0,47,47,17.0,2,1
7719,29926326,29926326,122,136,0,388,388,25.0,2,1
7720,29926337,29926337,229,85,0,-1,-1,nan,0,0
7721,29926339,29926339,142,128,1,324,324,50.0,2,1
7722,29926342,29926342,184,115,0,30,30,37.0,1,1
7723,29926351,29926351,96,87,1,67,67,1.0,1,1
7724,29926390,29926390,81,26,0,2,2,18.0,2,1
7725,29926393,29926393,114,89,0,-1,-1,nan,0,0
7726,29926399,29926399,114,97,0,27,27,0.0,2,1
7727,29926399,29926399,187,97,1,78,78,37.0,1,1
7728,29926406,29926406,236,133,0,176,176,8.0,1,1
7729,29926412,29926412,158,144,0,131,131,20.0,2,1
7730,29926428,29926428,135,126,1,324,324,61.0,1,1
7731,29926432,29926432,111,0,1,3,3,26.0,1,1
7732,29926433,29926433,156,132,1,215,215,25.0,4,1
7733,29926449,29926449,177,179,1,45,45,26.0,2,1
7734,29926450,29926450,30,92,0,207,207,17.0,4,1
7735,29926450,29926450,106,12,0,145,145,17.0,2,1
7736,29926450,29926450,228,83,0,23,23,50.0,1,1
7737,29926452,29926452,68,36,1,106,106,50.0,1,1
7738,29926453,29926453,191,100,1,78,78,20.0,2,1
7739,29926457,29926457,188,114,0,30,30,50.0,1,1
7740,29926460,29926460,165,43,1,344,344,5.0,4,1
7741,29926480,29926480,112,78,1,19,19,10.0,1,1
7742,29926491,29926491,191,112,1,125,125,49.0,1,1
7743,29926493,29926493,226,75,1,23,23,10.0,3,1
7744,29926500,29926500,229,71,1,118,118,8.0,4,1
7745,29926501,29926501,130,125,1,-1,-1,nan,0,0
7746,29926506,29926506,69,28,1,144,144,49.0,1,1
7747,29926524,29926524,121,3,0,458,458,5.0,3,1
7748,29926527,29926527,238,78,0,-1,-1,nan,0,0
7749,29926529,29926529,181,50,0,198,198,20.0,3,1
7750,29926529,29926529,176,44,0,197,197,1.0,4,1
7751,29926534,29926534,134,139,0,173,173,10.0,3,1
7752,29926545,29926545,128,137,0,36,36,5.0,3,1
7753,29926548,29926548,119,3,0,3,3,13.0,3,1
7754,29926553,29926553,163,36,1,237,237,8.0,3,1
7755,29926557,29926557,123,3,0,458,458,5.0,4,1
7756,29926568,29926568,35,103,0,166,166,29.0,1,1
7757,29926571,29926571,26,108,1,165,165,10.0,2,1
7758,29926572,29926572,239,78,0,-1,-1,nan,0,0
7759,29926581,29926581,114,82,0,19,19,50.0,2,1
7760,29926586,29926586,108,97,0,27,27,36.0,1,1
7761,29926586,29926586,183,116,0,30,30,49.0,2,1
7762,29926587,29926587,80,26,0,2,2,13.0,2,1
7763,29926588,29926588,83,45,0,58,58,16.0,2,1
7764,29926592,29926592,75,20,1,50,50,16.0,2,1
7765,29926593,29926593,164,46,1,344,344,1.0,4,1
7766,29926597,29926597,177,50,0,197,197,36.0,3,1
7767,29926598,29926598,232,78,0,23,23,13.0,1,1
7768,29926598,29926598,193,104,0,125,125,5.0,1,1
7769,29926599,29926599,140,140,0,130,130,17.0,3,1
7770,29926602,29926602,147,127,1,357,357,17.0,1,1
7771,29926603,29926603,98,91,0,67,67,25.0,1,1
7772,29926603,29926603,27,76,0,240,240,5.0,4,1
7773,29926606,29926606,179,178,1,139,139,26.0,2,1
7774,29926607,29926607,231,150,1,47,47,45.0,1,1
7775,29926607,29926607,127,137,0,36,36,4.0,3,1
7776,29926608,29926608,136,139,0,253,253,17.0,3,1
7777,29926610,29926610,234,69,1,71,71,5.0,3,1
7778,29926612,29926612,112,0,1,3,3,17.0,1,1
7779,29926619,29926619,31,115,1,165,165,52.0,1,1
7780,29926619,29926619,30,97,0,166,166,10.0,3,1
7781,29926625,29926625,122,4,0,458,458,9.0,4,1
7782,29926630,29926630,78,26,0,144,144,8.0,2,1
7783,29926633,29926633,231,152,0,47,47,37.0,2,1
7784,29926645,29926645,123,136,0,36,36,17.0,2,1
7785,29926660,29926660,121,4,0,458,458,10.0,3,1
7786,29926665,29926665,228,71,1,118,118,13.0,3,1
7787,29926671,29926671,180,99,1,77,77,40.0,3,1
7788,29926671,29926671,66,35,1,106,106,25.0,1,1
7789,29926680,29926680,232,69,1,118,118,1.0,4,1
7790,29926681,29926681,235,78,0,23,23,40.0,1,1
7791,29926686,29926686,192,110,0,125,125,26.0,1,1
7792,29926694,29926694,33,103,0,166,166,25.0,1,1
7793,29926697,29926697,164,48,0,344,344,9.0,4,1
7794,29926697,29926697,80,32,0,144,144,32.0,2,1
7795,29926702,29926702,118,4,0,3,3,13.0,3,1
7796,29926705,29926705,182,115,0,30,30,37.0,2,1
7797,29926716,29926716,158,138,1,85,85,1.0,3,1
7798,29926723,29926723,185,113,0,30,30,20.0,1,1
7799,29926725,29926725,137,140,0,253,253,9.0,4,1
7800,29926726,29926726,235,150,0,184,184,49.0,1,1
7801,29926726,29926726,181,112,0,30,30,13.0,2,1
7802,29926727,29926727,101,91,0,67,67,52.0,1,1
7803,29926728,29926728,124,124,1,-1,-1,nan,0,0
7804,29926738,29926738,166,44,1,344,344,5.0,4,1
7805,29926740,29926740,167,38,1,376,376,9.0,5,1
7806,29926750,29926750,231,86,0,-1,-1,nan,0,0
7807,29926752,29926752,158,135,0,85,85,10.0,3,1
7808,29926761,29926761,123,2,0,458,458,2.0,4,1
7809,29926784,29926784,185,116,0,30,30,53.0,1,1
7810,29926784,29926784,115,100,0,27,27,10.0,2,1
7811,29926795,29926795,176,100,1,29,29,10.0,3,1
7812,29926798,29926798,227,135,1,39,39,50.0,1,1
7813,29926802,29926802,178,38,0,310,310,26.0,4,1
7814,29926807,29926807,27,110,1,165,165,5.0,1,1
7815,29926810,29926810,26,106,1,165,165,26.0,2,1
7816,29926810,29926810,115,85,0,115,115,36.0,1,1
7817,29926812,29926812,102,83,1,-1,-1,nan,0,0
7818,29926812,29926812,95,87,1,67,67,0.0,1,1
7819,29926817,29926817,27,91,0,112,112,13.0,3,1
7820,29926818,29926818,146,142,0,290,290,5.0,3,1
7821,29926819,29926819,83,24,0,2,2,26.0,1,1
7822,29926820,29926820,226,79,1,23,23,18.0,1,1
7823,29926821,29926821,161,47,1,344,344,13.0,2,1
7824,29926829,29926829,137,139,0,130,130,13.0,3,1
7825,29926831,29926831,113,77,1,19,19,4.0,1,1
7826,29926831,29926831,188,115,0,30,30,61.0,1,1
7827,29926839,29926839,228,70,1,118,118,10.0,3,1
7828,29926841,29926841,174,110,0,29,29,50.0,1,1
7829,29926851,29926851,83,36,0,10,10,4.0,1,1
7830,29926857,29926857,102,93,0,-1,-1,nan,0,0
7831,29926859,29926859,192,106,0,125,125,2.0,1,1
7832,29926859,29926859,139,127,1,324,324,40.0,1,1
7833,29926872,29926872,84,43,0,10,10,26.0,2,1
7834,29926872,29926872,229,133,1,39,39,26.0,1,1
7835,29926877,29926877,235,69,1,71,71,2.0,3,1
7836,29926886,29926886,84,41,0,10,10,10.0,2,1
7837,29926901,29926901,146,143,0,290,290,2.0,3,1
7838,29926901,29926901,128,124,1,-1,-1,nan,0,0
7839,29926913,29926913,70,38,1,-1,-1,nan,0,0
7840,29926916,29926916,123,137,0,388,388,17.0,2,1
7841,29926918,29926918,76,18,1,2,2,29.0,2,1
7842,29926921,29926921,147,129,1,357,357,37.0,1,1
7843,29926921,29926921,151,129,1,357,357,45.0,1,1
7844,29926937,29926937,138,128,1,324,324,58.0,1,1
7845,29926943,29926943,149,141,0,254,254,13.0,2,1
7846,29926956,29926956,78,19,0,2,2,16.0,2,1
7847,29926961,29926961,82,25,0,2,2,20.0,2,1
7848,29926964,29926964,114,134,0,35,35,5.0,2,1
7849,29926964,29926964,183,51,0,408,408,18.0,2,1
7850,29926968,29926968,232,128,1,39,39,16.0,3,1
7851,29926980,29926980,232,80,0,23,23,25.0,1,1
7852,29926985,29926985,149,142,0,290,290,8.0,2,1
7853,29926993,29926993,190,114,0,-1,-1,nan,0,0
7854,29926994,29926994,103,92,0,-1,-1,nan,0,0
7855,29927004,29927004,226,136,1,-1,-1,nan,0,0
7856,29927008,29927008,34,105,0,166,166,50.0,2,1
7857,29927009,29927009,152,144,0,290,290,25.0,2,1
7858,29927010,29927010,192,108,1,125,125,10.0,1,1
7859,29927016,29927016,228,131,1,39,39,9.0,1,1
7860,29927025,29927025,24,103,1,24,24,10.0,2,1
7861,29927036,29927036,232,151,0,184,184,45.0,2,1
7862,29927036,29927036,190,100,1,78,78,25.0,2,1
7863,29927044,29927044,189,114,0,30,30,61.0,1,1
7864,29927045,29927045,181,116,0,286,286,29.0,2,1
7865,29927046,29927046,166,49,0,155,155,8.0,3,1
7866,29927047,29927047,32,101,0,166,166,10.0,2,1
7867,29927050,29927050,185,96,1,77,77,58.0,1,1
7868,29927059,29927059,184,116,0,30,30,50.0,1,1
7869,29927062,29927062,142,140,0,130,130,25.0,4,1
7870,29927062,29927062,85,39,0,10,10,5.0,1,1
7871,29927062,29927062,175,104,1,29,29,1.0,2,1
7872,29927073,29927073,22,100,1,24,24,17.0,2,1
7873,29927080,29927080,173,52,0,155,155,26.0,2,1
7874,29927082,29927082,186,114,0,30,30,34.0,1,1
7875,29927083,29927083,75,29,0,144,144,2.0,2,1
7876,29927086,29927086,182,51,0,408,408,25.0,2,1
7877,29927093,29927093,137,126,1,324,324,41.0,1,1
7878,29927098,29927098,150,142,0,290,290,13.0,2,1
7879,29927103,29927103,115,88,0,115,115,45.0,1,1
7880,29927109,29927109,231,129,1,39,39,10.0,1,1
7881,29927109,29927109,172,54,0,155,155,25.0,1,1
7882,29927109,29927109,113,99,0,27,27,5.0,1,1
7883,29927123,29927123,123,1,0,458,458,1.0,4,1
7884,29927129,29927129,141,141,0,253,253,20.0,4,1
7885,29927134,29927134,105,79,1,-1,-1,nan,0,0
7886,29927134,29927134,143,129,1,357,357,61.0,1,1
7887,29927136,29927136,228,73,1,23,23,10.0,3,1
7888,29927136,29927136,166,46,0,344,344,5.0,3,1
7889,29927145,29927145,234,130,1,39,39,40.0,2,1
7890,29927145,29927145,114,86,0,115,115,50.0,1,1
7891,29927147,29927147,187,113,0,30,30,32.0,1,1
7892,29927148,29927148,142,129,1,130,130,58.0,1,1
7893,29927154,29927154,148,141,0,290,290,10.0,3,1
7894,29927154,29927154,139,140,0,253,253,13.0,4,1
7895,29927157,29927157,183,97,1,77,77,41.0,1,1
7896,29927160,29927160,78,32,0,144,144,20.0,2,1
7897,29927165,29927165,129,137,0,36,36,8.0,2,1
7898,29927167,29927167,68,29,1,-1,-1,nan,0,0
7899,29927167,29927167,237,134,0,176,176,2.0,1,1
7900,29927168,29927168,172,41,1,310,310,5.0,4,1
7901,29927175,29927175,82,21,0,2,2,20.0,1,1
7902,29927184,29927184,121,136,0,388,388,26.0,4,1
7903,29927186,29927186,179,51,0,198,198,41.0,3,1
7904,29927193,29927193,132,125,1,-1,-1,nan,0,0
7905,29927194,29927194,155,144,0,85,85,52.0,3,1
7906,29927215,29927215,164,47,0,344,344,4.0,4,1
7907,29927221,29927221,232,82,1,23,23,45.0,1,1
7908,29927222,29927222,184,96,1,77,77,45.0,1,1
7909,29927222,29927222,138,127,1,324,324,45.0,1,1
7910,29927229,29927229,175,105,1,29,29,4.0,2,1
7911,29927239,29927239,115,135,0,35,35,9.0,2,1
7912,29927240,29927240,132,139,0,173,173,10.0,5,1
7913,29927241,29927241,106,81,1,-1,-1,nan,0,0
7914,29927252,29927252,228,69,1,118,118,9.0,3,1
7915,29927257,29927257,133,125,1,-1,-1,nan,0,0
7916,29927263,29927263,81,25,0,2,2,13.0,2,1
7917,29927273,29927273,234,132,1,176,176,25.0,2,1
7918,29927278,29927278,231,79,0,23,23,13.0,1,1
7919,29927284,29927284,177,113,0,286,286,26.0,2,1
7920,29927292,29927292,230,70,1,118,118,2.0,4,1
7921,29927307,29927307,178,114,0,286,286,20.0,2,1
7922,29927308,29927308,165,40,1,237,237,20.0,4,1
7923,29927309,29927309,178,51,0,197,197,50.0,2,1
7924,29927314,29927314,235,131,1,176,176,25.0,2,1
7925,29927318,29927318,232,152,0,184,184,34.0,2,1
7926,29927319,29927319,140,128,1,324,324,50.0,1,1
7927,29927332,29927332,183,98,1,77,77,50.0,1,1
7928,29927334,29927334,75,19,1,50,50,17.0,2,1
7929,29927340,29927340,235,134,0,176,176,10.0,2,1
7930,29927340,29927340,124,123,1,-1,-1,nan,0,0
7931,29927344,29927344,177,41,0,197,197,9.0,4,1
7932,29927345,29927345,73,22,1,50,50,8.0,3,1
7933,29927345,29927345,192,107,0,125,125,5.0,1,1
7934,29927345,29927345,33,102,0,166,166,16.0,1,1
7935,29927347,29927347,148,142,0,290,290,5.0,3,1
7936,29927347,29927347,225,139,0,-1,-1,nan,0,0
7937,29927350,29927350,181,51,0,198,198,29.0,2,1
7938,29927354,29927354,124,137,0,36,36,13.0,2,1
7939,29927374,29927374,175,43,0,197,197,5.0,3,1
7940,29927376,29927376,87,38,0,10,10,16.0,1,1
7941,29927384,29927384,74,21,1,50,50,10.0,3,1
7942,29927397,29927397,159,131,1,215,215,5.0,3,1
7943,29927399,29927399,86,41,0,10,10,18.0,1,1
7944,29927404,29927404,109,97,0,27,27,25.0,1,1
7945,29927407,29927407,175,111,0,286,286,50.0,1,1
7946,29927415,29927415,152,128,1,357,357,41.0,1,1
7947,29927416,29927416,117,136,0,35,35,20.0,3,1
7948,29927416,29927416,232,83,0,23,23,58.0,1,1
7949,29927416,29927416,180,98,1,77,77,29.0,3,1
7950,29927421,29927421,99,2,0,-1,-1,nan,0,0
7951,29927421,29927421,103,94,0,-1,-1,nan,0,0
7952,29927432,29927432,233,69,1,118,118,4.0,3,1
7953,29927437,29927437,115,89,0,115,115,52.0,1,1
7954,29927438,29927438,82,23,0,2,2,16.0,2,1
7955,29927448,29927448,173,51,0,155,155,25.0,2,1
7956,29927448,29927448,234,78,0,23,23,29.0,1,1
7957,29927457,29927457,135,140,1,253,253,13.0,3,1
7958,29927461,29927461,174,38,1,310,310,2.0,4,1
7959,29927469,29927469,234,131,1,176,176,32.0,2,1
7960,29927478,29927478,226,78,1,23,23,13.0,1,1
7961,29927479,29927479,193,105,0,125,125,4.0,1,1
7962,29927487,29927487,177,40,1,197,197,16.0,2,1
7963,29927495,29927495,178,40,0,197,197,17.0,4,1
7964,29927499,29927499,234,151,0,184,184,37.0,1,1
7965,29927499,29927499,85,35,0,10,10,13.0,1,1
7966,29927505,29927505,121,2,0,458,458,2.0,3,1
7967,29927507,29927507,230,69,1,118,118,1.0,5,1
7968,29927508,29927508,116,78,0,19,19,18.0,2,1
7969,29927517,29927517,152,129,1,357,357,52.0,1,1
7970,29927523,29927523,173,40,1,310,310,1.0,5,1
7971,29927523,29927523,134,126,1,-1,-1,nan,0,0
7972,29927528,29927528,156,143,0,85,85,34.0,3,1
7973,29927541,29927541,188,113,0,30,30,41.0,1,1
7974,29927548,29927548,166,43,1,344,344,8.0,3,1
7975,29927556,29927556,66,32,1,106,106,34.0,1,1
7976,29927559,29927559,114,100,0,27,27,9.0,2,1
7977,29927561,29927561,176,43,1,197,197,2.0,4,1
7978,29927564,29927564,105,82,1,-1,-1,nan,0,0
7979,29927567,29927567,179,98,1,77,77,26.0,3,1
7980,29927570,29927570,182,117,0,286,286,37.0,1,1
7981,29927575,29927575,168,37,1,376,376,5.0,4,1
7982,29927576,29927576,150,129,1,357,357,40.0,1,1
7983,29927582,29927582,155,143,0,85,85,41.0,3,1
7984,29927584,29927584,113,100,0,27,27,10.0,1,1
7985,29927586,29927586,176,105,1,29,29,5.0,2,1
7986,29927594,29927594,232,129,1,39,39,17.0,1,1
7987,29927625,29927625,157,138,0,85,85,4.0,3,1
7988,29927634,29927634,71,25,1,50,50,25.0,3,1
7989,29927643,29927643,133,139,0,173,173,9.0,4,1
7990,29927653,29927653,187,115,0,30,30,52.0,1,1
7991,29927654,29927654,159,48,1,61,61,26.0,2,1
7992,29927684,29927684,82,45,0,58,58,9.0,2,1
7993,29927692,29927692,239,77,1,-1,-1,nan,0,0
7994,29927693,29927693,28,94,0,72,72,8.0,4,1
7995,29927694,29927694,177,102,1,29,29,5.0,2,1
7996,29927695,29927695,100,85,1,67,67,29.0,1,1
7997,29927708,29927708,177,42,0,197,197,4.0,4,1
7998,29927711,29927711,192,103,1,125,125,5.0,2,1
7999,29927720,29927720,139,126,1,324,324,29.0,1,1
8000,29927724,29927724,226,139,0,87,87,53.0,1,1
8001,29927726,29927726,124,136,0,36,36,10.0,2,1
8002,29927728,29927728,122,123,1,75,75,61.0,1,1
8003,29927731,29927731,166,45,1,344,344,4.0,3,1
8004,29927741,29927741,100,84,1,67,67,34.0,1,1
8005,29927745,29927745,67,31,1,106,106,52.0,1,1
8006,29927747,29927747,173,53,0,155,155,29.0,2,1
8007,29927749,29927749,231,85,1,-1,-1,nan,0,0
8008,29927750,29927750,145,142,0,290,290,8.0,3,1
8009,29927767,29927767,219,138,1,-1,-1,nan,0,0
8010,29927767,29927767,163,123,1,37,37,13.0,2,1
8011,29927772,29927772,191,110,0,125,125,25.0,1,1
8012,29927772,29927772,119,136,0,35,35,32.0,3,1
8013,29927775,29927775,123,120,1,75,75,53.0,1,1
8014,29927777,29927777,170,56,1,155,155,29.0,2,1
8015,29927780,29927780,151,130,1,357,357,58.0,1,1
8016,29927785,29927785,141,127,1,324,324,36.0,1,1
8017,29927795,29927795,131,138,0,173,173,8.0,3,1
8018,29927803,29927803,109,79,1,19,19,32.0,1,1
8019,29927806,29927806,155,130,1,215,215,40.0,2,1
8020,29927808,29927808,111,78,1,19,19,13.0,1,1
8021,29927814,29927814,234,129,1,39,39,37.0,3,1
8022,29927819,29927819,70,27,1,144,144,37.0,2,1
8023,29927819,29927819,229,131,1,39,39,10.0,1,1
8024,29927826,29927826,116,136,0,35,35,17.0,3,1
8025,29927836,29927836,177,47,0,197,197,9.0,3,1
8026,29927844,29927844,237,78,0,-1,-1,nan,0,0
8027,29927853,29927853,104,82,1,-1,-1,nan,0,0
8028,29927865,29927865,153,144,0,290,290,36.0,2,1
8029,29927867,29927867,76,19,1,2,2,20.0,2,1
8030,29927875,29927875,122,122,1,75,75,52.0,1,1
8031,29927894,29927894,233,151,0,184,184,40.0,1,1
8032,29927898,29927898,193,106,0,125,125,5.0,1,1
8033,29927905,29927905,118,136,0,35,35,25.0,3,1
8034,29927914,29927914,68,27,1,50,50,58.0,1,1
8035,29927917,29927917,114,135,0,35,35,10.0,2,1
8036,29927935,29927935,135,139,0,173,173,13.0,3,1
8037,29927935,29927935,110,98,0,27,27,17.0,1,1
8038,29927936,29927936,176,39,1,310,310,9.0,3,1
8039,29927937,29927937,84,23,0,2,2,36.0,1,1
8040,29927942,29927942,65,34,1,106,106,17.0,1,1
8041,29927951,29927951,182,97,1,77,77,32.0,1,1
8042,29927953,29927953,134,140,0,173,173,17.0,4,1
8043,29927961,29927961,227,76,1,23,23,4.0,2,1
8044,29927961,29927961,227,75,1,23,23,5.0,3,1
8045,29927968,29927968,164,36,1,376,376,10.0,3,1
8046,29927973,29927973,98,84,1,67,67,18.0,1,1
8047,29927978,29927978,232,86,0,-1,-1,nan,0,0
8048,29927978,29927978,130,139,0,173,173,18.0,3,1
8049,29927989,29927989,147,141,0,290,290,9.0,3,1
8050,29927992,29927992,155,132,1,215,215,36.0,3,1
8051,29927994,29927994,115,80,0,19,19,29.0,2,1
8052,29927999,29927999,186,115,0,30,30,45.0,1,1
8053,29927999,29927999,230,86,0,-1,-1,nan,0,0
8054,29928009,29928009,163,49,0,344,344,17.0,3,1
8055,29928022,29928022,115,92,0,27,27,26.0,1,1
8056,29928035,29928035,227,134,1,39,39,37.0,1,1
8057,29928040,29928040,229,70,1,118,118,5.0,4,1
8058,29928040,29928040,81,27,0,2,2,25.0,2,1
8059,29928042,29928042,176,38,1,310,310,10.0,3,1
8060,29928045,29928045,167,44,1,344,344,10.0,4,1
8061,29928050,29928050,183,96,1,77,77,34.0,1,1
8062,29928051,29928051,152,143,0,254,254,26.0,2,1
8063,29928061,29928061,24,94,1,72,72,8.0,2,1
8064,29928063,29928063,115,90,0,27,27,50.0,2,1
8065,29928063,29928063,115,93,0,27,27,17.0,1,1
8066,29928066,29928066,236,150,0,184,184,50.0,1,1
8067,29928070,29928070,227,73,1,23,23,13.0,3,1
8068,29928079,29928079,128,123,1,384,384,53.0,1,1
8069,29928081,29928081,136,140,0,253,253,10.0,3,1
8070,29928089,29928089,72,24,1,50,50,17.0,3,1
8071,29928094,29928094,178,112,0,30,30,34.0,2,1
8072,29928096,29928096,231,151,0,47,47,40.0,2,1
8073,29928097,29928097,125,125,1,-1,-1,nan,0,0
8074,29928099,29928099,144,128,1,357,357,41.0,2,1
8075,29928107,29928107,236,134,0,176,176,5.0,2,1
8076,29928107,29928107,31,96,0,166,166,8.0,3,1
8077,29928109,29928109,25,104,1,24,24,16.0,2,1
8078,29928133,29928133,103,83,1,-1,-1,nan,0,0
8079,29928137,29928137,150,128,1,357,357,29.0,1,1
8080,29928143,29928143,133,126,1,-1,-1,nan,0,0
8081,29928143,29928143,161,49,0,344,344,25.0,3,1
8082,29928174,29928174,237,71,1,71,71,10.0,2,1
8083,29928176,29928176,106,96,0,-1,-1,nan,0,0
8084,29928177,29928177,137,127,1,324,324,52.0,1,1
8085,29928179,29928179,37,107,0,25,25,20.0,1,1
8086,29928179,29928179,184,114,0,30,30,26.0,1,1
8087,29928179,29928179,134,125,1,-1,-1,nan,0,0
8088,29928188,29928188,116,135,0,35,35,10.0,2,1
8089,29928189,29928189,175,49,0,275,275,25.0,3,1
8090,29928189,29928189,236,148,0,87,87,58.0,1,1
8091,29928193,29928193,191,111,0,125,125,36.0,1,1
8092,29928200,29928200,119,135,0,35,35,25.0,3,1
8093,29928205,29928205,179,100,1,29,29,25.0,3,1
8094,29928208,29928208,121,124,1,75,75,61.0,1,1
8095,29928220,29928220,178,99,1,29,29,25.0,3,1
8096,29928220,29928220,236,78,0,23,23,53.0,1,1
8097,29928234,29928234,101,92,0,67,67,61.0,1,1
8098,29928251,29928251,236,76,0,23,23,49.0,1,1
8099,29928251,29928251,128,138,0,36,36,10.0,3,1
8100,29928251,29928251,233,78,0,23,23,20.0,1,1
8101,29928253,29928253,154,131,1,215,215,50.0,2,1
8102,29928259,29928259,115,82,0,115,115,45.0,2,1
8103,29928269,29928269,141,140,0,130,130,20.0,4,1
8104,29928272,29928272,228,74,1,23,23,5.0,3,1
8105,29928279,29928279,230,153,0,47,47,25.0,2,1
8106,29928279,29928279,175,50,0,275,275,32.0,3,1
8107,29928280,29928280,32,99,0,166,166,2.0,2,1
8108,29928308,29928308,156,144,0,131,131,40.0,3,1
8109,29928313,29928313,181,99,1,77,77,45.0,2,1
8110,29928315,29928315,102,82,1,-1,-1,nan,0,0
8111,29928328,29928328,148,128,1,357,357,25.0,1,1
8112,29928330,29928330,146,141,0,290,290,10.0,3,1
8113,29928332,29928332,153,143,0,254,254,29.0,3,1
8114,29928348,29928348,232,81,0,23,23,34.0,1,1
8115,29928349,29928349,156,142,0,85,85,25.0,3,1
8116,29928354,29928354,177,103,1,29,29,4.0,2,1
8117,29928359,29928359,80,28,0,144,144,16.0,2,1
8118,29928359,29928359,133,138,0,173,173,4.0,4,1
8119,29928359,29928359,141,128,1,324,324,49.0,1,1
8120,29928364,29928364,157,141,0,85,85,13.0,3,1
8121,29928372,29928372,180,179,1,139,139,40.0,1,1
8122,29928373,29928373,31,99,0,166,166,5.0,2,1
8123,29928374,29928374,23,95,1,72,72,10.0,2,1
8124,29928378,29928378,179,114,0,286,286,25.0,2,1
8125,29928383,29928383,147,142,1,290,290,4.0,3,1
8126,29928383,29928383,238,79,0,-1,-1,nan,0,0
8127,29928384,29928384,99,90,0,67,67,25.0,1,1
8128,29928388,29928388,115,121,1,75,75,10.0,1,1
8129,29928389,29928389,111,98,0,27,27,10.0,1,1
8130,29928392,29928392,120,0,0,458,458,5.0,2,1
8131,29928393,29928393,157,142,0,85,85,20.0,3,1
8132,29928393,29928393,84,44,0,58,58,26.0,2,1
8133,29928394,29928394,177,38,1,310,310,17.0,3,1
8134,29928394,29928394,175,39,1,310,310,4.0,3,1
8135,29928395,29928395,175,103,1,29,29,0.0,2,1
8136,29928395,29928395,179,115,0,286,286,18.0,2,1
8137,29928403,29928403,115,83,0,115,115,40.0,1,1
8138,29928410,29928410,227,138,0,87,87,45.0,1,1
8139,29928411,29928411,100,3,0,-1,-1,nan,0,0
8140,29928411,29928411,154,130,1,215,215,53.0,1,1
8141,29928416,29928416,178,47,1,197,197,10.0,3,1
8142,29928435,29928435,162,48,0,344,344,13.0,3,1
8143,29928436,29928436,228,72,1,23,23,17.0,3,1
8144,29928437,29928437,104,9,0,145,145,20.0,1,1
8145,29928449,29928449,181,117,0,286,286,26.0,1,1
8146,29928456,29928456,180,116,0,286,286,20.0,2,1
8147,29928459,29928459,172,56,0,155,155,41.0,1,1
8148,29928464,29928464,124,0,0,458,458,5.0,2,1
8149,29928464,29928464,122,137,0,388,388,16.0,2,1
8150,29928467,29928467,183,115,0,30,30,36.0,2,1
8151,29928473,29928473,79,30,0,144,144,13.0,2,1
8152,29928482,29928482,235,76,0,23,23,36.0,1,1
8153,29928488,29928488,133,127,1,-1,-1,nan,0,0
8154,29928493,29928493,114,93,0,27,27,16.0,1,1
8155,29928498,29928498,226,80,1,23,23,25.0,1,1
8156,29928503,29928503,227,71,1,164,164,10.0,3,1
8157,29928505,29928505,157,139,0,85,85,5.0,2,1
8158,29928505,29928505,162,46,1,344,344,5.0,3,1
8159,29928506,29928506,85,42,0,10,10,20.0,2,1
8160,29928512,29928512,73,23,1,50,50,13.0,3,1
8161,29928526,29928526,95,89,0,67,67,4.0,1,1
8162,29928529,29928529,174,107,1,29,29,17.0,1,1
8163,29928534,29928534,150,143,0,290,290,10.0,2,1
8164,29928536,29928536,235,135,0,176,176,9.0,2,1
8165,29928555,29928555,226,76,1,23,23,9.0,2,1
8166,29928564,29928564,169,52,1,155,155,2.0,2,1
8167,29928574,29928574,178,41,0,197,197,10.0,4,1
8168,29928586,29928586,229,130,1,39,39,5.0,1,1
8169,29928589,29928589,129,126,1,-1,-1,nan,0,0
8170,29928598,29928598,189,113,0,30,30,52.0,1,1
8171,29928599,29928599,108,80,1,19,19,50.0,1,1
8172,29928601,29928601,174,51,0,275,275,34.0,3,1
8173,29928601,29928601,112,77,1,19,19,5.0,1,1
8174,29928601,29928601,238,77,0,-1,-1,nan,0,0
8175,29928605,29928605,131,139,0,173,173,13.0,4,1
8176,29928622,29928622,82,44,0,58,58,10.0,2,1
8177,29928624,29928624,132,138,0,173,173,5.0,4,1
8178,29928632,29928632,232,85,0,-1,-1,nan,0,0
8179,29928635,29928635,158,131,1,215,215,10.0,3,1
8180,29928642,29928642,30,93,0,207,207,20.0,4,1
8181,29928646,29928646,82,43,0,58,58,13.0,2,1
8182,29928647,29928647,25,106,1,24,24,20.0,2,1
8183,29928647,29928647,32,100,0,166,166,5.0,2,1
8184,29928647,29928647,110,31,0,235,235,17.0,3,1
8185,29928651,29928651,120,122,1,75,75,32.0,1,1
8186,29928662,29928662,140,139,0,130,130,10.0,4,1
8187,29928662,29928662,98,85,1,67,67,13.0,1,1
8188,29928668,29928668,154,143,0,254,254,34.0,3,1
8189,29928673,29928673,176,179,1,45,45,17.0,2,1
8190,29928681,29928681,68,28,1,-1,-1,nan,0,0
8191,29928693,29928693,184,98,1,77,77,61.0,1,1
8192,29928694,29928694,158,136,0,85,85,5.0,3,1
8193,29928694,29928694,122,2,0,458,458,1.0,4,1
8194,29928696,29928696,97,86,1,67,67,5.0,1,1
8195,29928713,29928713,129,123,1,384,384,50.0,1,1
8196,29928714,29928714,136,126,1,324,324,50.0,1,1
8197,29928719,29928719,174,40,1,310,310,2.0,4,1
8198,29928722,29928722,147,143,0,290,290,1.0,3,1
8199,29928728,29928728,172,55,0,155,155,32.0,1,1
8200,29928730,29928730,145,141,0,290,290,13.0,4,1
8201,29928732,29928732,176,42,0,197,197,5.0,3,1
8202,29928733,29928733,78,31,0,144,144,13.0,1,1
8203,29928747,29928747,176,99,1,249,249,10.0,3,1
8204,29928749,29928749,75,41,1,58,58,32.0,1,1
8205,29928755,29928755,165,48,0,344,344,10.0,3,1
8206,29928756,29928756,235,140,0,87,87,5.0,2,1
8207,29928758,29928758,146,128,1,357,357,29.0,1,1
8208,29928768,29928768,179,112,0,30,30,25.0,2,1
8209,29928769,29928769,35,104,0,166,166,40.0,1,1
8210,29928769,29928769,228,71,1,118,118,13.0,3,1
8211,29928773,29928773,181,97,1,77,77,25.0,1,1
8212,29928786,29928786,102,84,1,67,67,58.0,1,1
8213,29928791,29928791,174,179,1,45,45,5.0,2,1
8214,29928797,29928797,106,95,0,-1,-1,nan,0,0
8215,29928799,29928799,166,38,1,376,376,10.0,5,1
8216,29928800,29928800,24,104,1,24,24,9.0,2,1
8217,29928800,29928800,115,97,0,27,27,1.0,2,1
8218,29928802,29928802,68,30,1,-1,-1,nan,0,0
8219,29928807,29928807,173,41,1,310,310,4.0,3,1
8220,29928815,29928815,176,37,1,310,310,13.0,3,1
8221,29928816,29928816,87,40,0,10,10,20.0,1,1
8222,29928819,29928819,146,129,1,357,357,40.0,1,1
8223,29928820,29928820,228,133,1,39,39,25.0,1,1
8224,29928826,29928826,115,94,0,27,27,10.0,1,1
8225,29928828,29928828,177,99,1,249,249,17.0,3,1
8226,29928832,29928832,184,97,1,77,77,52.0,1,1
8227,29928837,29928837,176,41,0,197,197,10.0,3,1
8228,29928838,29928838,236,135,0,176,176,4.0,2,1
8229,29928838,29928838,123,3,0,458,458,5.0,4,1
8230,29928843,29928843,156,141,0,85,85,18.0,3,1
8231,29928853,29928853,227,72,1,164,164,13.0,3,1
8232,29928853,29928853,115,84,0,115,115,37.0,1,1
8233,29928862,29928862,106,94,0,-1,-1,nan,0,0
8234,29928866,29928866,162,49,0,344,344,20.0,3,1
8235,29928871,29928871,228,138,0,87,87,34.0,1,1
8236,29928872,29928872,150,131,1,254,254,50.0,1,1
8237,29928877,29928877,79,27,0,144,144,10.0,2,1
8238,29928897,29928897,230,133,1,39,39,29.0,1,1
8239,29928902,29928902,232,130,1,39,39,20.0,2,1
8240,29928903,29928903,231,69,1,118,118,0.0,5,1
8241,29928917,29928917,178,50,0,197,197,37.0,2,1
8242,29928918,29928918,28,111,1,165,165,9.0,1,1
8243,29928919,29928919,172,179,1,45,45,1.0,1,1
8244,29928920,29928920,181,98,1,77,77,34.0,2,1
8245,29928920,29928920,78,28,0,144,144,4.0,2,1
8246,29928933,29928933,151,131,1,254,254,49.0,1,1
8247,29928940,29928940,166,40,1,376,376,26.0,5,1
8248,29928943,29928943,186,96,1,78,78,49.0,1,1
8249,29928954,29928954,24,93,1,72,72,13.0,3,1
8250,29928961,29928961,231,152,0,47,47,37.0,2,1
8251,29928961,29928961,174,52,0,155,155,37.0,2,1
8252,29928970,29928970,239,76,0,-1,-1,nan,0,0
8253,29928970,29928970,115,86,0,115,115,37.0,1,1
8254,29928971,29928971,81,26,0,2,2,18.0,2,1
8255,29929000,29929000,100,91,0,67,67,41.0,1,1
8256,29929011,29929011,86,39,0,10,10,10.0,1,1
8257,29929015,29929015,172,53,0,155,155,20.0,2,1
8258,29929018,29929018,20,99,1,24,24,26.0,3,1
8259,29929025,29929025,177,51,0,197,197,49.0,3,1
8260,29929033,29929033,162,47,1,344,344,8.0,3,1
8261,29929039,29929039,165,45,1,344,344,1.0,4,1
8262,29929041,29929041,179,179,1,139,139,37.0,2,1
8263,29929043,29929043,20,101,1,24,24,10.0,3,1
8264,29929043,29929043,176,101,1,29,29,5.0,2,1
8265,29929049,29929049,236,149,0,-1,-1,nan,0,0
8266,29929049,29929049,117,123,1,75,75,26.0,1,1
8267,29929062,29929062,159,134,0,215,215,8.0,2,1
8268,29929067,29929067,125,124,1,-1,-1,nan,0,0
8269,29929068,29929068,231,87,0,-1,-1,nan,0,0
8270,29929075,29929075,67,28,1,-1,-1,nan,0,0
8271,29929075,29929075,144,141,0,290,290,18.0,5,1
8272,29929078,29929078,178,178,1,139,139,25.0,2,1
8273,29929082,29929082,107,81,1,-1,-1,nan,0,0
8274,29929087,29929087,166,37,1,376,376,5.0,4,1
8275,29929093,29929093,102,6,0,145,145,49.0,1,1
8276,29929094,29929094,232,84,0,-1,-1,nan,0,0
8277,29929106,29929106,192,109,0,125,125,17.0,1,1
8278,29929108,29929108,127,138,0,36,36,9.0,3,1
8279,29929109,29929109,168,43,1,275,275,18.0,3,1
8280,29929116,29929116,82,24,0,2,2,17.0,2,1
8281,29929121,29929121,120,136,0,388,388,29.0,4,1
8282,29929129,29929129,31,100,0,166,166,8.0,2,1
8283,29929131,29929131,119,122,1,75,75,25.0,1,1
8284,29929131,29929131,175,40,1,310,310,5.0,4,1
8285,29929133,29929133,82,26,0,2,2,25.0,2,1
8286,29929147,29929147,180,51,0,198,198,34.0,3,1
8287,29929147,29929147,111,99,0,27,27,13.0,1,1
8288,29929147,29929147,128,125,1,-1,-1,nan,0,0
8289,29929152,29929152,189,100,1,125,125,29.0,2,1
8290,29929157,29929157,74,22,1,50,50,13.0,3,1
8291,29929159,29929159,230,129,1,39,39,5.0,1,1
8292,29929160,29929160,126,137,0,36,36,5.0,3,1
8293,29929166,29929166,124,125,1,-1,-1,nan,0,0
8294,29929166,29929166,131,125,1,-1,-1,nan,0,0
8295,29929190,29929190,25,92,1,112,112,16.0,2,1
8296,29929190,29929190,112,76,1,19,19,2.0,1,1
8297,29929192,29929192,66,33,1,106,106,29.0,1,1
8298,29929201,29929201,129,125,1,-1,-1,nan,0,0
8299,29929203,29929203,227,136,1,87,87,61.0,1,1
8300,29929205,29929205,235,78,0,23,23,40.0,1,1
8301,29929205,29929205,177,49,0,197,197,25.0,3,1
8302,29929212,29929212,163,46,1,344,344,2.0,3,1
8303,29929213,29929213,170,55,1,155,155,20.0,2,1
8304,29929214,29929214,132,127,1,-1,-1,nan,0,0
8305,29929214,29929214,136,127,1,324,324,61.0,1,1
8306,29929222,29929222,239,79,0,-1,-1,nan,0,0
8307,29929227,29929227,169,51,1,155,155,1.0,3,1
8308,29929228,29929228,109,96,0,27,27,26.0,1,1
8309,29929232,29929232,230,152,0,47,47,26.0,2,1
8310,29929234,29929234,231,70,1,118,118,1.0,4,1
8311,29929234,29929234,236,70,1,71,71,4.0,3,1
8312,29929239,29929239,115,96,0,27,27,2.0,2,1
8313,29929243,29929243,191,112,1,125,125,49.0,1,1
8314,29929252,29929252,164,49,0,344,344,16.0,3,1
8315,29929252,29929252,164,45,1,344,344,0.0,5,1
8316,29929253,29929253,151,143,0,290,290,17.0,2,1
8317,29929255,29929255,233,150,0,184,184,53.0,1,1
8318,29929264,29929264,178,39,0,310,310,25.0,4,1
8319,29929270,29929270,237,133,1,176,176,5.0,1,1
8320,29929272,29929272,235,151,0,184,184,36.0,1,1
8321,29929272,29929272,154,144,0,254,254,45.0,3,1
8322,29929285,29929285,112,134,0,35,35,13.0,2,1
8323,29929293,29929293,115,81,0,19,19,40.0,2,1
8324,29929296,29929296,114,123,1,75,75,29.0,1,1
8325,29929298,29929298,166,42,1,344,344,13.0,5,1
8326,29929299,29929299,239,78,0,-1,-1,nan,0,0
8327,29929306,29929306,122,3,0,458,458,4.0,4,1
8328,29929310,29929310,116,80,0,19,19,34.0,2,1
8329,29929315,29929315,184,117,0,-1,-1,nan,0,0
8330,29929322,29929322,165,39,1,237,237,17.0,3,1
8331,29929327,29929327,172,57,0,155,155,52.0,1,1
8332,29929329,29929329,235,138,0,87,87,13.0,2,1
8333,29929334,29929334,230,132,1,39,39,20.0,1,1
8334,29929340,29929340,235,130,1,176,176,34.0,3,1
8335,29929344,29929344,182,99,1,77,77,52.0,1,1
8336,29929345,29929345,34,100,0,166,166,5.0,1,1
8337,29929355,29929355,232,87,0,-1,-1,nan,0,0
8338,29929367,29929367,111,76,1,19,19,5.0,1,1
8339,29929370,29929370,172,39,1,310,310,1.0,5,1
8340,29929373,29929373,144,126,1,357,357,25.0,2,1
8341,29929378,29929378,167,42,1,344,344,18.0,5,1
8342,29929386,29929386,234,150,0,184,184,50.0,1,1
8343,29929388,29929388,76,41,1,58,58,25.0,2,1
8344,29929401,29929401,226,137,1,-1,-1,nan,0,0
8345,29929401,29929401,226,77,1,23,23,10.0,2,1
8346,29929402,29929402,191,113,0,-1,-1,nan,0,0
8347,29929403,29929403,87,39,0,10,10,17.0,1,1
8348,29929408,29929408,141,129,1,130,130,53.0,1,1
8349,29929409,29929409,71,26,1,144,144,29.0,3,1
8350,29929414,29929414,234,151,0,184,184,37.0,1,1
8351,29929414,29929414,234,69,1,71,71,5.0,3,1
8352,29929414,29929414,165,49,0,155,155,13.0,3,1
8353,29929425,29929425,81,35,0,10,10,13.0,1,1
8354,29929433,29929433,176,51,0,197,197,50.0,2,1
8355,29929438,29929438,144,142,0,290,290,13.0,4,1
8356,29929442,29929442,99,85,1,67,67,20.0,1,1
8357,29929442,29929442,176,44,0,197,197,1.0,4,1
8358,29929444,29929444,116,122,1,75,75,16.0,1,1
8359,29929450,29929450,124,1,0,458,458,4.0,3,1
8360,29929452,29929452,159,135,0,85,85,9.0,2,1
8361,29929453,29929453,232,83,0,23,23,58.0,1,1
8362,29929454,29929454,173,179,1,45,45,2.0,2,1
8363,29929465,29929465,183,117,0,286,286,50.0,1,1
8364,29929466,29929466,174,50,1,275,275,25.0,3,1
8365,29929469,29929469,145,128,1,357,357,34.0,1,1
8366,29929474,29929474,153,131,1,254,254,53.0,1,1
8367,29929478,29929478,238,134,0,176,176,1.0,1,1
8368,29929481,29929481,236,77,0,23,23,50.0,1,1
8369,29929481,29929481,65,32,1,106,106,25.0,1,1
8370,29929485,29929485,117,122,1,75,75,17.0,1,1
8371,29929497,29929497,181,48,1,198,198,8.0,3,1
8372,29929501,29929501,187,114,0,30,30,41.0,1,1
8373,29929501,29929501,78,29,0,144,144,5.0,2,1
8374,29929505,29929505,176,45,0,197,197,2.0,4,1
8375,29929507,29929507,145,127,1,357,357,25.0,2,1
8376,29929512,29929512,234,78,0,23,23,29.0,1,1
8377,29929514,29929514,26,109,1,165,165,5.0,2,1
8378,29929519,29929519,192,108,1,125,125,10.0,1,1
8379,29929522,29929522,189,114,0,30,30,61.0,1,1
8380,29929524,29929524,140,127,1,324,324,37.0,1,1
8381,29929531,29929531,235,150,0,184,184,49.0,1,1
8382,29929533,29929533,225,138,1,-1,-1,nan,0,0
8383,29929537,29929537,163,35,1,13,13,13.0,3,1
8384,29929538,29929538,130,138,0,173,173,13.0,2,1
8385,29929541,29929541,140,141,0,253,253,13.0,4,1
8386,29929541,29929541,184,95,1,77,77,40.0,1,1
8387,29929545,29929545,178,37,1,310,310,29.0,4,1
8388,29929552,29929552,232,153,0,184,184,25.0,2,1
8389,29929553,29929553,179,49,0,198,198,25.0,2,1
8390,29929553,29929553,112,99,0,27,27,8.0,1,1
8391,29929563,29929563,24,75,0,240,240,5.0,6,1
8392,29929567,29929567,120,123,1,75,75,41.0,1,1
8393,29929572,29929572,231,153,1,184,184,32.0,2,1
8394,29929573,29929573,173,50,0,275,275,20.0,3,1
8395,29929579,29929579,182,98,1,77,77,41.0,1,1
8396,29929581,29929581,178,101,1,29,29,13.0,2,1
8397,29929584,29929584,231,84,0,-1,-1,nan,0,0
8398,29929589,29929589,142,141,0,84,84,25.0,4,1
8399,29929589,29929589,165,38,1,376,376,13.0,4,1
8400,29929593,29929593,235,132,1,176,176,18.0,1,1
8401,29929594,29929594,122,4,0,458,458,9.0,4,1
8402,29929599,29929599,185,116,0,30,30,53.0,1,1
8403,29929607,29929607,22,96,1,72,72,16.0,1,1
8404,29929612,29929612,172,41,1,310,310,5.0,4,1
8405,29929617,29929617,69,28,1,144,144,49.0,1,1
8406,29929620,29929620,113,135,0,35,35,13.0,2,1
8407,29929627,29929627,178,49,0,197,197,26.0,3,1
8408,29929628,29929628,110,79,1,19,19,25.0,1,1
8409,29929629,29929629,228,132,1,39,39,16.0,1,1
8410,29929631,29929631,121,123,1,75,75,50.0,1,1
8411,29929646,29929646,75,20,1,50,50,16.0,2,1
8412,29929649,29929649,143,141,0,290,290,25.0,4,1
8413,29929656,29929656,191,106,0,125,125,1.0,1,1
8414,29929658,29929658,164,44,1,344,344,1.0,4,1
8415,29929671,29929671,121,137,0,388,388,17.0,4,1
8416,29929672,29929672,150,139,0,254,254,2.0,2,1
8417,29929674,29929674,236,132,1,176,176,13.0,1,1
8418,29929677,29929677,173,54,0,155,155,34.0,1,1
8419,29929680,29929680,184,116,0,30,30,50.0,1,1
8420,29929681,29929681,116,123,1,75,75,25.0,1,1
8421,29929702,29929702,232,131,1,39,39,25.0,2,1
8422,29929707,29929707,192,102,1,125,125,10.0,2,1
8423,29929710,29929710,179,50,0,198,198,32.0,2,1
8424,29929711,29929711,238,73,0,71,71,29.0,1,1
8425,29929711,29929711,233,77,0,23,23,17.0,1,1
8426,29929721,29929721,227,78,1,23,23,8.0,1,1
8427,29929721,29929721,236,151,0,184,184,37.0,1,1
8428,29929731,29929731,239,77,1,-1,-1,nan,0,0
8429,29929733,29929733,191,102,1,125,125,9.0,2,1
8430,29929736,29929736,26,93,0,72,72,9.0,2,1
8431,29929737,29929737,129,139,0,36,36,20.0,4,1
8432,29929739,29929739,193,103,1,125,125,8.0,2,1
8433,29929757,29929757,232,152,0,184,184,34.0,2,1
8434,29929789,29929789,232,151,0,184,184,45.0,2,1
8435,29929795,29929795,32,102,0,166,166,17.0,1,1
8436,29929800,29929800,144,129,1,357,357,52.0,1,1
8437,29929816,29929816,187,98,1,78,78,40.0,1,1
8438,29929823,29929823,155,129,1,37,37,45.0,2,1
8439,29929823,29929823,233,129,1,39,39,26.0,3,1
8440,29929831,29929831,183,97,1,77,77,41.0,1,1
8441,29929840,29929840,137,128,1,-1,-1,nan,0,0
8442,29929841,29929841,85,41,0,10,10,13.0,2,1
8443,29929841,29929841,171,41,1,310,310,8.0,4,1
8444,29929842,29929842,190,101,1,125,125,17.0,2,1
8445,29929846,29929846,231,130,1,39,39,13.0,1,1
8446,29929847,29929847,105,81,1,-1,-1,nan,0,0
8447,29929856,29929856,227,77,1,23,23,5.0,2,1
8448,29929860,29929860,128,126,1,-1,-1,nan,0,0
8449,29929860,29929860,190,114,0,-1,-1,nan,0,0
8450,29929861,29929861,136,139,0,253,253,17.0,3,1
8451,29929882,29929882,122,136,0,388,388,25.0,2,1
8452,29929888,29929888,178,102,1,29,29,10.0,2,1
8453,29929893,29929893,98,89,0,67,67,13.0,1,1
8454,29929893,29929893,187,115,0,30,30,52.0,1,1
8455,29929903,29929903,157,140,0,85,85,8.0,3,1
8456,29929903,29929903,233,80,0,23,23,32.0,1,1
8457,29929908,29929908,158,133,1,215,215,10.0,3,1
8458,29929913,29929913,115,87,0,115,115,40.0,1,1
8459,29929922,29929922,144,130,1,130,130,61.0,1,1
8460,29929929,29929929,234,68,1,71,71,4.0,3,1
8461,29929938,29929938,232,69,1,118,118,1.0,4,1
8462,29929938,29929938,80,29,0,144,144,17.0,2,1
8463,29929947,29929947,138,140,0,253,253,10.0,4,1
8464,29929952,29929952,233,152,0,184,184,29.0,1,1
8465,29929953,29929953,150,130,1,357,357,53.0,1,1
8466,29929957,29929957,237,79,0,-1,-1,nan,0,0
8467,29929958,29929958,149,129,1,357,357,37.0,1,1
8468,29929963,29929963,187,96,1,78,78,36.0,1,1
8469,29929964,29929964,114,95,0,27,27,4.0,1,1
8470,29929968,29929968,24,102,1,24,24,13.0,2,1
8471,29929969,29929969,160,48,1,344,344,25.0,2,1
8472,29929970,29929970,117,135,0,35,35,13.0,3,1
8473,29929975,29929975,142,127,1,324,324,37.0,2,1
8474,29929983,29929983,34,101,0,166,166,10.0,1,1
8475,29929986,29929986,27,113,1,165,165,8.0,2,1
8476,29929993,29929993,129,124,1,-1,-1,nan,0,0
8477,29929994,29929994,149,143,0,290,290,5.0,3,1
8478,29930011,29930011,176,49,0,197,197,26.0,3,1
8479,29930016,29930016,188,93,1,78,78,34.0,1,1
8480,29930029,29930029,236,146,0,87,87,34.0,1,1
8481,29930030,29930030,23,101,1,24,24,13.0,2,1
8482,29930031,29930031,141,141,0,253,253,20.0,4,1
8483,29930032,29930032,113,128,1,35,35,20.0,1,1
8484,29930037,29930037,236,147,0,87,87,45.0,1,1
8485,29930042,29930042,30,113,1,165,165,29.0,1,1
8486,29930052,29930052,164,46,1,344,344,1.0,4,1
8487,29930061,29930061,193,105,0,125,125,4.0,1,1
8488,29930068,29930068,188,114,0,30,30,50.0,1,1
8489,29930070,29930070,37,111,0,25,25,4.0,1,1
8490,29930077,29930077,178,51,0,197,197,50.0,2,1
8491,29930088,29930088,114,99,0,27,27,4.0,2,1
8492,29930093,29930093,118,135,0,35,35,18.0,3,1
8493,29930096,29930096,170,54,1,155,155,13.0,1,1
8494,29930106,29930106,178,40,0,197,197,17.0,4,1
8495,29930122,29930122,190,113,0,-1,-1,nan,0,0
8496,29930127,29930127,21,98,1,72,72,29.0,2,1
8497,29930128,29930128,126,138,0,36,36,10.0,3,1
8498,29930130,29930130,109,80,1,19,19,41.0,1,1
8499,29930137,29930137,114,124,1,75,75,40.0,1,1
8500,29930149,29930149,158,138,1,85,85,1.0,3,1
8501,29930154,29930154,227,74,1,23,23,8.0,3,1
8502,29930154,29930154,80,26,0,2,2,13.0,2,1
8503,29930155,29930155,232,82,1,23,23,45.0,1,1
8504,29930155,29930155,239,75,0,71,71,58.0,1,1
8505,29930159,29930159,125,137,0,36,36,8.0,2,1
8506,29930160,29930160,153,130,1,-1,-1,nan,0,0
8507,29930160,29930160,228,135,1,39,39,49.0,2,1
8508,29930166,29930166,122,138,0,388,388,9.0,3,1
8509,29930169,29930169,22,101,1,24,24,10.0,2,1
8510,29930181,29930181,227,135,1,39,39,50.0,1,1
8511,29930185,29930185,34,115,0,25,25,41.0,1,1
8512,29930188,29930188,116,77,0,19,19,13.0,2,1
8513,29930195,29930195,230,130,1,39,39,8.0,1,1
8514,29930195,29930195,120,124,1,75,75,52.0,1,1
8515,29930197,29930197,82,25,0,2,2,20.0,2,1
8516,29930197,29930197,102,83,1,-1,-1,nan,0,0
8517,29930201,29930201,233,151,0,184,184,40.0,1,1
8518,29930204,29930204,175,179,1,45,45,10.0,2,1
8519,29930209,29930209,179,48,1,197,197,20.0,2,1
8520,29930222,29930222,86,41,0,10,10,18.0,1,1
8521,29930231,29930231,115,79,0,19,19,20.0,1,1
8522,29930236,29930236,229,134,1,39,39,37.0,1,1
8523,29930238,29930238,21,97,1,72,72,26.0,2,1
8524,29930250,29930250,192,110,0,125,125,26.0,1,1
8525,29930251,29930251,155,144,0,85,85,52.0,3,1
8526,29930252,29930252,159,133,0,215,215,5.0,3,1
8527,29930256,29930256,184,115,0,30,30,37.0,1,1
8528,29930257,29930257,88,38,0,10,10,25.0,1,1
8529,29930260,29930260,72,25,1,144,144,25.0,3,1
8530,29930269,29930269,234,152,0,184,184,26.0,1,1
8531,29930274,29930274,139,141,0,253,253,8.0,4,1
8532,29930274,29930274,150,142,0,290,290,13.0,2,1
8533,29930279,29930279,124,2,0,458,458,5.0,3,1
8534,29930279,29930279,185,98,1,-1,-1,nan,0,0
8535,29930292,29930292,178,179,1,139,139,36.0,2,1
8536,29930299,29930299,111,144,0,83,83,25.0,1,1
8537,29930299,29930299,226,139,0,87,87,53.0,1,1
8538,29930300,29930300,115,95,0,27,27,5.0,2,1
8539,29930307,29930307,140,140,0,130,130,17.0,3,1
8540,29930314,29930314,33,99,0,166,166,1.0,2,1
8541,29930330,29930330,154,132,1,254,254,45.0,3,1
8542,29930333,29930333,114,1,1,3,3,4.0,1,1
8543,29930350,29930350,104,83,1,-1,-1,nan,0,0
8544,29930351,29930351,129,138,0,36,36,13.0,3,1
8545,29930351,29930351,177,41,0,197,197,9.0,4,1
8546,29930353,29930353,123,0,0,458,458,2.0,3,1
8547,29930359,29930359,123,2,0,458,458,2.0,4,1
8548,29930360,29930360,229,132,1,39,39,17.0,1,1
8549,29930360,29930360,121,4,0,458,458,10.0,3,1
8550,29930369,29930369,167,41,1,344,344,25.0,5,1
8551,29930370,29930370,172,54,0,155,155,25.0,1,1
8552,29930375,29930375,125,138,0,36,36,13.0,2,1
8553,29930377,29930377,70,25,1,50,50,26.0,2,1
8554,29930379,29930379,127,124,1,-1,-1,nan,0,0
8555,29930380,29930380,115,98,0,27,27,2.0,2,1
8556,29930380,29930380,171,179,1,45,45,2.0,2,1
8557,29930387,29930387,166,45,1,344,344,4.0,3,1
8558,29930389,29930389,236,150,0,184,184,50.0,1,1
8559,29930390,29930390,183,116,0,30,30,49.0,2,1
8560,29930397,29930397,230,71,1,118,118,5.0,4,1
8561,29930402,29930402,182,117,0,286,286,37.0,1,1
8562,29930403,29930403,193,106,0,125,125,5.0,1,1
8563,29930405,29930405,123,138,0,388,388,10.0,2,1
8564,29930407,29930407,127,137,1,36,36,4.0,3,1
8565,29930408,29930408,179,51,0,198,198,41.0,3,1
8566,29930412,29930412,83,24,0,2,2,26.0,1,1
8567,29930422,29930422,23,94,1,72,72,13.0,3,1
8568,29930422,29930422,85,43,0,10,10,29.0,2,1
8569,29930423,29930423,83,45,0,58,58,16.0,2,1
8570,29930430,29930430,158,137,0,85,85,2.0,3,1
8571,29930433,29930433,160,49,0,344,344,32.0,2,1
8572,29930442,29930442,101,84,1,67,67,45.0,1,1
8573,29930446,29930446,230,153,0,47,47,25.0,2,1
8574,29930447,29930447,182,52,0,408,408,20.0,2,1
8575,29930461,29930461,227,139,0,87,87,40.0,1,1
8576,29930462,29930462,31,95,0,166,166,13.0,3,1
8577,29930467,29930467,186,116,0,30,30,58.0,1,1
8578,29930468,29930468,104,94,0,-1,-1,nan,0,0
8579,29930468,29930468,193,107,0,125,125,8.0,1,1
8580,29930493,29930493,115,78,0,19,19,13.0,1,1
8581,29930495,29930495,170,52,1,155,155,5.0,2,1
8582,29930498,29930498,118,123,1,75,75,29.0,1,1
8583,29930499,29930499,70,27,1,144,144,37.0,2,1
8584,29930505,29930505,185,115,0,30,30,40.0,1,1
8585,29930514,29930514,143,128,1,357,357,50.0,2,1
8586,29930515,29930515,123,4,0,458,458,10.0,5,1
8587,29930516,29930516,183,52,0,408,408,13.0,2,1
8588,29930525,29930525,118,122,1,75,75,20.0,1,1
8589,29930525,29930525,100,92,0,67,67,50.0,1,1
8590,29930529,29930529,157,131,1,215,215,17.0,3,1
8591,29930530,29930530,112,78,1,19,19,10.0,1,1
8592,29930533,29930533,177,43,0,197,197,1.0,4,1
8593,29930546,29930546,236,69,1,71,71,1.0,3,1
8594,29930550,29930550,114,88,0,115,115,58.0,1,1
8595,29930556,29930556,176,112,0,286,286,36.0,2,1
8596,29930562,29930562,173,53,0,155,155,29.0,2,1
8597,29930567,29930567,135,127,1,-1,-1,nan,0,0
8598,29930571,29930571,120,4,0,458,458,13.0,3,1
8599,29930582,29930582,146,142,0,290,290,5.0,3,1
8600,29930583,29930583,188,99,1,78,78,34.0,2,1
8601,29930587,29930587,177,42,0,197,197,4.0,4,1
8602,29930588,29930588,32,96,0,166,166,5.0,3,1
8603,29930601,29930601,185,96,1,77,77,58.0,1,1
8604,29930607,29930607,32,97,0,166,166,2.0,3,1
8605,29930608,29930608,151,142,0,254,254,16.0,2,1
8606,29930613,29930613,233,78,0,23,23,20.0,1,1
8607,29930619,29930619,181,114,0,30,30,29.0,2,1
8608,29930623,29930623,188,98,1,78,78,29.0,2,1
8609,29930624,29930624,114,83,0,115,115,53.0,1,1
8610,29930629,29930629,113,77,1,19,19,4.0,1,1
8611,29930629,29930629,115,123,1,75,75,26.0,1,1
8612,29930629,29930629,79,29,0,144,144,10.0,2,1
8613,29930637,29930637,111,79,1,19,19,20.0,1,1
8614,29930644,29930644,29,92,0,72,72,25.0,4,1
8615,29930648,29930648,76,19,1,2,2,20.0,2,1
8616,29930650,29930650,96,86,1,67,67,2.0,1,1
8617,29930653,29930653,123,124,1,-1,-1,nan,0,0
8618,29930654,29930654,192,100,1,78,78,17.0,2,1
8619,29930663,29930663,148,143,0,290,290,2.0,3,1
8620,29930673,29930673,165,46,1,344,344,2.0,4,1
8621,29930674,29930674,170,53,1,155,155,8.0,2,1
8622,29930685,29930685,175,51,0,275,275,41.0,3,1
8623,29930685,29930685,168,50,0,155,155,1.0,3,1
8624,29930685,29930685,35,114,0,25,25,25.0,1,1
8625,29930690,29930690,96,87,1,67,67,1.0,1,1
8626,29930693,29930693,88,39,0,10,10,26.0,1,1
8627,29930699,29930699,235,137,0,176,176,13.0,2,1
8628,29930699,29930699,180,115,0,286,286,25.0,2,1
8629,29930700,29930700,174,108,1,29,29,26.0,1,1
8630,29930704,29930704,228,134,1,39,39,36.0,1,1
8631,29930731,29930731,233,69,1,118,118,4.0,3,1
8632,29930732,29930732,177,179,1,45,45,26.0,2,1
8633,29930732,29930732,186,97,1,78,78,50.0,1,1
8634,29930737,29930737,231,131,1,39,39,18.0,1,1
8635,29930742,29930742,126,124,1,-1,-1,nan,0,0
8636,29930742,29930742,111,78,1,19,19,13.0,1,1
8637,29930747,29930747,176,39,1,310,310,9.0,3,1
8638,29930761,29930761,137,140,0,253,253,9.0,4,1
8639,29930763,29930763,233,79,0,23,23,25.0,1,1
8640,29930771,29930771,226,79,1,23,23,18.0,1,1
8641,29930775,29930775,176,103,1,29,29,1.0,2,1
8642,29930778,29930778,114,81,0,19,19,37.0,1,1
8643,29930778,29930778,123,123,1,-1,-1,nan,0,0
8644,29930778,29930778,232,86,0,-1,-1,nan,0,0
8645,29930786,29930786,229,131,1,39,39,10.0,1,1
8646,29930786,29930786,233,131,1,39,39,34.0,2,1
8647,29930788,29930788,117,136,0,35,35,20.0,3,1
8648,29930791,29930791,186,114,0,30,30,34.0,1,1
8649,29930793,29930793,160,132,0,215,215,1.0,4,1
8650,29930796,29930796,173,55,0,155,155,41.0,1,1
8651,29930796,29930796,98,86,1,67,67,10.0,1,1
8652,29930798,29930798,83,43,0,58,58,20.0,2,1
8653,29930801,29930801,98,0,0,-1,-1,nan,0,0
8654,29930803,29930803,112,98,0,27,27,5.0,1,1
8655,29930808,29930808,124,137,0,36,36,13.0,2,1
8656,29930809,29930809,110,97,0,27,27,16.0,1,1
8657,29930812,29930812,229,72,1,118,118,13.0,3,1
8658,29930813,29930813,177,100,1,29,29,13.0,3,1
8659,29930819,29930819,232,85,0,-1,-1,nan,0,0
8660,29930819,29930819,23,102,1,24,24,8.0,2,1
8661,29930819,29930819,239,74,0,71,71,45.0,1,1
8662,29930819,29930819,188,115,0,30,30,61.0,1,1
8663,29930822,29930822,143,142,0,84,84,17.0,4,1
8664,29930824,29930824,238,79,0,-1,-1,nan,0,0
8665,29930827,29930827,106,81,1,-1,-1,nan,0,0
8666,29930827,29930827,180,49,1,198,198,18.0,3,1
8667,29930828,29930828,114,92,0,27,27,25.0,1,1
8668,29930830,29930830,168,44,1,275,275,13.0,4,1
8669,29930832,29930832,176,179,1,45,45,17.0,2,1
8670,29930834,29930834,148,129,1,357,357,36.0,1,1
8671,29930838,29930838,71,23,1,50,50,9.0,3,1
8672,29930838,29930838,173,108,1,29,29,29.0,1,1
8673,29930839,29930839,38,107,0,25,25,17.0,1,1
8674,29930840,29930840,175,106,1,29,29,9.0,1,1
8675,29930853,29930853,176,110,0,29,29,50.0,2,1
8676,29930854,29930854,69,29,1,144,144,50.0,1,1
8677,29930858,29930858,230,70,1,118,118,2.0,4,1
8678,29930858,29930858,232,70,1,118,118,2.0,4,1
8679,29930859,29930859,236,135,0,176,176,4.0,2,1
8680,29930861,29930861,81,27,0,2,2,25.0,2,1
8681,29930863,29930863,236,145,0,87,87,25.0,1,1
8682,29930865,29930865,235,139,0,87,87,8.0,2,1
8683,29930868,29930868,114,77,1,19,19,5.0,1,1
8684,29930870,29930870,33,98,0,166,166,0.0,3,1
8685,29930871,29930871,128,136,0,36,36,2.0,3,1
8686,29930873,29930873,112,133,1,35,35,10.0,1,1
8687,29930881,29930881,132,126,1,-1,-1,nan,0,0
8688,29930881,29930881,138,126,1,324,324,34.0,1,1
8689,29930886,29930886,105,95,0,-1,-1,nan,0,0
8690,29930888,29930888,182,116,0,286,286,40.0,2,1
8691,29930889,29930889,166,41,1,344,344,20.0,5,1
8692,29930906,29930906,189,99,1,78,78,25.0,2,1
8693,29930907,29930907,237,78,0,-1,-1,nan,0,0
8694,29930912,29930912,116,135,0,35,35,10.0,2,1
8695,29930920,29930920,176,102,1,29,29,2.0,2,1
8696,29930920,29930920,73,20,1,50,50,4.0,2,1
8697,29930924,29930924,123,125,1,-1,-1,nan,0,0
8698,29930926,29930926,123,136,0,36,36,17.0,2,1
8699,29930932,29930932,112,97,0,27,27,4.0,1,1
8700,29930941,29930941,236,133,1,176,176,8.0,1,1
8701,29930950,29930950,178,114,0,286,286,20.0,2,1
8702,29930951,29930951,156,144,0,131,131,40.0,3,1
8703,29930958,29930958,27,109,1,165,165,8.0,2,1
8704,29930963,29930963,114,125,1,35,35,50.0,2,1
8705,29930963,29930963,22,97,1,72,72,17.0,2,1
8706,29930964,29930964,123,137,0,388,388,17.0,2,1
8707,29930974,29930974,121,5,0,52,52,13.0,3,1
8708,29930974,29930974,193,108,1,125,125,13.0,1,1
8709,29930976,29930976,179,38,0,276,276,36.0,4,1
8710,29930977,29930977,179,99,1,29,29,32.0,3,1
8711,29930977,29930977,124,0,0,458,458,5.0,2,1
8712,29930978,29930978,127,125,1,-1,-1,nan,0,0
8713,29930981,29930981,82,26,0,2,2,25.0,2,1
8714,29930984,29930984,40,107,0,25,25,17.0,1,1
8715,29930988,29930988,86,40,0,10,10,13.0,1,1
8716,29930988,29930988,174,41,1,310,310,5.0,3,1
8717,29930989,29930989,86,42,0,10,10,25.0,2,1
8718,29930989,29930989,167,49,0,155,155,5.0,3,1
8719,29930992,29930992,178,38,1,310,310,26.0,4,1
8720,29930998,29930998,145,142,0,290,290,8.0,3,1
8721,29930999,29930999,153,144,0,290,290,36.0,2,1
8722,29931014,29931014,164,43,1,344,344,4.0,4,1
8723,29931017,29931017,192,111,0,125,125,37.0,1,1
8724,29931020,29931020,231,71,1,118,118,4.0,4,1
8725,29931028,29931028,84,43,0,10,10,26.0,2,1
8726,29931030,29931030,36,104,0,166,166,45.0,2,1
8727,29931035,29931035,180,100,1,29,29,34.0,3,1
8728,29931045,29931045,172,58,0,-1,-1,nan,0,0
8729,29931048,29931048,135,140,1,253,253,13.0,3,1
8730,29931051,29931051,228,77,1,23,23,2.0,1,1
8731,29931051,29931051,106,82,1,-1,-1,nan,0,0
8732,29931055,29931055,114,135,0,35,35,10.0,2,1
8733,29931064,29931064,64,32,1,106,106,18.0,2,1
8734,29931077,29931077,237,77,0,-1,-1,nan,0,0
8735,29931082,29931082,228,136,1,87,87,50.0,1,1
8736,29931084,29931084,84,23,0,2,2,36.0,1,1
8737,29931085,29931085,126,123,1,-1,-1,nan,0,0
8738,29931094,29931094,167,50,0,155,155,2.0,3,1
8739,29931095,29931095,178,113,0,286,286,29.0,2,1
8740,29931095,29931095,19,100,1,24,24,20.0,2,1
8741,29931100,29931100,134,139,0,173,173,10.0,3,1
8742,29931110,29931110,235,136,0,176,176,10.0,2,1
8743,29931133,29931133,132,139,0,173,173,10.0,5,1
8744,29931137,29931137,128,124,1,-1,-1,nan,0,0
8745,29931138,29931138,75,21,1,2,2,13.0,3,1
8746,29931138,29931138,230,131,1,39,39,13.0,1,1
8747,29931147,29931147,152,130,1,-1,-1,nan,0,0
8748,29931152,29931152,115,99,0,27,27,5.0,2,1
8749,29931161,29931161,130,139,0,173,173,18.0,3,1
8750,29931164,29931164,174,51,0,275,275,34.0,3,1
8751,29931168,29931168,108,97,0,27,27,36.0,1,1
8752,29931171,29931171,228,72,1,23,23,17.0,3,1
8753,29931182,29931182,228,75,1,23,23,2.0,3,1
8754,29931184,29931184,132,125,1,-1,-1,nan,0,0
8755,29931184,29931184,119,4,0,3,3,18.0,3,1
8756,29931190,29931190,32,95,0,166,166,10.0,3,1
8757,29931190,29931190,121,122,1,75,75,41.0,1,1
8758,29931190,29931190,83,25,0,2,2,29.0,2,1
8759,29931192,29931192,182,118,0,286,286,36.0,1,1
8760,29931193,29931193,118,136,0,35,35,25.0,3,1
8761,29931197,29931197,104,82,1,-1,-1,nan,0,0
8762,29931205,29931205,232,80,0,23,23,25.0,1,1
8763,29931209,29931209,79,32,0,144,144,25.0,2,1
8764,29931210,29931210,84,42,0,10,10,17.0,2,1
8765,29931221,29931221,84,44,0,58,58,26.0,2,1
8766,29931221,29931221,181,51,0,198,198,29.0,2,1
8767,29931221,29931221,163,48,0,344,344,10.0,3,1
8768,29931230,29931230,176,40,1,310,310,10.0,4,1
8769,29931236,29931236,152,131,1,254,254,50.0,1,1
8770,29931243,29931243,178,100,1,29,29,18.0,3,1
8771,29931247,29931247,116,120,1,75,75,4.0,1,1
8772,29931252,29931252,83,44,0,58,58,17.0,2,1
8773,29931266,29931266,78,30,0,144,144,8.0,2,1
8774,29931270,29931270,107,95,0,27,27,53.0,1,1
8775,29931272,29931272,145,130,1,357,357,58.0,1,1
8776,29931277,29931277,136,128,1,-1,-1,nan,0,0
8777,29931290,29931290,38,109,0,25,25,5.0,1,1
8778,29931290,29931290,152,143,0,254,254,26.0,2,1
8779,29931293,29931293,96,90,0,67,67,10.0,1,1
8780,29931293,29931293,176,106,1,29,29,10.0,2,1
8781,29931298,29931298,97,87,1,67,67,4.0,1,1
8782,29931298,29931298,168,49,0,155,155,4.0,3,1
8783,29931301,29931301,159,136,0,85,85,4.0,2,1
8784,29931301,29931301,232,87,0,-1,-1,nan,0,0
8785,29931307,29931307,69,26,1,50,50,40.0,2,1
8786,29931308,29931308,136,140,0,253,253,10.0,3,1
8787,29931310,29931310,140,129,1,130,130,50.0,1,1
8788,29931313,29931313,161,49,0,344,344,25.0,3,1
8789,29931318,29931318,155,143,0,85,85,41.0,3,1
8790,29931322,29931322,114,96,0,27,27,1.0,1,1
8791,29931323,29931323,67,31,1,106,106,52.0,1,1
8792,29931327,29931327,227,73,1,23,23,13.0,3,1
8793,29931333,29931333,115,91,0,27,27,37.0,1,1
8794,29931338,29931338,85,40,0,10,10,8.0,2,1
8795,29931339,29931339,67,32,1,106,106,45.0,1,1
8796,29931342,29931342,173,51,0,155,155,25.0,2,1
8797,29931347,29931347,177,105,1,29,29,8.0,2,1
8798,29931351,29931351,37,110,0,25,25,5.0,1,1
8799,29931353,29931353,144,127,1,357,357,32.0,2,1
8800,29931362,29931362,227,79,1,23,23,13.0,1,1
8801,29931365,29931365,167,48,0,155,155,10.0,3,1
8802,29931373,29931373,70,28,1,144,144,36.0,1,1
8803,29931378,29931378,65,34,1,106,106,17.0,1,1
8804,29931380,29931380,186,115,0,30,30,45.0,1,1
8805,29931385,29931385,73,23,1,50,50,13.0,3,1
8806,29931391,29931391,121,136,0,388,388,26.0,4,1
8807,29931394,29931394,115,101,0,27,27,17.0,2,1
8808,29931408,29931408,233,130,1,39,39,29.0,2,1
8809,29931411,29931411,26,107,1,165,165,17.0,2,1
8810,29931411,29931411,26,106,1,165,165,26.0,2,1
8811,29931421,29931421,139,140,0,253,253,13.0,4,1
8812,29931422,29931422,180,50,0,198,198,25.0,3,1
8813,29931422,29931422,235,135,0,176,176,9.0,2,1
8814,29931424,29931424,158,139,0,85,85,2.0,3,1
8815,29931426,29931426,114,85,0,115,115,49.0,1,1
8816,29931429,29931429,113,78,1,19,19,9.0,1,1
8817,29931454,29931454,174,49,0,275,275,18.0,3,1
8818,29931457,29931457,153,132,1,254,254,40.0,1,1
8819,29931467,29931467,229,86,0,-1,-1,nan,0,0
8820,29931478,29931478,234,77,0,23,23,26.0,1,1
8821,29931480,29931480,233,82,0,23,23,52.0,1,1
8822,29931488,29931488,229,71,1,118,118,8.0,4,1
8823,29931493,29931493,119,137,0,388,388,25.0,3,1
8824,29931502,29931502,235,70,1,71,71,5.0,3,1
8825,29931514,29931514,156,143,0,85,85,34.0,3,1
8826,29931514,29931514,156,145,0,131,131,37.0,2,1
8827,29931516,29931516,178,99,1,29,29,25.0,3,1
8828,29931516,29931516,235,151,0,184,184,36.0,1,1
8829,29931519,29931519,158,132,1,215,215,9.0,3,1
8830,29931527,29931527,119,136,1,35,35,32.0,3,1
8831,29931529,29931529,79,28,0,144,144,9.0,2,1
8832,29931529,29931529,107,96,0,27,27,50.0,1,1
8833,29931533,29931533,110,80,1,19,19,34.0,1,1
8834,29931535,29931535,116,136,0,35,35,17.0,3,1
8835,29931552,29931552,225,140,0,-1,-1,nan,0,0
8836,29931564,29931564,160,134,0,215,215,5.0,2,1
8837,29931565,29931565,31,94,0,207,207,18.0,3,1
8838,29931566,29931566,99,86,1,67,67,17.0,1,1
8839,29931573,29931573,156,131,1,215,215,26.0,3,1
8840,29931574,29931574,81,28,0,144,144,25.0,2,1
8841,29931576,29931576,95,87,1,67,67,0.0,1,1
8842,29931578,29931578,237,135,1,176,176,1.0,2,1
8843,29931578,29931578,84,24,0,2,2,37.0,1,1
8844,29931579,29931579,114,101,0,27,27,16.0,2,1
8845,29931580,29931580,135,126,1,324,324,61.0,1,1
8846,29931580,29931580,229,133,1,39,39,26.0,1,1
8847,29931581,29931581,234,131,1,176,176,32.0,2,1
8848,29931584,29931584,25,105,1,24,24,17.0,2,1
8849,29931595,29931595,113,0,1,3,3,10.0,1,1
8850,29931607,29931607,236,78,0,23,23,53.0,1,1
8851,29931607,29931607,141,126,1,324,324,25.0,2,1
8852,29931607,29931607,152,144,0,290,290,25.0,2,1
8853,29931607,29931607,180,114,0,286,286,32.0,2,1
8854,29931612,29931612,175,104,1,29,29,1.0,2,1
8855,29931615,29931615,113,134,0,35,35,8.0,2,1
8856,29931616,29931616,114,79,0,19,19,17.0,1,1
8857,29931626,29931626,178,41,0,197,197,10.0,4,1
8858,29931629,29931629,83,46,0,58,58,17.0,1,1
8859,29931636,29931636,236,148,0,87,87,58.0,1,1
8860,29931640,29931640,193,110,0,125,125,29.0,1,1
8861,29931648,29931648,148,142,0,290,290,5.0,3,1
8862,29931653,29931653,114,87,0,115,115,53.0,1,1
8863,29931655,29931655,144,128,1,357,357,41.0,2,1
8864,29931665,29931665,30,95,0,72,72,17.0,3,1
8865,29931666,29931666,147,142,0,290,290,4.0,3,1
8866,29931668,29931668,173,41,1,310,310,4.0,3,1
8867,29931684,29931684,175,105,1,29,29,4.0,2,1
8868,29931686,29931686,86,38,0,10,10,9.0,1,1
8869,29931687,29931687,151,138,0,254,254,0.0,2,1
8870,29931696,29931696,223,165,0,396,396,0.0,3,1
8871,29931699,29931699,149,142,0,290,290,8.0,2,1
8872,29931699,29931699,124,138,0,388,388,13.0,2,1
8873,29931708,29931708,174,52,0,155,155,37.0,2,1
8874,29931712,29931712,238,78,0,-1,-1,nan,0,0
8875,29931713,29931713,76,20,1,2,2,13.0,2,1
8876,29931714,29931714,145,129,1,357,357,45.0,1,1
8877,29931714,29931714,177,113,0,286,286,26.0,2,1
8878,29931718,29931718,116,79,0,19,19,25.0,3,1
8879,29931719,29931719,234,151,0,184,184,37.0,1,1
8880,29931720,29931720,113,129,1,35,35,13.0,1,1
8881,29931720,29931720,238,129,1,133,133,36.0,2,1
8882,29931725,29931725,185,97,1,-1,-1,nan,0,0
8883,29931728,29931728,149,130,1,357,357,50.0,1,1
8884,29931729,29931729,176,50,0,197,197,37.0,2,1
8885,29931733,29931733,143,126,1,324,324,29.0,2,1
8886,29931735,29931735,133,139,0,173,173,9.0,4,1
8887,29931744,29931744,79,30,0,144,144,13.0,2,1
8888,29931750,29931750,21,101,1,24,24,9.0,2,1
8889,29931755,29931755,174,40,1,310,310,2.0,4,1
8890,29931756,29931756,239,76,0,-1,-1,nan,0,0
8891,29931787,29931787,123,1,0,458,458,1.0,4,1
8892,29931787,29931787,163,47,1,344,344,5.0,3,1
8893,29931787,29931787,166,48,0,155,155,13.0,3,1
8894,29931797,29931797,176,43,0,197,197,2.0,4,1
8895,29931804,29931804,228,73,1,23,23,10.0,3,1
8896,29931808,29931808,25,93,1,72,72,10.0,2,1
8897,29931808,29931808,131,139,0,173,173,13.0,4,1
8898,29931810,29931810,117,4,0,3,3,10.0,3,1
8899,29931822,29931822,226,138,1,87,87,58.0,1,1
8900,29931838,29931838,152,132,1,254,254,37.0,1,1
8901,29931842,29931842,149,131,1,254,254,53.0,1,1
8902,29931846,29931846,104,93,0,-1,-1,nan,0,0
8903,29931849,29931849,105,82,1,-1,-1,nan,0,0
8904,29931851,29931851,191,113,0,-1,-1,nan,0,0
8905,29931851,29931851,108,80,1,19,19,50.0,1,1
8906,29931877,29931877,181,52,0,408,408,29.0,2,1
8907,29931879,29931879,125,122,1,384,384,61.0,1,1
8908,29931879,29931879,157,142,0,85,85,20.0,3,1
8909,29931889,29931889,157,141,0,85,85,13.0,3,1
8910,29931890,29931890,177,44,0,197,197,0.0,4,1
8911,29931898,29931898,108,81,1,19,19,61.0,1,1
8912,29931898,29931898,38,110,0,25,25,2.0,1,1
8913,29931899,29931899,184,117,0,-1,-1,nan,0,0
8914,29931903,29931903,80,27,0,144,144,17.0,2,1
8915,29931903,29931903,112,135,0,35,35,18.0,2,1
8916,29931904,29931904,101,93,0,-1,-1,nan,0,0
8917,29931907,29931907,29,113,1,165,165,20.0,1,1
8918,29931908,29931908,100,85,1,67,67,29.0,1,1
8919,29931915,29931915,73,24,1,50,50,20.0,3,1
8920,29931919,29931919,33,100,0,166,166,4.0,1,1
8921,29931924,29931924,119,124,1,75,75,45.0,1,1
8922,29931925,29931925,189,115,0,-1,-1,nan,0,0
8923,29931925,29931925,36,105,0,25,25,45.0,2,1
8924,29931925,29931925,68,30,1,-1,-1,nan,0,0
8925,29931926,29931926,114,84,0,115,115,50.0,1,1
8926,29931926,29931926,130,125,1,-1,-1,nan,0,0
8927,29931930,29931930,156,127,1,37,37,26.0,2,1
8928,29931931,29931931,115,122,1,75,75,17.0,1,1
8929,29931939,29931939,66,33,1,106,106,29.0,1,1
8930,29931939,29931939,166,35,1,376,376,1.0,4,1
8931,29931940,29931940,225,139,1,-1,-1,nan,0,0
8932,29931940,29931940,179,39,0,197,197,29.0,3,1
8933,29931941,29931941,180,98,1,77,77,29.0,3,1
8934,29931949,29931949,146,130,1,357,357,53.0,1,1
8935,29931952,29931952,122,123,1,75,75,61.0,1,1
8936,29931954,29931954,156,132,1,215,215,25.0,4,1
8937,29931967,29931967,155,131,1,215,215,37.0,2,1
8938,29931977,29931977,154,144,0,254,254,45.0,3,1
8939,29931977,29931977,184,97,1,77,77,52.0,1,1
8940,29931977,29931977,115,135,0,35,35,9.0,2,1
8941,29931982,29931982,191,114,0,-1,-1,nan,0,0
8942,29931982,29931982,33,101,0,166,166,9.0,1,1
8943,29931982,29931982,237,149,0,-1,-1,nan,0,0
8944,29931988,29931988,172,42,1,310,310,10.0,3,1
8945,29931996,29931996,74,22,1,50,50,13.0,3,1
8946,29932000,29932000,167,38,1,376,376,9.0,5,1
8947,29932007,29932007,83,42,0,10,10,16.0,2,1
8948,29932023,29932023,236,151,0,184,184,37.0,1,1
8949,29932026,29932026,181,115,0,286,286,34.0,2,1
8950,29932027,29932027,174,71,0,69,69,0.0,3,1
8951,29932027,29932027,231,153,0,184,184,32.0,2,1
8952,29932028,29932028,183,99,1,77,77,61.0,1,1
8953,29932028,29932028,24,94,1,72,72,8.0,2,1
8954,29932036,29932036,35,103,0,166,166,29.0,1,1
8955,29932044,29932044,227,75,1,23,23,5.0,3,1
8956,29932048,29932048,231,87,0,-1,-1,nan,0,0
8957,29932049,29932049,176,51,0,197,197,50.0,2,1
8958,29932052,29932052,167,45,1,344,344,9.0,3,1
8959,29932053,29932053,186,98,1,78,78,53.0,1,1
8960,29932058,29932058,192,109,0,125,125,17.0,1,1
8961,29932059,29932059,116,121,1,75,75,9.0,1,1
8962,29932063,29932063,236,79,0,23,23,58.0,1,1
8963,29932064,29932064,108,96,0,27,27,37.0,1,1
8964,29932070,29932070,68,31,1,-1,-1,nan,0,0
8965,29932072,29932072,161,48,1,344,344,18.0,3,1
8966,29932075,29932075,150,143,0,290,290,10.0,2,1
8967,29932082,29932082,165,36,1,376,376,5.0,3,1
8968,29932089,29932089,162,47,1,344,344,8.0,3,1
8969,29932090,29932090,138,141,0,253,253,5.0,4,1
8970,29932094,29932094,25,107,1,165,165,16.0,2,1
8971,29932095,29932095,124,3,0,458,458,8.0,4,1
8972,29932095,29932095,235,133,1,176,176,13.0,1,1
8973,29932095,29932095,115,84,0,115,115,37.0,1,1
8974,29932100,29932100,72,20,1,50,50,1.0,2,1
8975,29932100,29932100,94,88,1,67,67,2.0,1,1
8976,29932101,29932101,83,23,0,2,2,25.0,1,1
8977,29932101,29932101,178,42,0,197,197,5.0,3,1
8978,29932101,29932101,132,124,1,-1,-1,nan,0,0
8979,29932106,29932106,187,97,1,78,78,37.0,1,1
8980,29932108,29932108,114,94,0,27,27,9.0,1,1
8981,29932109,29932109,134,140,0,173,173,17.0,4,1
8982,29932116,29932116,115,85,0,115,115,36.0,1,1
8983,29932126,29932126,190,112,0,125,125,50.0,2,1
8984,29932126,29932126,177,104,1,29,29,5.0,3,1
8985,29932126,29932126,114,91,0,27,27,36.0,1,1
8986,29932132,29932132,157,143,0,85,85,29.0,3,1
8987,29932135,29932135,116,83,0,115,115,29.0,1,1
8988,29932147,29932147,180,99,1,77,77,40.0,3,1
8989,29932149,29932149,187,116,0,-1,-1,nan,0,0
8990,29932149,29932149,150,129,1,357,357,40.0,1,1
8991,29932155,29932155,154,143,0,254,254,34.0,3,1
8992,29932161,29932161,35,102,0,166,166,20.0,1,1
8993,29932191,29932191,175,40,1,310,310,5.0,4,1
8994,29932194,29932194,165,37,1,376,376,8.0,3,1
8995,29932201,29932201,71,26,1,144,144,29.0,3,1
8996,29932202,29932202,233,83,0,-1,-1,nan,0,0
8997,29932209,29932209,146,125,1,357,357,8.0,2,1
8998,29932213,29932213,131,127,1,-1,-1,nan,0,0
8999,29932217,29932217,225,77,1,23,23,17.0,2,1
9000,29932218,29932218,114,76,1,19,19,2.0,1,1
9001,29932229,29932229,235,79,0,23,23,45.0,1,1
9002,29932233,29932233,120,5,0,52,52,18.0,3,1
9003,29932239,29932239,230,72,1,118,118,10.0,4,1
9004,29932240,29932240,35,113,0,25,25,20.0,1,1
9005,29932240,29932240,234,70,1,71,71,8.0,4,1
9006,29932240,29932240,235,152,0,184,184,25.0,1,1
9007,29932244,29932244,176,108,1,29,29,26.0,2,1
9008,29932248,29932248,79,31,0,144,144,18.0,1,1
9009,29932249,29932249,166,50,0,155,155,5.0,3,1
9010,29932255,29932255,81,43,0,58,58,8.0,2,1
9011,29932264,29932264,157,133,1,215,215,17.0,3,1
9012,29932269,29932269,28,112,1,165,165,10.0,2,1
9013,29932270,29932270,163,49,0,344,344,17.0,3,1
9014,29932273,29932273,229,149,1,47,47,32.0,1,1
9015,29932280,29932280,87,40,0,10,10,20.0,1,1
9016,29932288,29932288,77,31,0,144,144,10.0,1,1
9017,29932295,29932295,234,152,0,184,184,26.0,1,1
9018,29932304,29932304,82,46,0,58,58,10.0,1,1
9019,29932306,29932306,193,109,0,125,125,20.0,1,1
9020,29932309,29932309,107,81,1,-1,-1,nan,0,0
9021,29932317,29932317,115,88,0,115,115,45.0,1,1
9022,29932322,29932322,80,29,0,144,144,17.0,2,1
9023,29932322,29932322,181,117,0,286,286,26.0,1,1
9024,29932324,29932324,159,135,0,85,85,9.0,2,1
9025,29932327,29932327,172,57,0,155,155,52.0,1,1
9026,29932331,29932331,153,143,0,254,254,29.0,3,1
9027,29932338,29932338,164,47,1,344,344,4.0,4,1
9028,29932338,29932338,236,144,0,87,87,18.0,1,1
9029,29932341,29932341,191,112,1,125,125,49.0,1,1
9030,29932345,29932345,117,3,0,3,3,5.0,3,1
9031,29932345,29932345,184,116,0,30,30,50.0,1,1
9032,29932351,29932351,135,139,0,173,173,13.0,3,1
9033,29932358,29932358,113,1,1,3,3,9.0,1,1
9034,29932368,29932368,237,79,0,-1,-1,nan,0,0
9035,29932369,29932369,230,134,1,39,39,40.0,2,1
9036,29932377,29932377,122,137,1,388,388,16.0,2,1
9037,29932382,29932382,26,91,1,112,112,10.0,2,1
9038,29932386,29932386,120,137,0,388,388,20.0,4,1
9039,29932391,29932391,226,140,0,87,87,50.0,1,1
9040,29932393,29932393,182,98,1,77,77,41.0,1,1
9041,29932396,29932396,148,131,1,254,254,58.0,1,1
9042,29932399,29932399,114,80,0,19,19,26.0,1,1
9043,29932409,29932409,119,123,1,75,75,34.0,1,1
9044,29932420,29932420,118,4,0,3,3,13.0,3,1
9045,29932427,29932427,133,140,0,173,173,16.0,5,1
9046,29932430,29932430,139,127,1,324,324,40.0,1,1
9047,29932450,29932450,131,126,1,-1,-1,nan,0,0
9048,29932451,29932451,175,50,0,275,275,32.0,3,1
9049,29932455,29932455,174,53,0,155,155,40.0,2,1
9050,29932460,29932460,158,138,1,85,85,1.0,3,1
9051,29932469,29932469,183,117,0,286,286,50.0,1,1
9052,29932473,29932473,237,150,1,184,184,53.0,1,1
9053,29932477,29932477,128,138,0,36,36,10.0,3,1
9054,29932487,29932487,192,110,0,125,125,26.0,1,1
9055,29932492,29932492,173,52,0,155,155,26.0,2,1
9056,29932496,29932496,114,82,0,19,19,50.0,2,1
9057,29932500,29932500,236,147,0,87,87,45.0,1,1
9058,29932504,29932504,136,141,0,253,253,5.0,4,1
9059,29932506,29932506,231,86,0,-1,-1,nan,0,0
9060,29932523,29932523,124,1,0,458,458,4.0,3,1
9061,29932523,29932523,183,98,1,77,77,50.0,1,1
9062,29932528,29932528,98,91,0,67,67,25.0,1,1
9063,29932528,29932528,101,85,1,67,67,40.0,1,1
9064,29932532,29932532,166,46,1,344,344,5.0,3,1
9065,29932533,29932533,185,116,0,30,30,53.0,1,1
9066,29932538,29932538,134,127,1,-1,-1,nan,0,0
9067,29932540,29932540,113,100,0,27,27,10.0,1,1
9068,29932543,29932543,233,152,0,184,184,29.0,1,1
9069,29932551,29932551,169,53,1,155,155,5.0,3,1
9070,29932552,29932552,77,30,0,144,144,5.0,2,1
9071,29932553,29932553,233,132,1,176,176,34.0,2,1
9072,29932564,29932564,23,96,1,72,72,9.0,1,1
9073,29932568,29932568,27,108,1,165,165,13.0,2,1
9074,29932572,29932572,233,81,0,23,23,41.0,1,1
9075,29932578,29932578,181,98,1,77,77,34.0,2,1
9076,29932579,29932579,164,39,1,237,237,10.0,5,1
9077,29932584,29932584,182,115,0,30,30,37.0,2,1
9078,29932585,29932585,192,112,0,125,125,50.0,1,1
9079,29932589,29932589,166,49,0,155,155,8.0,3,1
9080,29932593,29932593,107,80,1,19,19,61.0,1,1
9081,29932602,29932602,141,141,0,253,253,20.0,4,1
9082,29932603,29932603,115,92,0,27,27,26.0,1,1
9083,29932605,29932605,227,76,1,23,23,4.0,2,1
9084,29932605,29932605,228,76,1,23,23,1.0,3,1
9085,29932607,29932607,233,80,0,23,23,32.0,1,1
9086,29932610,29932610,158,131,1,215,215,10.0,3,1
9087,29932629,29932629,80,28,0,144,144,16.0,2,1
9088,29932630,29932630,229,73,1,23,23,9.0,3,1
9089,29932630,29932630,131,138,0,173,173,8.0,3,1
9090,29932631,29932631,194,106,0,125,125,10.0,1,1
9091,29932631,29932631,121,137,0,388,388,17.0,4,1
9092,29932631,29932631,159,137,0,85,85,1.0,2,1
9093,29932631,29932631,175,111,0,286,286,50.0,1,1
9094,29932638,29932638,84,45,0,58,58,25.0,2,1
9095,29932641,29932641,103,83,1,-1,-1,nan,0,0
9096,29932643,29932643,234,79,0,23,23,34.0,1,1
9097,29932645,29932645,235,138,0,87,87,13.0,2,1
9098,29932646,29932646,126,126,1,-1,-1,nan,0,0
9099,29932656,29932656,239,78,0,-1,-1,nan,0,0
9100,29932660,29932660,30,114,1,165,165,34.0,1,1
9101,29932669,29932669,194,105,0,125,125,9.0,1,1
9102,29932670,29932670,177,101,1,29,29,8.0,2,1
9103,29932679,29932679,142,128,1,324,324,50.0,2,1
9104,29932687,29932687,78,31,0,144,144,13.0,1,1
9105,29932688,29932688,232,130,1,39,39,20.0,2,1
9106,29932695,29932695,170,51,1,155,155,4.0,2,1
9107,29932705,29932705,116,76,0,19,19,10.0,2,1
9108,29932718,29932718,231,70,1,118,118,1.0,4,1
9109,29932723,29932723,128,139,0,36,36,17.0,4,1
9110,29932731,29932731,176,104,1,29,29,2.0,2,1
9111,29932734,29932734,233,153,0,184,184,20.0,1,1
9112,29932734,29932734,116,81,0,115,115,41.0,2,1
9113,29932736,29932736,144,142,0,290,290,13.0,4,1
9114,29932738,29932738,174,26,1,369,369,8.0,2,1
9115,29932739,29932739,103,94,0,-1,-1,nan,0,0
9116,29932742,29932742,235,77,0,23,23,37.0,1,1
9117,29932743,29932743,36,111,0,25,25,9.0,1,1
9118,29932747,29932747,129,139,0,36,36,20.0,4,1
9119,29932748,29932748,130,124,1,-1,-1,nan,0,0
9120,29932760,29932760,177,39,1,310,310,16.0,3,1
9121,29932760,29932760,120,136,0,388,388,29.0,4,1
9122,29932760,29932760,74,23,1,2,2,16.0,3,1
9123,29932762,29932762,113,97,0,27,27,1.0,1,1
9124,29932765,29932765,122,5,0,52,52,10.0,4,1
9125,29932767,29932767,115,76,1,19,19,5.0,1,1
9126,29932782,29932782,114,126,1,35,35,37.0,1,1
9127,29932785,29932785,239,79,0,-1,-1,nan,0,0
9128,29932788,29932788,185,117,0,-1,-1,nan,0,0
9129,29932790,29932790,72,25,1,144,144,25.0,3,1
9130,29932790,29932790,226,78,1,23,23,13.0,1,1
9131,29932796,29932796,165,46,1,344,344,2.0,4,1
9132,29932805,29932805,74,20,1,50,50,9.0,2,1
9133,29932809,29932809,193,107,0,125,125,8.0,1,1
9134,29932810,29932810,158,136,0,85,85,5.0,3,1
9135,29932821,29932821,228,139,0,87,87,29.0,1,1
9136,29932834,29932834,227,136,1,87,87,61.0,1,1
9137,29932839,29932839,87,41,0,10,10,25.0,1,1
9138,29932842,29932842,234,132,1,176,176,25.0,2,1
9139,29932846,29932846,187,115,0,30,30,52.0,1,1
9140,29932851,29932851,238,76,0,-1,-1,nan,0,0
9141,29932854,29932854,134,126,1,-1,-1,nan,0,0
9142,29932855,29932855,165,50,0,155,155,10.0,3,1
9143,29932862,29932862,151,144,0,290,290,16.0,2,1
9144,29932863,29932863,124,2,0,458,458,5.0,3,1
9145,29932865,29932865,96,89,0,67,67,5.0,1,1
9146,29932872,29932872,140,141,0,253,253,13.0,4,1
9147,29932873,29932873,179,113,0,30,30,32.0,2,1
9148,29932873,29932873,114,129,1,35,35,10.0,1,1
9149,29932877,29932877,110,79,1,19,19,25.0,1,1
9150,29932882,29932882,174,109,1,29,29,37.0,1,1
9151,29932892,29932892,173,56,0,155,155,50.0,1,1
9152,29932893,29932893,176,107,1,29,29,17.0,2,1
9153,29932918,29932918,231,132,1,39,39,25.0,2,1
9154,29932919,29932919,120,135,0,35,35,34.0,4,1
9155,29932929,29932929,162,49,0,344,344,20.0,3,1
9156,29932929,29932929,138,127,1,324,324,45.0,1,1
9157,29932939,29932939,87,38,0,10,10,16.0,1,1
9158,29932939,29932939,113,130,1,35,35,8.0,1,1
9159,29932942,29932942,109,98,0,27,27,26.0,1,1
9160,29932942,29932942,167,40,1,376,376,25.0,5,1
9161,29932948,29932948,142,142,0,84,84,16.0,4,1
9162,29932955,29932955,182,96,1,77,77,25.0,1,1
9163,29932958,29932958,130,127,1,-1,-1,nan,0,0
9164,29932971,29932971,116,78,0,19,19,18.0,2,1
9165,29932978,29932978,23,95,1,72,72,10.0,2,1
9166,29932979,29932979,235,137,0,176,176,13.0,2,1
9167,29932988,29932988,190,115,0,-1,-1,nan,0,0
9168,29933000,29933000,72,24,1,50,50,17.0,3,1
9169,29933001,29933001,147,128,1,357,357,26.0,1,1
9170,29933009,29933009,176,45,0,197,197,2.0,4,1
9171,29933012,29933012,236,143,0,87,87,13.0,1,1
9172,29933012,29933012,122,125,1,-1,-1,nan,0,0
9173,29933014,29933014,228,142,1,87,87,26.0,1,1
9174,29933022,29933022,192,111,0,125,125,37.0,1,1
9175,29933032,29933032,233,84,1,-1,-1,nan,0,0
9176,29933032,29933032,232,152,0,184,184,34.0,2,1
9177,29933032,29933032,233,79,0,23,23,25.0,1,1
9178,29933032,29933032,189,114,0,30,30,61.0,1,1
9179,29933038,29933038,238,135,0,176,176,0.0,2,1
9180,29933040,29933040,147,143,0,290,290,1.0,3,1
9181,29933048,29933048,239,75,0,71,71,58.0,1,1
9182,29933050,29933050,176,44,0,197,197,1.0,4,1
9183,29933056,29933056,112,79,1,19,19,17.0,1,1
9184,29933056,29933056,231,69,1,118,118,0.0,5,1
9185,29933058,29933058,125,138,0,36,36,13.0,2,1
9186,29933063,29933063,29,112,1,165,165,17.0,1,1
9187,29933065,29933065,157,132,1,215,215,16.0,3,1
9188,29933066,29933066,118,124,1,75,75,40.0,1,1
9189,29933066,29933066,102,84,1,67,67,58.0,1,1
9190,29933067,29933067,108,95,0,27,27,40.0,1,1
9191,29933077,29933077,182,52,0,408,408,20.0,2,1
9192,29933077,29933077,147,129,1,357,357,37.0,1,1
9193,29933079,29933079,159,132,1,215,215,4.0,3,1
9194,29933084,29933084,232,153,0,184,184,25.0,2,1
9195,29933087,29933087,181,100,1,29,29,45.0,2,1
9196,29933094,29933094,37,109,0,25,25,8.0,1,1
9197,29933097,29933097,25,104,1,24,24,16.0,2,1
9198,29933103,29933103,234,69,1,71,71,5.0,3,1
9199,29933129,29933129,139,141,0,253,253,8.0,4,1
9200,29933130,29933130,230,87,0,-1,-1,nan,0,0
9201,29933135,29933135,106,96,0,-1,-1,nan,0,0
9202,29933138,29933138,148,143,0,290,290,2.0,3,1
9203,29933139,29933139,116,80,0,19,19,34.0,2,1
9204,29933140,29933140,127,138,0,36,36,9.0,3,1
9205,29933140,29933140,184,99,1,-1,-1,nan,0,0
9206,29933151,29933151,180,116,0,286,286,20.0,2,1
9207,29933166,29933166,159,134,0,215,215,8.0,2,1
9208,29933166,29933166,167,43,1,344,344,13.0,4,1
9209,29933166,29933166,135,128,1,-1,-1,nan,0,0
9210,29933176,29933176,87,39,0,10,10,17.0,1,1
9211,29933176,29933176,139,128,1,324,324,53.0,1,1
9212,29933177,29933177,40,108,0,25,25,10.0,1,1
9213,29933189,29933189,166,45,1,344,344,4.0,3,1
9214,29933196,29933196,69,36,1,-1,-1,nan,0,0
9215,29933201,29933201,158,140,0,85,85,5.0,3,1
9216,29933217,29933217,228,141,1,87,87,25.0,1,1
9217,29933218,29933218,227,137,1,87,87,52.0,1,1
9218,29933223,29933223,178,111,0,30,30,29.0,2,1
9219,29933227,29933227,156,144,0,131,131,40.0,3,1
9220,29933233,29933233,174,179,1,45,45,5.0,2,1
9221,29933233,29933233,179,179,1,139,139,37.0,2,1
9222,29933238,29933238,102,93,0,-1,-1,nan,0,0
9223,29933240,29933240,236,145,0,87,87,25.0,1,1
9224,29933243,29933243,232,154,0,184,184,18.0,2,1
9225,29933248,29933248,174,54,0,155,155,45.0,1,1
9226,29933252,29933252,160,133,0,215,215,2.0,3,1
9227,29933266,29933266,82,27,0,2,2,32.0,2,1
9228,29933271,29933271,28,110,1,165,165,10.0,1,1
9229,29933274,29933274,177,51,0,197,197,49.0,3,1
9230,29933279,29933279,229,135,1,39,39,50.0,2,1
9231,29933279,29933279,179,101,1,29,29,20.0,2,1
9232,29933283,29933283,233,70,1,118,118,5.0,4,1
9233,29933289,29933289,120,138,0,388,388,13.0,4,1
9234,29933290,29933290,164,36,1,376,376,10.0,3,1
9235,29933292,29933292,230,130,1,39,39,8.0,1,1
9236,29933292,29933292,115,80,0,19,19,29.0,2,1
9237,29933297,29933297,177,37,1,310,310,20.0,3,1
9238,29933305,29933305,131,125,1,-1,-1,nan,0,0
9239,29933310,29933310,99,92,0,67,67,41.0,1,1
9240,29933315,29933315,82,41,0,10,10,10.0,2,1
9241,29933315,29933315,115,89,0,115,115,52.0,1,1
9242,29933320,29933320,151,143,0,290,290,17.0,2,1
9243,29933321,29933321,229,147,1,47,47,52.0,2,1
9244,29933321,29933321,229,148,1,47,47,41.0,1,1
9245,29933324,29933324,236,131,1,176,176,20.0,1,1
9246,29933344,29933344,190,114,0,-1,-1,nan,0,0
9247,29933344,29933344,228,140,1,87,87,26.0,1,1
9248,29933349,29933349,234,78,0,23,23,29.0,1,1
9249,29933349,29933349,148,130,1,357,357,49.0,1,1
9250,29933350,29933350,173,55,0,155,155,41.0,1,1
9251,29933351,29933351,96,87,1,67,67,1.0,1,1
9252,29933356,29933356,115,136,0,35,35,16.0,2,1
9253,29933356,29933356,114,90,0,27,27,49.0,1,1
9254,29933362,29933362,193,108,0,125,125,13.0,1,1
9255,29933364,29933364,158,141,0,85,85,10.0,3,1
9256,29933377,29933377,36,112,0,25,25,10.0,1,1
9257,29933379,29933379,191,111,1,125,125,36.0,1,1
9258,29933381,29933381,66,34,1,106,106,26.0,1,1
9259,29933384,29933384,172,59,0,21,21,49.0,1,1
9260,29933385,29933385,146,143,0,290,290,2.0,3,1
9261,29933385,29933385,235,136,0,176,176,10.0,2,1
9262,29933395,29933395,167,44,1,344,344,10.0,4,1
9263,29933396,29933396,142,141,0,84,84,25.0,4,1
9264,29933398,29933398,229,132,1,39,39,17.0,1,1
9265,29933398,29933398,151,130,1,357,357,58.0,1,1
9266,29933403,29933403,238,73,0,71,71,29.0,1,1
9267,29933408,29933408,180,52,0,408,408,40.0,2,1
9268,29933426,29933426,127,126,1,-1,-1,nan,0,0
9269,29933443,29933443,123,4,0,458,458,10.0,5,1
9270,29933444,29933444,237,148,0,-1,-1,nan,0,0
9271,29933448,29933448,115,134,0,35,35,4.0,2,1
9272,29933453,29933453,124,124,1,-1,-1,nan,0,0
9273,29933456,29933456,112,78,1,19,19,10.0,1,1
9274,29933457,29933457,123,3,0,458,458,5.0,4,1
9275,29933459,29933459,132,127,1,-1,-1,nan,0,0
9276,29933459,29933459,134,128,1,-1,-1,nan,0,0
9277,29933465,29933465,228,74,1,23,23,5.0,3,1
9278,29933465,29933465,228,134,1,39,39,36.0,1,1
9279,29933465,29933465,231,130,1,39,39,13.0,1,1
9280,29933465,29933465,175,107,1,29,29,16.0,1,1
9281,29933474,29933474,105,83,1,-1,-1,nan,0,0
9282,29933474,29933474,121,5,0,52,52,13.0,3,1
9283,29933484,29933484,34,99,0,166,166,2.0,1,1
9284,29933493,29933493,85,42,0,10,10,20.0,2,1
9285,29933495,29933495,139,139,0,130,130,9.0,4,1
9286,29933505,29933505,172,58,0,-1,-1,nan,0,0
9287,29933511,29933511,175,51,0,275,275,41.0,3,1
9288,29933513,29933513,116,77,0,19,19,13.0,2,1
9289,29933514,29933514,36,113,0,25,25,13.0,1,1
9290,29933530,29933530,125,137,0,36,36,8.0,2,1
9291,29933531,29933531,230,154,0,47,47,26.0,2,1
9292,29933531,29933531,115,94,0,27,27,10.0,1,1
9293,29933531,29933531,227,82,1,23,23,40.0,1,1
9294,29933541,29933541,155,144,0,85,85,52.0,3,1
9295,29933557,29933557,177,43,0,197,197,1.0,4,1
9296,29933557,29933557,180,179,1,139,139,40.0,1,1
9297,29933562,29933562,236,136,0,176,176,5.0,2,1
9298,29933567,29933567,186,116,0,30,30,58.0,1,1
9299,29933568,29933568,77,19,1,2,2,17.0,2,1
9300,29933568,29933568,110,98,0,27,27,17.0,1,1
9301,29933576,29933576,230,85,0,-1,-1,nan,0,0
9302,29933578,29933578,98,86,1,67,67,10.0,1,1
9303,29933587,29933587,115,100,0,27,27,10.0,2,1
9304,29933587,29933587,182,100,1,29,29,58.0,1,1
9305,29933588,29933588,227,81,1,23,23,29.0,1,1
9306,29933595,29933595,231,154,0,184,184,25.0,2,1
9307,29933596,29933596,33,104,0,166,166,36.0,1,1
9308,29933602,29933602,36,108,0,25,25,18.0,1,1
9309,29933608,29933608,180,51,0,198,198,34.0,3,1
9310,29933609,29933609,227,139,0,87,87,40.0,1,1
9311,29933611,29933611,35,114,0,25,25,25.0,1,1
9312,29933618,29933618,179,115,0,286,286,18.0,2,1
9313,29933618,29933618,177,50,0,197,197,36.0,3,1
9314,29933619,29933619,227,80,1,23,23,20.0,1,1
9315,29933622,29933622,99,85,1,67,67,20.0,1,1
9316,29933624,29933624,178,51,0,197,197,50.0,2,1
9317,29933629,29933629,136,126,1,324,324,50.0,1,1
9318,29933629,29933629,25,109,1,165,165,4.0,2,1
9319,29933629,29933629,81,24,0,2,2,10.0,2,1
9320,29933632,29933632,116,124,1,75,75,36.0,1,1
9321,29933640,29933640,150,144,0,290,290,9.0,2,1
9322,29933640,29933640,116,85,0,115,115,25.0,1,1
9323,29933642,29933642,112,100,0,27,27,13.0,1,1
9324,29933644,29933644,85,43,0,10,10,29.0,2,1
9325,29933645,29933645,82,25,0,2,2,20.0,2,1
9326,29933649,29933649,236,146,0,87,87,34.0,1,1
9327,29933653,29933653,33,97,0,166,166,1.0,3,1
9328,29933658,29933658,192,113,0,-1,-1,nan,0,0
9329,29933658,29933658,38,108,0,25,25,10.0,1,1
9330,29933659,29933659,115,126,1,35,35,36.0,1,1
9331,29933659,29933659,147,130,1,357,357,50.0,1,1
9332,29933662,29933662,88,40,0,10,10,29.0,1,1
9333,29933663,29933663,157,140,0,85,85,8.0,3,1
9334,29933671,29933671,71,27,1,144,144,26.0,2,1
9335,29933674,29933674,137,141,0,253,253,4.0,4,1
9336,29933675,29933675,32,99,0,166,166,2.0,2,1
9337,29933675,29933675,233,78,0,23,23,20.0,1,1
9338,29933676,29933676,82,24,0,2,2,17.0,2,1
9339,29933676,29933676,232,132,1,39,39,32.0,2,1
9340,29933680,29933680,188,114,0,30,30,50.0,1,1
9341,29933686,29933686,109,80,1,19,19,41.0,1,1
9342,29933691,29933691,143,141,0,290,290,25.0,4,1
9343,29933695,29933695,81,28,0,144,144,25.0,2,1
9344,29933701,29933701,114,89,0,-1,-1,nan,0,0
9345,29933706,29933706,126,137,0,36,36,5.0,3,1
9346,29933726,29933726,233,82,0,23,23,52.0,1,1
9347,29933726,29933726,237,151,0,184,184,40.0,1,1
9348,29933727,29933727,69,29,1,144,144,50.0,1,1
9349,29933738,29933738,139,129,1,130,130,49.0,1,1
9350,29933738,29933738,26,92,1,72,72,16.0,2,1
9351,29933741,29933741,116,82,0,115,115,34.0,2,1
9352,29933748,29933748,101,84,1,67,67,45.0,1,1
9353,29933757,29933757,182,118,0,286,286,36.0,1,1
9354,29933760,29933760,34,112,0,25,25,26.0,1,1
9355,29933763,29933763,116,90,0,115,115,50.0,2,1
9356,29933779,29933779,178,50,0,197,197,37.0,2,1
9357,29933782,29933782,176,100,1,29,29,10.0,3,1
9358,29933786,29933786,170,55,1,155,155,20.0,2,1
9359,29933794,29933794,183,118,0,286,286,49.0,1,1
9360,29933807,29933807,227,140,0,87,87,37.0,1,1
9361,29933815,29933815,115,81,0,19,19,40.0,2,1
9362,29933820,29933820,193,106,0,125,125,5.0,1,1
9363,29933823,29933823,80,30,0,144,144,20.0,2,1
9364,29933832,29933832,112,134,1,35,35,13.0,2,1
9365,29933833,29933833,85,44,0,58,58,37.0,2,1
9366,29933840,29933840,157,130,1,215,215,20.0,2,1
9367,29933842,29933842,114,88,0,115,115,58.0,1,1
9368,29933854,29933854,179,52,0,198,198,52.0,2,1
9369,29933868,29933868,81,26,0,2,2,18.0,2,1
9370,29933869,29933869,124,0,0,458,458,5.0,2,1
9371,29933875,29933875,130,138,0,173,173,13.0,2,1
9372,29933875,29933875,165,38,1,376,376,13.0,4,1
9373,29933876,29933876,116,135,0,35,35,10.0,2,1
9374,29933882,29933882,173,54,0,155,155,34.0,1,1
9375,29933884,29933884,138,140,0,253,253,10.0,4,1
9376,29933890,29933890,84,44,0,58,58,26.0,2,1
9377,29933894,29933894,69,30,1,144,144,53.0,1,1
9378,29933895,29933895,21,98,1,72,72,29.0,2,1
9379,29933895,29933895,228,135,1,39,39,49.0,2,1
9380,29933899,29933899,149,143,0,290,290,5.0,3,1
9381,29933900,29933900,116,3,0,3,3,4.0,2,1
9382,29933901,29933901,116,88,0,115,115,34.0,1,1
9383,29933902,29933902,179,40,1,197,197,20.0,4,1
9384,29933912,29933912,114,77,1,19,19,5.0,1,1
9385,29933917,29933917,88,39,0,10,10,26.0,1,1
9386,29933917,29933917,21,99,1,24,24,25.0,2,1
9387,29933923,29933923,156,133,1,215,215,26.0,3,1
9388,29933942,29933942,132,140,0,173,173,17.0,4,1
9389,29933947,29933947,35,111,0,25,25,16.0,1,1
9390,29933948,29933948,103,84,1,-1,-1,nan,0,0
9391,29933948,29933948,126,138,0,36,36,10.0,3,1
9392,29933958,29933958,236,133,1,176,176,8.0,1,1
9393,29933958,29933958,236,142,0,87,87,10.0,2,1
9394,29933964,29933964,236,152,0,184,184,26.0,1,1
9395,29933964,29933964,176,111,0,286,286,49.0,2,1
9396,29933966,29933966,26,105,1,24,24,26.0,2,1
9397,29933966,29933966,86,42,0,10,10,25.0,2,1
9398,29933967,29933967,177,107,1,29,29,20.0,2,1
9399,29933973,29933973,82,26,0,2,2,25.0,2,1
9400,29933977,29933977,230,132,1,39,39,20.0,1,1
9401,29933979,29933979,143,129,1,357,357,61.0,1,1
9402,29933989,29933989,178,40,0,197,197,17.0,4,1
9403,29934003,29934003,72,26,1,144,144,20.0,3,1
9404,29934010,29934010,137,125,1,324,324,32.0,1,1
9405,29934019,29934019,124,123,1,-1,-1,nan,0,0
9406,29934020,29934020,39,108,0,25,25,9.0,1,1
9407,29934031,29934031,97,89,0,67,67,8.0,1,1
9408,29934031,29934031,177,45,1,197,197,1.0,4,1
9409,29934033,29934033,154,131,1,215,215,50.0,2,1
9410,29934036,29934036,32,104,0,166,166,37.0,1,1
9411,29934036,29934036,162,48,1,344,344,13.0,3,1
9412,29934038,29934038,233,85,0,-1,-1,nan,0,0
9413,29934056,29934056,122,4,0,458,458,9.0,4,1
9414,29934057,29934057,239,80,0,-1,-1,nan,0,0
9415,29934059,29934059,182,175,1,139,139,20.0,2,1
9416,29934062,29934062,114,100,0,27,27,9.0,2,1
9417,29934067,29934067,156,145,1,131,131,37.0,2,1
9418,29934069,29934069,111,79,1,19,19,20.0,1,1
9419,29934071,29934071,191,114,0,-1,-1,nan,0,0
9420,29934071,29934071,105,94,0,-1,-1,nan,0,0
9421,29934072,29934072,155,145,0,131,131,50.0,1,1
9422,29934084,29934084,145,143,0,290,290,5.0,3,1
9423,29934085,29934085,174,50,0,275,275,25.0,3,1
9424,29934086,29934086,98,87,1,67,67,9.0,1,1
9425,29934089,29934089,177,42,0,197,197,4.0,4,1
9426,29934091,29934091,155,133,1,215,215,37.0,3,1
9427,29934098,29934098,67,32,1,106,106,45.0,1,1
9428,29934108,29934108,104,83,1,-1,-1,nan,0,0
9429,29934108,29934108,115,83,0,115,115,40.0,1,1
9430,29934118,29934118,117,136,0,35,35,20.0,3,1
9431,29934120,29934120,137,140,0,253,253,9.0,4,1
9432,29934121,29934121,100,86,1,67,67,26.0,1,1
9433,29934128,29934128,85,41,0,10,10,13.0,2,1
9434,29934136,29934136,29,115,1,165,165,32.0,2,1
9435,29934141,29934141,95,88,1,67,67,1.0,1,1
9436,29934143,29934143,168,50,0,155,155,1.0,3,1
9437,29934144,29934144,39,109,0,25,25,4.0,1,1
9438,29934151,29934151,178,41,0,197,197,10.0,4,1
9439,29934152,29934152,68,31,1,-1,-1,nan,0,0
9440,29934160,29934160,235,78,0,23,23,40.0,1,1
9441,29934162,29934162,113,131,1,35,35,5.0,1,1
9442,29934163,29934163,70,28,1,144,144,36.0,1,1
9443,29934163,29934163,33,102,0,166,166,16.0,1,1
9444,29934169,29934169,237,146,0,87,87,41.0,1,1
9445,29934170,29934170,179,39,0,197,197,29.0,3,1
9446,29934174,29934174,134,139,0,173,173,10.0,3,1
9447,29934179,29934179,228,73,1,23,23,10.0,3,1
9448,29934180,29934180,115,86,0,115,115,37.0,1,1
9449,29934180,29934180,230,133,1,39,39,29.0,1,1
9450,29934180,29934180,230,131,1,39,39,13.0,1,1
9451,29934187,29934187,177,41,0,197,197,9.0,4,1
9452,29934187,29934187,116,89,0,115,115,41.0,1,1
9453,29934189,29934189,152,143,0,254,254,26.0,2,1
9454,29934190,29934190,188,116,0,216,216,58.0,1,1
9455,29934196,29934196,122,124,1,-1,-1,nan,0,0
9456,29934198,29934198,116,84,0,115,115,26.0,1,1
9457,29934199,29934199,159,136,0,85,85,4.0,2,1
9458,29934199,29934199,124,137,0,36,36,13.0,2,1
9459,29934209,29934209,115,124,1,75,75,37.0,1,1
9460,29934210,29934210,143,142,0,84,84,17.0,4,1
9461,29934211,29934211,111,99,0,27,27,13.0,1,1
9462,29934219,29934219,143,130,1,130,130,52.0,1,1
9463,29934221,29934221,30,94,0,72,72,20.0,4,1
9464,29934224,29934224,114,136,0,35,35,17.0,2,1
9465,29934225,29934225,158,137,0,85,85,2.0,3,1
9466,29934226,29934226,188,115,0,30,30,61.0,1,1
9467,29934228,29934228,178,103,1,29,29,9.0,3,1
9468,29934230,29934230,83,45,0,58,58,16.0,2,1
9469,29934232,29934232,129,138,0,36,36,13.0,3,1
9470,29934235,29934235,236,135,0,176,176,4.0,2,1
9471,29934241,29934241,176,103,1,29,29,1.0,2,1
9472,29934247,29934247,232,88,0,-1,-1,nan,0,0
9473,29934247,29934247,235,151,0,184,184,36.0,1,1
9474,29934254,29934254,123,137,0,388,388,17.0,2,1
9475,29934262,29934262,75,21,1,2,2,13.0,3,1
9476,29934266,29934266,140,128,1,324,324,50.0,1,1
9477,29934272,29934272,141,140,0,130,130,20.0,4,1
9478,29934281,29934281,115,90,0,27,27,50.0,2,1
9479,29934292,29934292,176,40,1,310,310,10.0,4,1
9480,29934293,29934293,229,72,1,118,118,13.0,3,1
9481,29934300,29934300,177,100,1,29,29,13.0,3,1
9482,29934301,29934301,167,50,0,155,155,2.0,3,1
9483,29934307,29934307,114,98,0,27,27,1.0,2,1
9484,29934307,29934307,116,136,0,35,35,17.0,3,1
9485,29934309,29934309,25,92,1,112,112,16.0,2,1
9486,29934311,29934311,174,41,1,310,310,5.0,3,1
9487,29934316,29934316,177,103,1,29,29,4.0,2,1
9488,29934318,29934318,157,144,0,131,131,29.0,2,1
9489,29934324,29934324,172,56,0,155,155,41.0,1,1
9490,29934327,29934327,189,115,0,-1,-1,nan,0,0
9491,29934327,29934327,107,82,1,-1,-1,nan,0,0
9492,29934328,29934328,180,101,1,29,29,29.0,2,1
9493,29934329,29934329,124,4,0,458,458,13.0,4,1
9494,29934329,29934329,83,26,0,2,2,34.0,2,1
9495,29934333,29934333,175,106,1,29,29,9.0,1,1
9496,29934338,29934338,236,79,0,23,23,58.0,1,1
9497,29934344,29934344,125,124,1,-1,-1,nan,0,0
9498,29934344,29934344,126,124,1,-1,-1,nan,0,0
9499,29934345,29934345,185,97,1,-1,-1,nan,0,0
9500,29934345,29934345,113,132,1,35,35,4.0,1,1
9501,29934347,29934347,34,100,0,166,166,5.0,1,1
9502,29934348,29934348,172,42,1,310,310,10.0,3,1
9503,29934355,29934355,141,142,0,84,84,17.0,4,1
9504,29934365,29934365,34,115,0,25,25,41.0,1,1
9505,29934369,29934369,114,127,1,35,35,26.0,1,1
9506,29934370,29934370,157,139,0,85,85,5.0,2,1
9507,29934370,29934370,233,151,0,184,184,40.0,1,1
9508,29934370,29934370,184,117,0,-1,-1,nan,0,0
9509,29934373,29934373,179,100,1,29,29,25.0,3,1
9510,29934381,29934381,177,111,0,30,30,40.0,2,1
9511,29934393,29934393,227,77,1,23,23,5.0,2,1
9512,29934394,29934394,111,97,0,27,27,9.0,1,1
9513,29934394,29934394,194,108,0,125,125,18.0,1,1
9514,29934411,29934411,130,126,1,-1,-1,nan,0,0
9515,29934414,29934414,232,87,0,-1,-1,nan,0,0
9516,29934417,29934417,151,141,0,254,254,9.0,2,1
9517,29934420,29934420,230,71,1,118,118,5.0,4,1
9518,29934427,29934427,155,132,1,215,215,36.0,3,1
9519,29934432,29934432,114,82,0,19,19,50.0,2,1
9520,29934432,29934432,173,57,0,155,155,61.0,1,1
9521,29934434,29934434,234,152,0,184,184,26.0,1,1
9522,29934434,29934434,115,87,0,115,115,40.0,1,1
9523,29934447,29934447,178,52,0,198,198,61.0,1,1
9524,29934448,29934448,39,107,0,25,25,16.0,1,1
9525,29934450,29934450,238,80,0,-1,-1,nan,0,0
9526,29934467,29934467,84,24,0,2,2,37.0,1,1
9527,29934467,29934467,130,139,0,173,173,18.0,3,1
9528,29934468,29934468,119,5,0,3,3,25.0,3,1
9529,29934471,29934471,181,99,1,77,77,45.0,2,1
9530,29934472,29934472,227,78,1,23,23,8.0,1,1
9531,29934473,29934473,116,86,0,115,115,26.0,1,1
9532,29934483,29934483,78,29,0,144,144,5.0,2,1
9533,29934484,29934484,142,136,0,130,130,9.0,1,1
9534,29934489,29934489,233,131,1,39,39,34.0,2,1
9535,29934489,29934489,175,41,1,310,310,8.0,3,1
9536,29934493,29934493,236,144,0,87,87,18.0,1,1
9537,29934493,29934493,164,50,0,155,155,17.0,2,1
9538,29934496,29934496,122,1,0,458,458,0.0,4,1
9539,29934499,29934499,133,126,1,-1,-1,nan,0,0
9540,29934501,29934501,20,100,1,24,24,17.0,3,1
9541,29934504,29934504,86,39,0,10,10,10.0,1,1
9542,29934504,29934504,138,129,1,130,130,50.0,1,1
9543,29934513,29934513,229,145,1,87,87,32.0,1,1
9544,29934513,29934513,166,39,1,376,376,17.0,4,1
9545,29934522,29934522,232,86,0,-1,-1,nan,0,0
9546,29934525,29934525,116,91,0,27,27,40.0,2,1
9547,29934527,29934527,114,95,0,27,27,4.0,1,1
9548,29934528,29934528,183,52,0,408,408,13.0,2,1
9549,29934533,29934533,24,103,1,24,24,10.0,2,1
9550,29934544,29934544,27,110,1,165,165,5.0,1,1
9551,29934545,29934545,228,79,1,23,23,10.0,1,1
9552,29934545,29934545,238,79,0,-1,-1,nan,0,0
9553,29934545,29934545,31,97,0,166,166,5.0,3,1
9554,29934548,29934548,24,95,1,72,72,5.0,2,1
9555,29934548,29934548,232,69,1,118,118,1.0,4,1
9556,29934561,29934561,68,35,1,106,106,49.0,1,1
9557,29934566,29934566,176,105,1,29,29,5.0,2,1
9558,29934566,29934566,106,94,0,-1,-1,nan,0,0
9559,29934568,29934568,121,124,1,75,75,61.0,1,1
9560,29934570,29934570,117,122,1,75,75,17.0,1,1
9561,29934573,29934573,22,97,1,72,72,17.0,2,1
9562,29934579,29934579,228,75,1,23,23,2.0,3,1
9563,29934581,29934581,75,22,1,2,2,10.0,3,1
9564,29934586,29934586,34,101,0,166,166,10.0,1,1
9565,29934587,29934587,146,129,1,357,357,40.0,1,1
9566,29934587,29934587,235,70,1,71,71,5.0,3,1
9567,29934589,29934589,182,99,1,77,77,52.0,1,1
9568,29934594,29934594,104,95,0,-1,-1,nan,0,0
9569,29934595,29934595,36,104,0,166,166,45.0,2,1
9570,29934595,29934595,178,43,0,197,197,2.0,4,1
9571,29934596,29934596,233,83,0,-1,-1,nan,0,0
9572,29934597,29934597,190,100,1,78,78,25.0,2,1
9573,29934601,29934601,28,111,1,165,165,9.0,1,1
9574,29934602,29934602,238,74,0,71,71,40.0,1,1
9575,29934602,29934602,121,123,1,75,75,50.0,1,1
9576,29934604,29934604,232,70,1,118,118,2.0,4,1
9577,29934607,29934607,131,140,0,173,173,20.0,4,1
9578,29934609,29934609,114,86,0,115,115,50.0,1,1
9579,29934612,29934612,129,126,1,-1,-1,nan,0,0
9580,29934623,29934623,153,144,0,290,290,36.0,2,1
9581,29934625,29934625,83,46,0,58,58,17.0,1,1
9582,29934631,29934631,81,27,0,2,2,25.0,2,1
9583,29934631,29934631,110,80,1,19,19,34.0,1,1
9584,29934632,29934632,176,41,1,197,197,10.0,3,1
9585,29934638,29934638,160,49,1,344,344,32.0,2,1
9586,29934640,29934640,238,134,1,176,176,1.0,1,1
9587,29934643,29934643,158,139,0,85,85,2.0,3,1
9588,29934651,29934651,235,152,0,184,184,25.0,1,1
9589,29934652,29934652,38,111,0,25,25,1.0,1,1
9590,29934654,29934654,114,128,1,35,35,17.0,1,1
9591,29934664,29934664,231,129,1,39,39,10.0,1,1
9592,29934664,29934664,184,98,1,77,77,61.0,1,1
9593,29934671,29934671,100,85,1,67,67,29.0,1,1
9594,29934674,29934674,86,41,0,10,10,18.0,1,1
9595,29934700,29934700,124,3,0,458,458,8.0,4,1
9596,29934700,29934700,236,141,0,87,87,9.0,2,1
9597,29934703,29934703,237,136,0,176,176,2.0,2,1
9598,29934703,29934703,124,138,0,388,388,13.0,2,1
9599,29934704,29934704,102,85,1,67,67,53.0,1,1
9600,29934712,29934712,160,134,0,215,215,5.0,2,1
9601,29934713,29934713,115,93,0,27,27,17.0,1,1
9602,29934729,29934729,230,148,1,47,47,50.0,2,1
9603,29934730,29934730,115,96,0,27,27,2.0,2,1
9604,29934733,29934733,151,132,1,254,254,36.0,1,1
9605,29934739,29934739,112,99,0,27,27,8.0,1,1
9606,29934739,29934739,225,140,1,-1,-1,nan,0,0
9607,29934740,29934740,113,83,0,-1,-1,nan,0,0
9608,29934741,29934741,177,44,0,197,197,0.0,4,1
9609,29934741,29934741,67,33,1,106,106,40.0,1,1
9610,29934745,29934745,142,129,1,130,130,58.0,1,1
9611,29934745,29934745,37,111,0,25,25,4.0,1,1
9612,29934750,29934750,175,179,1,45,45,10.0,2,1
9613,29934767,29934767,123,138,0,388,388,10.0,2,1
9614,29934772,29934772,228,78,1,23,23,5.0,1,1
9615,29934774,29934774,229,133,1,39,39,26.0,1,1
9616,29934777,29934777,191,115,0,-1,-1,nan,0,0
9617,29934779,29934779,173,42,1,310,310,9.0,3,1
9618,29934780,29934780,193,109,0,125,125,20.0,1,1
9619,29934782,29934782,41,107,0,25,25,20.0,1,1
9620,29934787,29934787,186,97,1,78,78,50.0,1,1
9621,29934798,29934798,154,129,1,37,37,58.0,2,1
9622,29934801,29934801,141,127,1,324,324,36.0,1,1
9623,29934802,29934802,186,117,0,216,216,61.0,1,1
9624,29934803,29934803,143,128,1,357,357,50.0,2,1
9625,29934803,29934803,167,45,1,344,344,9.0,3,1
9626,29934803,29934803,100,90,0,67,67,34.0,1,1
9627,29934808,29934808,166,42,1,344,344,13.0,5,1
9628,29934810,29934810,73,24,1,50,50,20.0,3,1
9629,29934811,29934811,30,93,0,207,207,20.0,4,1
9630,29934813,29934813,226,139,1,87,87,53.0,1,1
9631,29934825,29934825,116,21,0,99,99,45.0,3,1
9632,29934828,29934828,177,102,1,29,29,5.0,2,1
9633,29934836,29934836,70,29,1,144,144,37.0,1,1
9634,29934844,29934844,174,53,0,155,155,40.0,2,1
9635,29934851,29934851,229,146,1,87,87,41.0,1,1
9636,29934852,29934852,79,31,0,144,144,18.0,1,1
9637,29934854,29934854,97,87,1,67,67,4.0,1,1
9638,29934859,29934859,114,131,1,35,35,2.0,1,1
9639,29934859,29934859,233,81,0,23,23,41.0,1,1
9640,29934862,29934862,178,100,1,29,29,18.0,3,1
9641,29934873,29934873,113,99,0,27,27,5.0,1,1
9642,29934878,29934878,154,144,0,254,254,45.0,3,1
9643,29934878,29934878,129,125,1,-1,-1,nan,0,0
9644,29934887,29934887,167,39,1,376,376,16.0,4,1
9645,29934893,29934893,116,87,0,115,115,29.0,1,1
9646,29934894,29934894,37,105,0,25,25,40.0,1,1
9647,29934903,29934903,81,25,0,2,2,13.0,2,1
9648,29934911,29934911,97,86,1,67,67,5.0,1,1
9649,29934913,29934913,33,98,0,166,166,0.0,3,1
9650,29934913,29934913,114,84,0,115,115,50.0,1,1
9651,29934914,29934914,146,142,0,290,290,5.0,3,1
9652,29934916,29934916,166,41,1,344,344,20.0,5,1
9653,29934919,29934919,176,50,0,197,197,37.0,2,1
9654,29934920,29934920,176,102,1,29,29,2.0,2,1
9655,29934920,29934920,84,43,0,10,10,26.0,2,1
9656,29934921,29934921,230,73,1,23,23,10.0,4,1
9657,29934924,29934924,132,139,0,173,173,10.0,5,1
9658,29934924,29934924,83,24,0,2,2,26.0,1,1
9659,29934931,29934931,116,93,0,27,27,20.0,1,1
9660,29934934,29934934,191,113,0,-1,-1,nan,0,0
9661,29934937,29934937,187,116,0,-1,-1,nan,0,0
9662,29934937,29934937,124,139,0,388,388,8.0,2,1
9663,29934944,29934944,237,80,0,-1,-1,nan,0,0
9664,29934951,29934951,140,142,0,253,253,10.0,4,1
9665,29934962,29934962,157,143,0,85,85,29.0,3,1
9666,29934964,29934964,235,79,0,23,23,45.0,1,1
9667,29934965,29934965,168,45,1,275,275,10.0,4,1
9668,29934967,29934967,117,135,0,35,35,13.0,3,1
9669,29934967,29934967,178,101,1,29,29,13.0,2,1
9670,29934967,29934967,170,54,1,155,155,13.0,1,1
9671,29934971,29934971,25,93,1,72,72,10.0,2,1
9672,29934978,29934978,236,151,0,184,184,37.0,1,1
9673,29934987,29934987,169,51,1,155,155,1.0,3,1
9674,29934987,29934987,106,82,1,-1,-1,nan,0,0
9675,29934987,29934987,174,106,1,29,29,10.0,1,1
9676,29934991,29934991,159,131,1,215,215,5.0,3,1
9677,29935009,29935009,194,106,0,125,125,10.0,1,1
9678,29935011,29935011,177,179,1,45,45,26.0,2,1
9679,29935013,29935013,76,20,1,2,2,13.0,2,1
9680,29935017,29935017,98,90,0,67,67,18.0,1,1
9681,29935017,29935017,74,23,1,2,2,16.0,3,1
9682,29935019,29935019,162,50,0,344,344,29.0,2,1
9683,29935022,29935022,237,147,0,87,87,52.0,1,1
9684,29935022,29935022,115,127,1,35,35,25.0,1,1
9685,29935023,29935023,178,114,0,286,286,20.0,2,1
9686,29935026,29935026,168,39,1,376,376,17.0,6,1
9687,29935036,29935036,174,52,0,155,155,37.0,2,1
9688,29935057,29935057,127,139,0,36,36,16.0,4,1
9689,29935058,29935058,116,122,1,75,75,16.0,1,1
9690,29935059,29935059,233,86,0,-1,-1,nan,0,0
9691,29935060,29935060,232,71,1,118,118,5.0,3,1
9692,29935060,29935060,234,79,0,23,23,34.0,1,1
9693,29935062,29935062,122,138,0,388,388,9.0,3,1
9694,29935069,29935069,115,82,0,115,115,45.0,2,1
9695,29935070,29935070,21,106,1,24,24,4.0,2,1
9696,29935086,29935086,157,141,1,85,85,13.0,3,1
9697,29935086,29935086,181,179,1,139,139,45.0,1,1
9698,29935086,29935086,159,135,0,85,85,9.0,2,1
9699,29935086,29935086,230,135,1,87,87,45.0,2,1
9700,29935095,29935095,116,79,0,19,19,25.0,3,1
9701,29935095,29935095,86,43,0,10,10,34.0,2,1
9702,29935096,29935096,192,111,0,125,125,37.0,1,1
9703,29935101,29935101,152,142,0,254,254,17.0,2,1
9704,29935106,29935106,229,134,1,39,39,37.0,1,1
9705,29935106,29935106,144,141,0,290,290,18.0,5,1
9706,29935109,29935109,121,4,0,458,458,10.0,3,1
9707,29935115,29935115,152,144,0,290,290,25.0,2,1
9708,29935115,29935115,175,45,0,197,197,5.0,3,1
9709,29935121,29935121,115,97,0,27,27,1.0,2,1
9710,29935122,29935122,159,137,0,85,85,1.0,2,1
9711,29935127,29935127,164,47,1,344,344,4.0,4,1
9712,29935132,29935132,153,131,1,254,254,53.0,1,1
9713,29935137,29935137,135,140,1,253,253,13.0,3,1
9714,29935137,29935137,126,125,1,-1,-1,nan,0,0
9715,29935139,29935139,96,88,1,67,67,2.0,1,1
9716,29935139,29935139,76,21,1,2,2,8.0,3,1
9717,29935147,29935147,114,132,1,35,35,1.0,1,1
9718,29935153,29935153,147,131,1,-1,-1,nan,0,0
9719,29935153,29935153,145,125,1,357,357,13.0,2,1
9720,29935155,29935155,150,132,1,254,254,37.0,1,1
9721,29935155,29935155,178,42,0,197,197,5.0,3,1
9722,29935155,29935155,123,5,0,52,52,9.0,4,1
9723,29935156,29935156,192,112,0,125,125,50.0,1,1
9724,29935156,29935156,116,92,0,27,27,29.0,1,1
9725,29935158,29935158,141,128,1,324,324,49.0,1,1
9726,29935158,29935158,172,40,1,310,310,2.0,5,1
9727,29935163,29935163,108,97,0,27,27,36.0,1,1
9728,29935176,29935176,237,135,0,176,176,1.0,2,1
9729,29935177,29935177,137,127,1,324,324,52.0,1,1
9730,29935183,29935183,109,81,1,19,19,52.0,1,1
9731,29935194,29935194,145,142,0,290,290,8.0,3,1
9732,29935194,29935194,118,136,0,35,35,25.0,3,1
9733,29935201,29935201,229,150,1,47,47,25.0,1,1
9734,29935207,29935207,233,87,0,-1,-1,nan,0,0
9735,29935208,29935208,194,107,0,125,125,13.0,1,1
9736,29935212,29935212,142,130,1,130,130,45.0,1,1
9737,29935215,29935215,228,137,1,87,87,41.0,1,1
9738,29935215,29935215,83,44,0,58,58,17.0,2,1
9739,29935229,29935229,116,99,0,27,27,8.0,2,1
9740,29935234,29935234,119,136,0,35,35,32.0,3,1
9741,29935235,29935235,181,52,0,408,408,29.0,2,1
9742,29935237,29935237,178,39,1,310,310,25.0,4,1
9743,29935240,29935240,233,153,0,184,184,20.0,1,1
9744,29935243,29935243,228,81,1,23,23,26.0,1,1
9745,29935244,29935244,163,47,1,344,344,5.0,3,1
9746,29935245,29935245,113,135,0,35,35,13.0,2,1
9747,29935251,29935251,158,138,1,85,85,1.0,3,1
9748,29935253,29935253,184,118,0,-1,-1,nan,0,0
9749,29935261,29935261,190,115,0,-1,-1,nan,0,0
9750,29935263,29935263,157,142,0,85,85,20.0,3,1
9751,29935270,29935270,73,25,1,144,144,18.0,3,1
9752,29935270,29935270,83,25,0,2,2,29.0,2,1
9753,29935271,29935271,154,145,0,290,290,50.0,2,1
9754,29935274,29935274,25,103,1,24,24,17.0,2,1
9755,29935276,29935276,227,138,1,87,87,45.0,1,1
9756,29935278,29935278,229,74,1,23,23,4.0,3,1
9757,29935286,29935286,150,130,1,357,357,53.0,1,1
9758,29935286,29935286,230,86,0,-1,-1,nan,0,0
9759,29935297,29935297,138,128,1,324,324,58.0,1,1
9760,29935297,29935297,22,96,1,72,72,16.0,1,1
9761,29935300,29935300,237,150,1,184,184,53.0,1,1
9762,29935306,29935306,113,78,1,19,19,9.0,1,1
9763,29935309,29935309,114,130,1,35,35,5.0,1,1
9764,29935317,29935317,99,86,1,67,67,17.0,1,1
9765,29935318,29935318,116,100,0,27,27,13.0,2,1
9766,29935323,29935323,118,137,0,83,83,25.0,3,1
9767,29935323,29935323,185,117,0,-1,-1,nan,0,0
9768,29935333,29935333,115,98,0,27,27,2.0,2,1
9769,29935337,29935337,234,153,0,184,184,17.0,1,1
9770,29935348,29935348,166,40,1,376,376,26.0,5,1
9771,29935357,29935357,158,142,0,85,85,17.0,2,1
9772,29935358,29935358,179,41,0,197,197,13.0,4,1
9773,29935376,29935376,119,137,0,388,388,25.0,3,1
9774,29935384,29935384,22,98,1,72,72,20.0,2,1
9775,29935387,29935387,231,131,1,39,39,18.0,1,1
9776,29935390,29935390,79,30,0,144,144,13.0,2,1
9777,29935393,29935393,194,105,0,125,125,9.0,1,1
9778,29935394,29935394,113,85,0,-1,-1,nan,0,0
9779,29935400,29935400,165,47,1,344,344,5.0,3,1
9780,29935402,29935402,84,25,0,2,2,40.0,1,1
9781,29935417,29935417,233,74,0,23,23,20.0,3,1
9782,29935419,29935419,111,80,1,19,19,29.0,1,1
9783,29935425,29935425,34,102,0,166,166,17.0,1,1
9784,29935425,29935425,233,80,0,23,23,32.0,1,1
9785,29935431,29935431,133,139,0,173,173,9.0,4,1
9786,29935445,29935445,181,113,0,30,30,20.0,2,1
9787,29935451,29935451,177,106,1,29,29,13.0,2,1
9788,29935461,29935461,227,76,1,23,23,4.0,2,1
9789,29935466,29935466,32,96,0,166,166,5.0,3,1
9790,29935472,29935472,178,47,1,197,197,10.0,3,1
9791,29935482,29935482,228,136,1,87,87,50.0,1,1
9792,29935482,29935482,126,139,0,36,36,17.0,4,1
9793,29935491,29935491,115,95,0,27,27,5.0,2,1
9794,29935495,29935495,80,28,0,144,144,16.0,2,1
9795,29935497,29935497,122,5,0,52,52,10.0,4,1
9796,29935498,29935498,109,97,0,27,27,25.0,1,1
9797,29935498,29935498,179,38,1,276,276,36.0,4,1
9798,29935517,29935517,133,140,0,173,173,16.0,5,1
9799,29935522,29935522,227,79,1,23,23,13.0,1,1
9800,29935526,29935526,189,116,0,216,216,53.0,1,1
9801,29935528,29935528,138,141,0,253,253,5.0,4,1
9802,29935528,29935528,114,78,1,19,19,10.0,1,1
9803,29935529,29935529,239,74,0,71,71,45.0,1,1
9804,29935531,29935531,230,151,1,47,47,29.0,2,1
9805,29935534,29935534,180,99,1,77,77,40.0,3,1
9806,29935539,29935539,234,70,1,71,71,8.0,4,1
9807,29935546,29935546,175,108,1,29,29,25.0,1,1
9808,29935547,29935547,23,96,1,72,72,9.0,1,1
9809,29935549,29935549,120,123,1,75,75,41.0,1,1
9810,29935549,29935549,177,112,0,286,286,37.0,2,1
9811,29935553,29935553,96,90,0,67,67,10.0,1,1
9812,29935553,29935553,229,75,1,23,23,1.0,3,1
9813,29935553,29935553,150,143,0,290,290,10.0,2,1
9814,29935556,29935556,233,84,1,-1,-1,nan,0,0
9815,29935557,29935557,114,96,0,27,27,1.0,1,1
9816,29935563,29935563,116,83,0,115,115,29.0,1,1
9817,29935568,29935568,154,132,1,254,254,45.0,3,1
9818,29935574,29935574,114,97,0,27,27,0.0,2,1
9819,29935575,29935575,82,23,0,2,2,16.0,2,1
9820,29935579,29935579,73,21,1,50,50,5.0,3,1
9821,29935582,29935582,165,49,0,155,155,13.0,3,1
9822,29935590,29935590,179,50,1,198,198,32.0,2,1
9823,29935599,29935599,163,50,0,155,155,26.0,2,1
9824,29935600,29935600,178,44,0,197,197,1.0,4,1
9825,29935609,29935609,161,50,0,344,344,34.0,3,1
9826,29935610,29935610,232,131,1,39,39,25.0,2,1
9827,29935611,29935611,232,153,0,184,184,25.0,2,1
9828,29935615,29935615,230,146,1,87,87,34.0,1,1
9829,29935616,29935616,175,52,0,155,155,50.0,2,1
9830,29935623,29935623,236,139,0,87,87,13.0,2,1
9831,29935631,29935631,114,99,0,27,27,4.0,2,1
9832,29935637,29935637,166,46,1,344,344,5.0,3,1
9833,29935637,29935637,226,138,1,87,87,58.0,1,1
9834,29935642,29935642,229,136,1,87,87,41.0,1,1
9835,29935645,29935645,156,131,1,215,215,26.0,3,1
9836,29935645,29935645,231,72,1,118,118,9.0,4,1
9837,29935646,29935646,158,134,1,215,215,13.0,2,1
9838,29935655,29935655,174,54,0,155,155,45.0,1,1
9839,29935657,29935657,115,135,0,35,35,9.0,2,1
9840,29935685,29935685,168,42,1,275,275,25.0,4,1
9841,29935686,29935686,120,5,0,52,52,18.0,3,1
9842,29935692,29935692,166,50,0,155,155,5.0,3,1
9843,29935693,29935693,89,39,0,10,10,37.0,1,1
9844,29935702,29935702,106,11,0,145,145,20.0,1,1
9845,29935703,29935703,171,58,1,155,155,58.0,1,1
9846,29935711,29935711,68,32,1,106,106,58.0,1,1
9847,29935713,29935713,128,125,1,-1,-1,nan,0,0
9848,29935714,29935714,141,129,1,130,130,53.0,1,1
9849,29935717,29935717,27,109,1,165,165,8.0,2,1
9850,29935719,29935719,174,55,0,155,155,52.0,1,1
9851,29935724,29935724,144,130,1,130,130,61.0,1,1
9852,29935729,29935729,235,140,0,87,87,5.0,2,1
9853,29935742,29935742,74,19,1,50,50,10.0,2,1
9854,29935747,29935747,99,91,0,67,67,32.0,1,1
9855,29935753,29935753,121,125,1,-1,-1,nan,0,0
9856,29935754,29935754,170,53,1,155,155,8.0,2,1
9857,29935757,29935757,31,96,0,166,166,8.0,3,1
9858,29935763,29935763,233,82,0,23,23,52.0,1,1
9859,29935765,29935765,136,141,0,253,253,5.0,4,1
9860,29935765,29935765,101,85,1,67,67,40.0,1,1
9861,29935775,29935775,118,3,0,3,3,8.0,3,1
9862,29935781,29935781,108,81,1,19,19,61.0,1,1
9863,29935781,29935781,175,49,0,275,275,25.0,3,1
9864,29935786,29935786,115,79,0,19,19,20.0,1,1
9865,29935789,29935789,229,144,1,87,87,25.0,1,1
9866,29935790,29935790,116,78,0,19,19,18.0,2,1
9867,29935793,29935793,167,46,1,344,344,10.0,3,1
9868,29935795,29935795,236,71,1,71,71,9.0,2,1
9869,29935803,29935803,178,115,0,286,286,13.0,2,1
9870,29935808,29935808,185,116,0,30,30,53.0,1,1
9871,29935811,29935811,115,125,1,35,35,49.0,2,1
9872,29935812,29935812,174,42,1,310,310,10.0,3,1
9873,29935817,29935817,231,71,1,118,118,4.0,4,1
9874,29935817,29935817,234,132,1,176,176,25.0,2,1
9875,29935819,29935819,104,84,1,-1,-1,nan,0,0
9876,29935826,29935826,71,24,1,50,50,16.0,3,1
9877,29935830,29935830,236,70,1,71,71,4.0,3,1
9878,29935837,29935837,84,46,0,58,58,26.0,1,1
9879,29935848,29935848,131,124,1,-1,-1,nan,0,0
9880,29935851,29935851,140,129,1,130,130,50.0,1,1
9881,29935852,29935852,116,98,0,27,27,5.0,2,1
9882,29935862,29935862,33,114,0,25,25,45.0,1,1
9883,29935865,29935865,136,140,0,253,253,10.0,3,1
9884,29935867,29935867,145,141,0,290,290,13.0,4,1
9885,29935868,29935868,149,144,0,290,290,4.0,3,1
9886,29935870,29935870,153,145,0,290,290,37.0,2,1
9887,29935878,29935878,151,144,0,290,290,16.0,2,1
9888,29935887,29935887,170,40,1,310,310,10.0,5,1
9889,29935899,29935899,185,99,1,-1,-1,nan,0,0
9890,29935906,29935906,150,131,1,254,254,50.0,1,1
9891,29935914,29935914,183,116,0,30,30,49.0,2,1
9892,29935914,29935914,176,51,0,197,197,50.0,2,1
9893,29935914,29935914,165,44,1,344,344,2.0,5,1
9894,29935914,29935914,236,136,0,176,176,5.0,2,1
9895,29935924,29935924,137,126,1,324,324,41.0,1,1
9896,29935925,29935925,115,91,0,27,27,37.0,1,1
9897,29935925,29935925,151,131,1,254,254,49.0,1,1
9898,29935929,29935929,118,121,1,75,75,13.0,1,1
9899,29935932,29935932,163,48,1,344,344,10.0,3,1
9900,29935937,29935937,237,149,0,-1,-1,nan,0,0
9901,29935938,29935938,148,144,0,290,290,1.0,3,1
9902,29935942,29935942,140,127,1,324,324,37.0,1,1
9903,29935943,29935943,81,29,0,144,144,26.0,2,1
9904,29935945,29935945,228,74,1,23,23,5.0,3,1
9905,29935945,29935945,21,100,1,24,24,16.0,2,1
9906,29935955,29935955,178,104,1,29,29,10.0,3,1
9907,29935958,29935958,28,76,0,240,240,8.0,4,1
9908,29935961,29935961,128,139,0,36,36,17.0,4,1
9909,29935976,29935976,146,131,1,-1,-1,nan,0,0
9910,29935976,29935976,236,143,0,87,87,13.0,1,1
9911,29935979,29935979,228,83,1,23,23,50.0,1,1
9912,29935985,29935985,109,79,1,19,19,32.0,1,1
9913,29935991,29935991,82,26,0,2,2,25.0,2,1
9914,29935992,29935992,186,95,1,78,78,50.0,1,1
9915,29936001,29936001,137,141,0,253,253,4.0,4,1
9916,29936017,29936017,237,134,1,176,176,2.0,1,1
9917,29936017,29936017,235,153,0,184,184,16.0,1,1
9918,29936022,29936022,131,139,0,173,173,13.0,4,1
9919,29936026,29936026,236,140,0,87,87,10.0,2,1
9920,29936031,29936031,159,138,0,85,85,0.0,2,1
9921,29936032,29936032,151,129,1,357,357,45.0,1,1
9922,29936032,29936032,116,96,0,27,27,5.0,2,1
9923,29936032,29936032,135,141,0,253,253,8.0,4,1
9924,29936032,29936032,158,141,0,85,85,10.0,3,1
9925,29936043,29936043,34,114,0,25,25,34.0,1,1
9926,29936048,29936048,87,42,0,10,10,32.0,1,1
9927,29936053,29936053,193,110,0,125,125,29.0,1,1
9928,29936053,29936053,122,137,0,388,388,16.0,2,1
9929,29936056,29936056,237,78,1,-1,-1,nan,0,0
9930,29936058,29936058,167,37,1,376,376,4.0,5,1
9931,29936074,29936074,116,123,1,75,75,25.0,1,1
9932,29936079,29936079,160,132,1,215,215,1.0,4,1
9933,29936081,29936081,176,52,0,275,275,61.0,1,1
9934,29936081,29936081,176,104,1,29,29,2.0,2,1
9935,29936082,29936082,115,85,0,115,115,36.0,1,1
9936,29936084,29936084,146,143,0,290,290,2.0,3,1
9937,29936084,29936084,136,127,1,324,324,61.0,1,1
9938,29936084,29936084,154,133,1,254,254,34.0,3,1
9939,29936084,29936084,234,133,1,176,176,20.0,2,1
9940,29936088,29936088,232,68,1,118,118,2.0,3,1
9941,29936092,29936092,66,31,1,106,106,41.0,1,1
9942,29936093,29936093,120,137,0,388,388,20.0,4,1
9943,29936093,29936093,237,79,0,-1,-1,nan,0,0
9944,29936094,29936094,121,138,0,388,388,10.0,3,1
9945,29936100,29936100,35,115,0,25,25,32.0,1,1
9946,29936102,29936102,102,84,1,67,67,58.0,1,1
9947,29936103,29936103,36,114,0,25,25,18.0,1,1
9948,29936105,29936105,113,79,1,19,19,16.0,1,1
9949,29936105,29936105,26,106,1,165,165,26.0,2,1
9950,29936118,29936118,230,149,1,47,47,41.0,1,1
9951,29936120,29936120,35,113,0,25,25,20.0,1,1
9952,29936124,29936124,142,142,0,84,84,16.0,4,1
9953,29936126,29936126,228,140,0,87,87,26.0,1,1
9954,29936128,29936128,133,125,1,-1,-1,nan,0,0
9955,29936131,29936131,114,93,0,27,27,16.0,1,1
9956,29936135,29936135,33,96,0,166,166,4.0,3,1
9957,29936138,29936138,166,37,1,376,376,5.0,4,1
9958,29936143,29936143,234,80,0,23,23,41.0,1,1
9959,29936143,29936143,115,128,1,35,35,16.0,1,1
9960,29936144,29936144,193,108,0,125,125,13.0,1,1
9961,29936146,29936146,80,29,0,144,144,17.0,2,1
9962,29936153,29936153,125,125,1,-1,-1,nan,0,0
9963,29936154,29936154,231,133,1,39,39,34.0,2,1
9964,29936154,29936154,174,51,0,275,275,34.0,3,1
9965,29936166,29936166,190,116,0,216,216,50.0,1,1
9966,29936170,29936170,116,81,0,115,115,41.0,2,1
9967,29936179,29936179,107,81,1,-1,-1,nan,0,0
9968,29936181,29936181,236,152,0,184,184,26.0,1,1
9969,29936182,29936182,173,56,0,155,155,50.0,1,1
9970,29936187,29936187,173,58,0,-1,-1,nan,0,0
9971,29936192,29936192,229,142,1,87,87,17.0,1,1
9972,29936197,29936197,116,94,0,27,27,13.0,2,1
9973,29936202,29936202,237,151,0,184,184,40.0,1,1
9974,29936203,29936203,183,98,1,77,77,50.0,1,1
9975,29936203,29936203,185,98,1,-1,-1,nan,0,0
9976,29936207,29936207,234,84,1,-1,-1,nan,0,0
9977,29936210,29936210,192,114,0,-1,-1,nan,0,0
9978,29936210,29936210,233,85,0,-1,-1,nan,0,0
9979,29936211,29936211,105,80,1,-1,-1,nan,0,0
9980,29936213,29936213,227,137,1,87,87,52.0,1,1
9981,29936215,29936215,233,88,0,-1,-1,nan,0,0
9982,29936225,29936225,105,82,1,-1,-1,nan,0,0
9983,29936228,29936228,109,96,0,27,27,26.0,1,1
9984,29936228,29936228,184,116,1,30,30,50.0,1,1
9985,29936232,29936232,175,50,0,275,275,32.0,3,1
9986,29936233,29936233,116,90,0,115,115,50.0,2,1
9987,29936237,29936237,38,109,0,25,25,5.0,1,1
9988,29936239,29936239,134,140,0,173,173,17.0,4,1
9989,29936241,29936241,88,40,0,10,10,29.0,1,1
9990,29936248,29936248,27,108,1,165,165,13.0,2,1
9991,29936257,29936257,231,154,0,184,184,25.0,2,1
9992,29936264,29936264,226,141,0,87,87,49.0,1,1
9993,29936264,29936264,230,72,1,118,118,10.0,4,1
9994,29936266,29936266,158,140,0,85,85,5.0,3,1
9995,29936273,29936273,228,80,1,23,23,17.0,1,1
9996,29936277,29936277,116,95,0,27,27,8.0,2,1
9997,29936278,29936278,24,94,1,72,72,8.0,2,1
9998,29936282,29936282,115,123,1,75,75,26.0,1,1
9999,29936282,29936282,115,136,0,35,35,16.0,2,1
10000,29936284,29936284,129,139,0,36,36,20.0,4,1
10001,29936285,29936285,180,100,1,29,29,34.0,3,1
10002,29936287,29936287,133,127,1,-1,-1,nan,0,0
10003,29936290,29936290,124,125,1,-1,-1,nan,0,0
10004,29936290,29936290,82,27,0,2,2,32.0,2,1
10005,29936292,29936292,179,51,1,198,198,41.0,3,1
10006,29936295,29936295,32,95,0,166,166,10.0,3,1
10007,29936297,29936297,74,24,1,2,2,17.0,3,1
10008,29936300,29936300,35,105,0,25,25,52.0,2,1
10009,29936305,29936305,233,154,0,184,184,13.0,1,1
10010,29936306,29936306,220,152,0,365,365,25.0,3,1
10011,29936310,29936310,228,82,1,23,23,37.0,1,1
10012,29936311,29936311,77,20,1,2,2,10.0,2,1
10013,29936316,29936316,115,77,1,19,19,8.0,1,1
10014,29936320,29936320,178,51,0,197,197,50.0,2,1
10015,29936324,29936324,82,28,0,144,144,36.0,2,1
10016,29936328,29936328,38,110,0,25,25,2.0,1,1
10017,29936335,29936335,125,126,1,-1,-1,nan,0,0
10018,29936335,29936335,132,126,1,-1,-1,nan,0,0
10019,29936341,29936341,25,94,1,72,72,5.0,2,1
10020,29936345,29936345,116,80,0,19,19,34.0,2,1
10021,29936347,29936347,112,79,1,19,19,17.0,1,1
10022,29936347,29936347,33,100,0,166,166,4.0,1,1
10023,29936352,29936352,158,133,1,215,215,10.0,3,1
10024,29936372,29936372,230,132,1,39,39,20.0,1,1
10025,29936373,29936373,37,112,0,25,25,5.0,1,1
10026,29936373,29936373,224,165,0,396,396,1.0,3,1
10027,29936378,29936378,69,30,1,144,144,53.0,1,1
10028,29936378,29936378,106,83,1,-1,-1,nan,0,0
10029,29936388,29936388,239,77,1,-1,-1,nan,0,0
10030,29936393,29936393,186,116,0,30,30,58.0,1,1
10031,29936397,29936397,116,125,1,75,75,49.0,2,1
10032,29936398,29936398,236,142,0,87,87,10.0,2,1
10033,29936401,29936401,233,70,1,118,118,5.0,4,1
10034,29936407,29936407,182,52,0,408,408,20.0,2,1
10035,29936408,29936408,177,101,1,29,29,8.0,2,1
10036,29936408,29936408,103,7,0,145,145,37.0,1,1
10037,29936414,29936414,87,41,0,10,10,25.0,1,1
10038,29936414,29936414,192,113,0,-1,-1,nan,0,0
10039,29936416,29936416,87,39,0,10,10,17.0,1,1
10040,29936422,29936422,229,143,1,87,87,20.0,1,1
10041,29936424,29936424,227,140,0,87,87,37.0,1,1
10042,29936438,29936438,150,144,0,290,290,9.0,2,1
10043,29936455,29936455,194,109,0,125,125,25.0,1,1
10044,29936458,29936458,157,145,0,131,131,26.0,2,1
10045,29936459,29936459,20,99,1,24,24,26.0,3,1
10046,29936460,29936460,129,127,1,-1,-1,nan,0,0
10047,29936464,29936464,177,40,1,197,197,16.0,2,1
10048,29936470,29936470,230,145,1,87,87,25.0,1,1
10049,29936483,29936483,125,123,1,-1,-1,nan,0,0
10050,29936484,29936484,157,144,0,131,131,29.0,2,1
10051,29936486,29936486,116,97,0,27,27,4.0,2,1
10052,29936486,29936486,228,84,1,-1,-1,nan,0,0
10053,29936486,29936486,231,88,0,-1,-1,nan,0,0
10054,29936498,29936498,158,132,1,215,215,9.0,3,1
10055,29936501,29936501,115,88,0,115,115,45.0,1,1
10056,29936504,29936504,155,131,1,215,215,37.0,2,1
10057,29936508,29936508,104,81,1,-1,-1,nan,0,0
10058,29936511,29936511,190,114,1,-1,-1,nan,0,0
10059,29936511,29936511,159,140,0,85,85,4.0,2,1
10060,29936513,29936513,120,4,0,458,458,13.0,3,1
10061,29936520,29936520,144,143,0,290,290,10.0,3,1
10062,29936520,29936520,187,117,0,216,216,52.0,1,1
10063,29936532,29936532,187,115,0,30,30,52.0,1,1
10064,29936536,29936536,230,152,1,47,47,26.0,2,1
10065,29936542,29936542,152,130,1,-1,-1,nan,0,0
10066,29936548,29936548,166,47,1,344,344,8.0,3,1
10067,29936551,29936551,104,93,0,-1,-1,nan,0,0
10068,29936555,29936555,186,99,1,78,78,58.0,2,1
10069,29936563,29936563,84,44,0,58,58,26.0,2,1
10070,29936565,29936565,121,5,0,52,52,13.0,3,1
10071,29936565,29936565,71,27,1,144,144,26.0,2,1
10072,29936568,29936568,227,81,1,23,23,29.0,1,1
10073,29936568,29936568,184,53,0,408,408,5.0,2,1
10074,29936578,29936578,85,24,0,2,2,50.0,1,1
10075,29936583,29936583,179,40,0,197,197,20.0,4,1
10076,29936583,29936583,31,93,0,207,207,13.0,4,1
10077,29936583,29936583,156,144,0,131,131,40.0,3,1
10078,29936583,29936583,84,45,0,58,58,25.0,2,1
10079,29936584,29936584,165,50,0,155,155,10.0,3,1
10080,29936584,29936584,140,141,0,253,253,13.0,4,1
10081,29936584,29936584,101,93,0,-1,-1,nan,0,0
10082,29936599,29936599,103,93,0,-1,-1,nan,0,0
10083,29936599,29936599,177,52,0,-1,-1,nan,0,0
10084,29936599,29936599,177,46,0,197,197,4.0,3,1
10085,29936604,29936604,168,51,0,155,155,0.0,3,1
10086,29936604,29936604,100,91,0,67,67,41.0,1,1
10087,29936606,29936606,33,99,0,166,166,1.0,2,1
10088,29936614,29936614,34,113,0,25,25,29.0,1,1
10089,29936614,29936614,115,99,0,27,27,5.0,2,1
10090,29936622,29936622,111,145,0,83,83,32.0,1,1
10091,29936628,29936628,179,52,0,198,198,52.0,2,1
10092,29936629,29936629,193,105,0,125,125,4.0,1,1
10093,29936630,29936630,180,39,0,276,276,26.0,4,1
10094,29936639,29936639,102,92,0,-1,-1,nan,0,0
10095,29936647,29936647,123,2,0,458,458,2.0,4,1
10096,29936654,29936654,236,141,0,87,87,9.0,2,1
10097,29936663,29936663,122,136,0,388,388,25.0,2,1
10098,29936666,29936666,232,154,0,184,184,18.0,2,1
10099,29936671,29936671,86,40,0,10,10,13.0,1,1
10100,29936673,29936673,177,45,0,197,197,1.0,4,1
10101,29936679,29936679,234,82,0,23,23,61.0,1,1
10102,29936686,29936686,193,109,0,125,125,20.0,1,1
10103,29936689,29936689,178,52,0,198,198,61.0,1,1
10104,29936697,29936697,146,144,0,290,290,1.0,3,1
10105,29936697,29936697,88,41,0,10,10,34.0,2,1
10106,29936704,29936704,190,112,0,125,125,50.0,2,1
10107,29936705,29936705,234,86,0,-1,-1,nan,0,0
10108,29936711,29936711,71,28,1,144,144,25.0,1,1
10109,29936717,29936717,178,43,0,197,197,2.0,4,1
10110,29936728,29936728,170,52,1,155,155,5.0,2,1
10111,29936728,29936728,26,93,1,72,72,9.0,2,1
10112,29936730,29936730,236,78,0,23,23,53.0,1,1
10113,29936731,29936731,120,3,0,458,458,8.0,3,1
10114,29936738,29936738,125,2,0,458,458,10.0,3,1
10115,29936747,29936747,181,118,1,286,286,25.0,1,1
10116,29936747,29936747,80,30,0,144,144,20.0,2,1
10117,29936748,29936748,182,117,0,286,286,37.0,1,1
10118,29936751,29936751,108,79,1,19,19,41.0,1,1
10119,29936757,29936757,72,26,1,144,144,20.0,3,1
10120,29936762,29936762,113,98,0,27,27,2.0,1,1
10121,29936763,29936763,183,118,0,286,286,49.0,1,1
10122,29936772,29936772,100,92,0,67,67,50.0,1,1
10123,29936774,29936774,231,153,1,184,184,32.0,2,1
10124,29936776,29936776,99,1,0,-1,-1,nan,0,0
10125,29936776,29936776,124,1,0,458,458,4.0,3,1
10126,29936776,29936776,37,110,0,25,25,5.0,1,1
10127,29936777,29936777,188,116,0,216,216,58.0,1,1
10128,29936777,29936777,81,28,0,144,144,25.0,2,1
10129,29936779,29936779,180,49,1,198,198,18.0,3,1
10130,29936784,29936784,155,144,0,85,85,52.0,3,1
10131,29936784,29936784,66,34,1,106,106,26.0,1,1
10132,29936786,29936786,148,143,0,290,290,2.0,3,1
10133,29936786,29936786,125,138,0,36,36,13.0,2,1
10134,29936787,29936787,32,94,0,207,207,13.0,3,1
10135,29936788,29936788,164,49,0,344,344,16.0,3,1
10136,29936789,29936789,192,103,1,125,125,5.0,2,1
10137,29936792,29936792,158,145,0,131,131,17.0,2,1
10138,29936804,29936804,144,137,0,130,130,26.0,3,1
10139,29936805,29936805,33,105,0,166,166,49.0,1,1
10140,29936805,29936805,239,80,0,-1,-1,nan,0,0
10141,29936808,29936808,234,85,0,-1,-1,nan,0,0
10142,29936819,29936819,125,1,0,458,458,9.0,3,1
10143,29936820,29936820,27,107,1,165,165,20.0,2,1
10144,29936820,29936820,192,110,0,125,125,26.0,1,1
10145,29936820,29936820,144,142,0,290,290,13.0,4,1
10146,29936825,29936825,156,145,0,131,131,37.0,2,1
10147,29936825,29936825,171,57,1,155,155,45.0,1,1
10148,29936827,29936827,183,117,0,286,286,50.0,1,1
10149,29936831,29936831,168,49,0,155,155,4.0,3,1
10150,29936836,29936836,117,123,1,75,75,26.0,1,1
10151,29936836,29936836,116,102,0,27,27,29.0,3,1
10152,29936836,29936836,34,103,0,166,166,26.0,1,1
10153,29936838,29936838,230,150,1,47,47,34.0,1,1
10154,29936845,29936845,148,141,0,290,290,10.0,3,1
10155,29936845,29936845,236,137,0,176,176,8.0,2,1
10156,29936851,29936851,128,138,0,36,36,10.0,3,1
10157,29936851,29936851,229,73,1,23,23,9.0,3,1
10158,29936853,29936853,161,49,1,344,344,25.0,3,1
10159,29936858,29936858,236,138,0,176,176,13.0,2,1
10160,29936860,29936860,233,83,0,-1,-1,nan,0,0
10161,29936860,29936860,23,97,1,72,72,10.0,2,1
10162,29936861,29936861,175,112,0,286,286,37.0,1,1
10163,29936861,29936861,138,139,0,130,130,10.0,3,1
10164,29936872,29936872,234,152,0,184,184,26.0,1,1
10165,29936872,29936872,159,136,0,85,85,4.0,2,1
10166,29936877,29936877,154,131,1,215,215,50.0,2,1
10167,29936877,29936877,97,90,0,67,67,13.0,1,1
10168,29936886,29936886,181,51,0,198,198,29.0,2,1
10169,29936887,29936887,228,75,1,23,23,2.0,3,1
10170,29936897,29936897,183,100,1,-1,-1,nan,0,0
10171,29936905,29936905,235,132,1,176,176,18.0,1,1
10172,29936907,29936907,112,0,1,3,3,17.0,1,1
10173,29936907,29936907,178,105,1,29,29,13.0,2,1
10174,29936918,29936918,108,82,1,-1,-1,nan,0,0
10175,29936922,29936922,118,122,1,75,75,20.0,1,1
10176,29936926,29936926,237,152,0,184,184,29.0,1,1
10177,29936928,29936928,35,112,0,25,25,17.0,1,1
10178,29936943,29936943,127,138,0,36,36,9.0,3,1
10179,29936946,29936946,238,136,1,176,176,1.0,2,1
10180,29936947,29936947,80,27,0,144,144,17.0,2,1
10181,29936947,29936947,36,103,0,166,166,34.0,1,1
10182,29936948,29936948,228,76,1,23,23,1.0,3,1
10183,29936948,29936948,183,99,1,77,77,61.0,1,1
10184,29936948,29936948,194,111,0,125,125,45.0,1,1
10185,29936949,29936949,36,110,0,25,25,10.0,1,1
10186,29936956,29936956,110,97,0,27,27,16.0,1,1
10187,29936957,29936957,237,136,0,176,176,2.0,2,1
10188,29936959,29936959,230,147,1,87,87,45.0,2,1
10189,29936962,29936962,117,137,0,83,83,20.0,3,1
10190,29936972,29936972,230,153,1,47,47,25.0,2,1
10191,29936972,29936972,66,32,1,106,106,34.0,1,1
10192,29936973,29936973,116,101,0,27,27,20.0,2,1
10193,29936974,29936974,160,135,0,85,85,10.0,2,1
10194,29936980,29936980,144,129,1,357,357,52.0,1,1
10195,29936982,29936982,185,118,0,216,216,61.0,1,1
10196,29936983,29936983,237,148,0,-1,-1,nan,0,0
10197,29936983,29936983,191,114,0,-1,-1,nan,0,0
10198,29936988,29936988,114,101,0,27,27,16.0,2,1
10199,29936992,29936992,111,98,0,27,27,10.0,1,1
10200,29936992,29936992,238,80,0,-1,-1,nan,0,0
10201,29936993,29936993,193,111,1,125,125,40.0,1,1
10202,29936998,29936998,80,31,0,144,144,25.0,2,1
10203,29936999,29936999,181,50,1,198,198,20.0,3,1
10204,29936999,29936999,130,140,0,173,173,25.0,4,1
10205,29936999,29936999,113,133,1,35,35,5.0,1,1
10206,29937005,29937005,116,91,0,27,27,40.0,2,1
10207,29937016,29937016,228,77,1,23,23,2.0,1,1
10208,29937020,29937020,234,71,1,71,71,13.0,3,1
10209,29937021,29937021,24,102,1,24,24,13.0,2,1
10210,29937021,29937021,158,143,0,131,131,25.0,2,1
10211,29937026,29937026,105,83,1,-1,-1,nan,0,0
10212,29937031,29937031,128,127,1,-1,-1,nan,0,0
10213,29937042,29937042,234,79,0,23,23,34.0,1,1
10214,29937042,29937042,83,27,0,2,2,41.0,2,1
10215,29937044,29937044,116,86,0,115,115,26.0,1,1
10216,29937052,29937052,148,129,1,357,357,36.0,1,1
10217,29937054,29937054,192,115,0,-1,-1,nan,0,0
10218,29937054,29937054,189,111,0,30,30,40.0,2,1
10219,29937057,29937057,175,53,0,155,155,53.0,1,1
10220,29937065,29937065,69,7,0,98,98,9.0,1,1
10221,29937066,29937066,33,103,0,166,166,25.0,1,1
10222,29937067,29937067,167,43,1,344,344,13.0,4,1
10223,29937074,29937074,233,152,0,184,184,29.0,1,1
10224,29937076,29937076,36,113,0,25,25,13.0,1,1
10225,29937077,29937077,179,102,1,29,29,17.0,2,1
10226,29937080,29937080,99,84,1,67,67,25.0,1,1
10227,29937081,29937081,173,57,0,155,155,61.0,1,1
10228,29937083,29937083,116,84,0,115,115,26.0,1,1
10229,29937083,29937083,116,137,0,83,83,17.0,3,1
10230,29937090,29937090,154,130,1,215,215,53.0,1,1
10231,29937093,29937093,110,81,1,19,19,45.0,1,1
10232,29937095,29937095,173,55,0,155,155,41.0,1,1
10233,29937101,29937101,109,98,0,27,27,26.0,1,1
10234,29937109,29937109,103,84,1,-1,-1,nan,0,0
10235,29937119,29937119,120,124,1,75,75,52.0,1,1
10236,29937119,29937119,108,14,0,99,99,20.0,2,1
10237,29937129,29937129,26,92,1,72,72,16.0,2,1
10238,29937134,29937134,116,82,0,115,115,34.0,2,1
10239,29937134,29937134,82,45,0,58,58,9.0,2,1
10240,29937134,29937134,124,137,0,36,36,13.0,2,1
10241,29937138,29937138,187,98,1,78,78,40.0,1,1
10242,29937143,29937143,24,95,1,72,72,5.0,2,1
10243,29937145,29937145,194,106,0,125,125,10.0,1,1
10244,29937150,29937150,133,128,1,-1,-1,nan,0,0
10245,29937150,29937150,103,91,0,-1,-1,nan,0,0
10246,29937150,29937150,116,87,0,115,115,29.0,1,1
10247,29937153,29937153,145,143,0,290,290,5.0,3,1
10248,29937157,29937157,175,41,1,310,310,8.0,3,1
10249,29937158,29937158,116,88,0,115,115,34.0,1,1
10250,29937159,29937159,124,4,0,458,458,13.0,4,1
10251,29937160,29937160,31,94,0,207,207,18.0,3,1
10252,29937165,29937165,175,51,0,275,275,41.0,3,1
10253,29937170,29937170,121,137,0,388,388,17.0,4,1
10254,29937177,29937177,147,143,0,290,290,1.0,3,1
10255,29937186,29937186,149,132,1,254,254,40.0,1,1
10256,29937186,29937186,179,42,0,197,197,8.0,4,1
10257,29937189,29937189,141,130,1,130,130,40.0,1,1
10258,29937195,29937195,142,128,1,324,324,50.0,2,1
10259,29937196,29937196,75,22,1,2,2,10.0,3,1
10260,29937201,29937201,191,115,0,-1,-1,nan,0,0
10261,29937209,29937209,173,53,0,155,155,29.0,2,1
10262,29937209,29937209,114,94,0,27,27,9.0,1,1
10263,29937210,29937210,85,45,0,58,58,36.0,2,1
10264,29937220,29937220,186,98,1,78,78,53.0,1,1
10265,29937229,29937229,115,122,1,75,75,17.0,1,1
10266,29937237,29937237,115,84,0,115,115,37.0,1,1
10267,29937242,29937242,180,52,0,408,408,40.0,2,1
10268,29937242,29937242,72,27,1,144,144,17.0,3,1
10269,29937246,29937246,123,124,1,-1,-1,nan,0,0
10270,29937247,29937247,98,89,0,67,67,13.0,1,1
10271,29937247,29937247,32,98,0,166,166,1.0,3,1
10272,29937247,29937247,34,98,0,166,166,1.0,2,1
10273,29937251,29937251,114,87,0,115,115,53.0,1,1
10274,29937256,29937256,149,130,1,357,357,50.0,1,1
10275,29937282,29937282,179,100,1,29,29,25.0,3,1
10276,29937284,29937284,227,80,1,23,23,20.0,1,1
10277,29937286,29937286,231,134,1,39,39,45.0,3,1
10278,29937294,29937294,35,102,0,166,166,20.0,1,1
10279,29937296,29937296,119,5,0,3,3,25.0,3,1
10280,29937296,29937296,176,178,1,45,45,16.0,2,1
10281,29937298,29937298,232,132,1,39,39,32.0,2,1
10282,29937309,29937309,28,110,1,165,165,10.0,1,1
10283,29937314,29937314,230,133,1,39,39,29.0,1,1
10284,29937324,29937324,137,128,1,-1,-1,nan,0,0
10285,29937335,29937335,239,75,0,71,71,58.0,1,1
10286,29937338,29937338,116,85,0,115,115,25.0,1,1
10287,29937350,29937350,165,37,1,376,376,8.0,3,1
10288,29937350,29937350,179,41,0,197,197,13.0,4,1
10289,29937353,29937353,226,140,1,87,87,50.0,1,1
10290,29937356,29937356,86,43,0,10,10,34.0,2,1
10291,29937359,29937359,24,96,1,72,72,4.0,1,1
10292,29937361,29937361,231,150,1,47,47,45.0,1,1
10293,29937366,29937366,135,127,1,-1,-1,nan,0,0
10294,29937366,29937366,229,137,1,87,87,32.0,1,1
10295,29937374,29937374,116,89,0,115,115,41.0,1,1
10296,29937376,29937376,70,29,1,144,144,37.0,1,1
10297,29937376,29937376,124,124,1,-1,-1,nan,0,0
10298,29937381,29937381,234,153,0,184,184,17.0,1,1
10299,29937383,29937383,110,80,1,19,19,34.0,1,1
10300,29937386,29937386,233,87,0,-1,-1,nan,0,0
10301,29937390,29937390,178,102,1,29,29,10.0,2,1
10302,29937396,29937396,38,111,0,25,25,1.0,1,1
10303,29937397,29937397,235,133,1,176,176,13.0,1,1
10304,29937400,29937400,107,82,1,-1,-1,nan,0,0
10305,29937410,29937410,176,106,1,29,29,10.0,2,1
10306,29937411,29937411,86,44,0,10,10,45.0,2,1
10307,29937412,29937412,159,132,1,215,215,4.0,3,1
10308,29937417,29937417,139,142,0,253,253,5.0,3,1
10309,29937419,29937419,182,99,1,77,77,52.0,1,1
10310,29937420,29937420,136,129,1,130,130,58.0,2,1
10311,29937422,29937422,128,126,1,-1,-1,nan,0,0
10312,29937431,29937431,114,133,1,35,35,2.0,1,1
10313,29937431,29937431,73,25,1,144,144,18.0,3,1
10314,29937432,29937432,236,153,0,184,184,17.0,1,1
10315,29937435,29937435,232,72,1,118,118,10.0,3,1
10316,29937441,29937441,194,107,0,125,125,13.0,1,1
10317,29937442,29937442,174,56,0,155,155,61.0,1,1
10318,29937450,29937450,99,87,1,67,67,16.0,1,1
10319,29937453,29937453,153,132,1,254,254,40.0,1,1
10320,29937463,29937463,189,98,1,78,78,20.0,2,1
10321,29937467,29937467,113,132,1,35,35,4.0,1,1
10322,29937468,29937468,145,131,1,130,130,61.0,1,1
10323,29937471,29937471,39,110,0,25,25,1.0,1,1
10324,29937476,29937476,176,109,1,29,29,37.0,2,1
10325,29937478,29937478,164,46,1,344,344,1.0,4,1
10326,29937479,29937479,115,92,0,27,27,26.0,1,1
10327,29937483,29937483,229,135,1,39,39,50.0,2,1
10328,29937486,29937486,34,115,0,25,25,41.0,1,1
10329,29937499,29937499,145,129,1,357,357,45.0,1,1
10330,29937504,29937504,186,117,0,216,216,61.0,1,1
10331,29937505,29937505,169,52,1,155,155,2.0,2,1
10332,29937513,29937513,132,140,0,173,173,17.0,4,1
10333,29937517,29937517,117,136,0,35,35,20.0,3,1
10334,29937520,29937520,193,104,1,125,125,5.0,1,1
10335,29937523,29937523,27,91,1,112,112,13.0,3,1
10336,29937523,29937523,67,33,1,106,106,40.0,1,1
10337,29937528,29937528,143,142,0,84,84,17.0,4,1
10338,29937535,29937535,114,129,1,35,35,10.0,1,1
10339,29937538,29937538,159,137,0,85,85,1.0,2,1
10340,29937539,29937539,114,136,0,35,35,17.0,2,1
10341,29937556,29937556,231,132,1,39,39,25.0,2,1
10342,29937558,29937558,233,71,1,118,118,8.0,3,1
10343,29937559,29937559,233,86,0,-1,-1,nan,0,0
10344,29937561,29937561,87,40,0,10,10,20.0,1,1
10345,29937566,29937566,234,81,0,23,23,50.0,1,1
10346,29937571,29937571,237,150,0,184,184,53.0,1,1
10347,29937572,29937572,168,41,1,310,310,29.0,5,1
10348,29937577,29937577,227,141,0,87,87,36.0,1,1
10349,29937579,29937579,160,136,0,85,85,5.0,2,1
10350,29937585,29937585,231,70,1,118,118,1.0,4,1
10351,29937596,29937596,146,130,1,357,357,53.0,1,1
10352,29937596,29937596,106,94,0,-1,-1,nan,0,0
10353,29937597,29937597,137,129,1,130,130,53.0,1,1
10354,29937599,29937599,175,107,1,29,29,16.0,1,1
10355,29937600,29937600,179,101,1,29,29,20.0,2,1
10356,29937608,29937608,26,108,1,165,165,10.0,2,1
10357,29937617,29937617,237,145,0,87,87,32.0,1,1
10358,29937625,29937625,95,90,0,67,67,9.0,1,1
10359,29937632,29937632,119,123,1,75,75,34.0,1,1
10360,29937641,29937641,140,142,0,253,253,10.0,4,1
10361,29937644,29937644,97,88,1,67,67,5.0,1,1
10362,29937649,29937649,85,44,0,58,58,37.0,2,1
10363,29937651,29937651,174,53,0,155,155,40.0,2,1
10364,29937657,29937657,168,43,1,275,275,18.0,3,1
10365,29937657,29937657,72,7,0,98,98,18.0,1,1
10366,29937661,29937661,230,74,1,23,23,5.0,3,1
10367,29937662,29937662,230,144,1,87,87,18.0,1,1
10368,29937662,29937662,189,115,0,-1,-1,nan,0,0
10369,29937663,29937663,117,4,0,3,3,10.0,3,1
10370,29937668,29937668,123,137,0,388,388,17.0,2,1
10371,29937680,29937680,83,26,0,2,2,34.0,2,1
10372,29937682,29937682,230,134,1,39,39,40.0,2,1
10373,29937694,29937694,112,98,0,27,27,5.0,1,1
10374,29937695,29937695,69,31,1,144,144,58.0,1,1
10375,29937705,29937705,134,126,1,-1,-1,nan,0,0
10376,29937705,29937705,125,3,0,458,458,13.0,4,1
10377,29937711,29937711,117,124,1,75,75,37.0,1,1
10378,29937714,29937714,102,94,0,-1,-1,nan,0,0
10379,29937716,29937716,33,97,0,166,166,1.0,3,1
10380,29937719,29937719,99,92,0,67,67,41.0,1,1
10381,29937723,29937723,114,135,0,35,35,10.0,2,1
10382,29937730,29937730,234,83,1,-1,-1,nan,0,0
10383,29937731,29937731,123,126,1,-1,-1,nan,0,0
10384,29937735,29937735,194,108,0,125,125,18.0,1,1
10385,29937736,29937736,175,42,1,197,197,8.0,3,1
10386,29937736,29937736,139,141,0,253,253,8.0,4,1
10387,29937739,29937739,28,113,1,165,165,13.0,2,1
10388,29937740,29937740,21,99,1,24,24,25.0,2,1
10389,29937740,29937740,184,99,1,-1,-1,nan,0,0
10390,29937741,29937741,104,83,1,-1,-1,nan,0,0
10391,29937744,29937744,118,137,0,83,83,25.0,3,1
10392,29937747,29937747,189,116,0,216,216,53.0,1,1
10393,29937749,29937749,81,45,0,58,58,4.0,2,1
10394,29937759,29937759,112,80,1,19,19,26.0,1,1
10395,29937761,29937761,166,38,1,376,376,10.0,5,1
10396,29937762,29937762,161,46,1,344,344,10.0,2,1
10397,29937764,29937764,158,124,1,37,37,13.0,1,1
10398,29937765,29937765,25,104,1,24,24,16.0,2,1
10399,29937772,29937772,160,134,0,215,215,5.0,2,1
10400,29937772,29937772,124,126,1,-1,-1,nan,0,0
10401,29937776,29937776,26,105,1,24,24,26.0,2,1
10402,29937781,29937781,122,138,0,388,388,9.0,3,1
10403,29937783,29937783,230,135,1,87,87,45.0,2,1
10404,29937783,29937783,237,80,0,-1,-1,nan,0,0
10405,29937785,29937785,153,144,0,290,290,36.0,2,1
10406,29937800,29937800,125,139,0,388,388,13.0,2,1
10407,29937800,29937800,110,78,1,19,19,18.0,1,1
10408,29937803,29937803,187,99,1,78,78,45.0,2,1
10409,29937807,29937807,237,147,0,87,87,52.0,1,1
10410,29937810,29937810,156,130,1,215,215,29.0,2,1
10411,29937813,29937813,100,84,1,67,67,34.0,1,1
10412,29937813,29937813,67,34,1,106,106,37.0,1,1
10413,29937818,29937818,115,101,0,27,27,17.0,2,1
10414,29937824,29937824,178,44,0,197,197,1.0,4,1
10415,29937829,29937829,235,152,0,184,184,25.0,1,1
10416,29937833,29937833,131,140,0,173,173,20.0,4,1
10417,29937836,29937836,184,100,1,-1,-1,nan,0,0
10418,29937839,29937839,68,32,1,106,106,58.0,1,1
10419,29937841,29937841,147,126,1,357,357,10.0,2,1
10420,29937844,29937844,22,99,1,72,72,25.0,2,1
10421,29937847,29937847,195,107,0,125,125,20.0,1,1
10422,29937855,29937855,159,139,0,85,85,1.0,3,1
10423,29937857,29937857,169,37,1,376,376,8.0,3,1
10424,29937860,29937860,156,132,1,215,215,25.0,4,1
10425,29937860,29937860,157,131,1,215,215,17.0,3,1
10426,29937865,29937865,233,153,0,184,184,20.0,1,1
10427,29937873,29937873,114,128,1,35,35,17.0,1,1
10428,29937874,29937874,124,0,0,458,458,5.0,2,1
10429,29937874,29937874,181,100,1,29,29,45.0,2,1
10430,29937875,29937875,124,138,0,388,388,13.0,2,1
10431,29937878,29937878,101,86,1,67,67,37.0,1,1
10432,29937883,29937883,130,125,1,-1,-1,nan,0,0
10433,29937886,29937886,235,145,1,87,87,20.0,1,1
10434,29937888,29937888,84,26,0,2,2,45.0,1,1
10435,29937890,29937890,75,23,1,2,2,9.0,3,1
10436,29937890,29937890,230,143,1,87,87,13.0,1,1
10437,29937896,29937896,38,112,0,25,25,2.0,1,1
10438,29937900,29937900,158,142,0,85,85,17.0,2,1
10439,29937900,29937900,37,113,0,25,25,8.0,1,1
10440,29937903,29937903,168,46,1,275,275,9.0,3,1
10441,29937905,29937905,157,132,1,215,215,16.0,3,1
10442,29937909,29937909,227,139,1,87,87,40.0,1,1
10443,29937911,29937911,177,39,1,310,310,16.0,3,1
10444,29937913,29937913,169,49,0,155,155,5.0,3,1
10445,29937914,29937914,176,107,1,29,29,17.0,2,1
10446,29937916,29937916,127,125,1,-1,-1,nan,0,0
10447,29937920,29937920,78,19,1,2,2,16.0,2,1
10448,29937921,29937921,155,145,0,131,131,50.0,1,1
10449,29937922,29937922,175,109,1,29,29,36.0,1,1
10450,29937927,29937927,164,48,1,344,344,9.0,4,1
10451,29937927,29937927,180,48,1,198,198,13.0,2,1
10452,29937927,29937927,140,128,1,324,324,50.0,1,1
10453,29937930,29937930,228,138,1,87,87,34.0,1,1
10454,29937931,29937931,102,85,1,67,67,53.0,1,1
10455,29937937,29937937,183,53,0,408,408,10.0,2,1
10456,29937939,29937939,160,127,1,37,37,2.0,3,1
10457,29937945,29937945,171,56,1,155,155,34.0,1,1
10458,29937947,29937947,167,44,1,344,344,10.0,4,1
10459,29937947,29937947,100,86,1,67,67,26.0,1,1
10460,29937953,29937953,31,98,0,166,166,4.0,3,1
10461,29937956,29937956,140,130,1,130,130,37.0,1,1
10462,29937957,29937957,184,118,0,-1,-1,nan,0,0
10463,29937958,29937958,231,144,1,87,87,13.0,1,1
10464,29937963,29937963,102,8,1,145,145,25.0,1,1
10465,29937967,29937967,165,47,1,344,344,5.0,3,1
10466,29937970,29937970,106,96,0,-1,-1,nan,0,0
10467,29937971,29937971,76,21,1,2,2,8.0,3,1
10468,29937973,29937973,118,123,1,75,75,29.0,1,1
10469,29937982,29937982,177,102,1,29,29,5.0,2,1
10470,29937982,29937982,148,131,1,254,254,58.0,1,1
10471,29937987,29937987,82,25,0,2,2,20.0,2,1
10472,29937992,29937992,236,139,0,87,87,13.0,2,1
10473,29937992,29937992,31,99,0,166,166,5.0,2,1
10474,29937998,29937998,176,105,1,29,29,5.0,2,1
10475,29937998,29937998,173,42,1,310,310,9.0,3,1
10476,29937999,29937999,36,111,0,25,25,9.0,1,1
10477,29938003,29938003,103,85,1,-1,-1,nan,0,0
10478,29938009,29938009,227,138,1,87,87,45.0,1,1
10479,29938009,29938009,141,142,0,84,84,17.0,4,1
10480,29938012,29938012,98,87,1,67,67,9.0,1,1
10481,29938024,29938024,123,138,0,388,388,10.0,2,1
10482,29938029,29938029,116,79,0,19,19,25.0,3,1
10483,29938032,29938032,229,134,1,39,39,37.0,1,1
10484,29938034,29938034,115,124,1,75,75,37.0,1,1
10485,29938035,29938035,124,5,0,52,52,10.0,4,1
10486,29938035,29938035,174,110,1,29,29,50.0,1,1
10487,29938049,29938049,103,82,1,-1,-1,nan,0,0
10488,29938050,29938050,220,149,0,47,47,41.0,1,1
10489,29938050,29938050,126,138,0,36,36,10.0,3,1
10490,29938054,29938054,153,130,1,-1,-1,nan,0,0
10491,29938063,29938063,181,101,1,29,29,40.0,1,1
10492,29938066,29938066,167,47,1,344,344,13.0,3,1
10493,29938071,29938071,174,42,1,310,310,10.0,3,1
10494,29938079,29938079,177,44,0,197,197,0.0,4,1
10495,29938081,29938081,176,179,1,45,45,17.0,2,1
10496,29938092,29938092,149,128,1,357,357,26.0,1,1
10497,29938092,29938092,26,91,1,112,112,10.0,2,1
10498,29938094,29938094,161,47,1,344,344,13.0,2,1
10499,29938099,29938099,76,22,1,2,2,5.0,3,1
10500,29938102,29938102,74,21,1,50,50,10.0,3,1
10501,29938127,29938127,81,30,0,144,144,29.0,2,1
10502,29938131,29938131,229,76,1,23,23,0.0,3,1
10503,29938133,29938133,70,30,1,144,144,40.0,1,1
10504,29938133,29938133,70,27,1,144,144,37.0,2,1
10505,29938141,29938141,141,141,0,253,253,20.0,4,1
10506,29938142,29938142,171,53,1,155,155,13.0,2,1
10507,29938153,29938153,177,105,1,29,29,8.0,2,1
10508,29938155,29938155,154,145,0,290,290,50.0,2,1
10509,29938155,29938155,119,124,1,75,75,45.0,1,1
10510,29938162,29938162,22,98,1,72,72,20.0,2,1
10511,29938163,29938163,239,74,0,71,71,45.0,1,1
10512,29938163,29938163,130,127,1,-1,-1,nan,0,0
10513,29938167,29938167,175,52,0,155,155,50.0,2,1
10514,29938169,29938169,236,80,0,-1,-1,nan,0,0
10515,29938176,29938176,125,0,0,458,458,10.0,2,1
10516,29938178,29938178,230,154,1,47,47,26.0,2,1
10517,29938184,29938184,231,147,1,87,87,40.0,1,1
10518,29938188,29938188,115,129,1,35,35,9.0,1,1
10519,29938189,29938189,40,109,0,25,25,5.0,1,1
10520,29938192,29938192,180,101,1,29,29,29.0,2,1
10521,29938194,29938194,130,139,0,173,173,18.0,3,1
10522,29938196,29938196,184,117,0,-1,-1,nan,0,0
10523,29938197,29938197,231,71,1,118,118,4.0,4,1
10524,29938199,29938199,34,100,0,166,166,5.0,1,1
10525,29938203,29938203,113,136,0,35,35,20.0,2,1
10526,29938205,29938205,114,78,1,19,19,10.0,1,1
10527,29938208,29938208,229,77,1,23,23,1.0,1,1
10528,29938208,29938208,177,107,1,29,29,20.0,2,1
10529,29938208,29938208,177,103,1,29,29,4.0,2,1
10530,29938210,29938210,193,110,0,125,125,29.0,1,1
10531,29938220,29938220,152,132,1,254,254,37.0,1,1
10532,29938222,29938222,188,99,1,78,78,34.0,2,1
10533,29938223,29938223,176,41,1,197,197,10.0,3,1
10534,29938225,29938225,101,4,0,-1,-1,nan,0,0
10535,29938225,29938225,234,70,1,71,71,8.0,4,1
10536,29938227,29938227,132,127,1,-1,-1,nan,0,0
10537,29938227,29938227,138,127,1,324,324,45.0,1,1
10538,29938227,29938227,116,93,0,27,27,20.0,1,1
10539,29938241,29938241,84,25,0,2,2,40.0,1,1
10540,29938243,29938243,157,143,0,85,85,29.0,3,1
10541,29938246,29938246,177,108,1,29,29,29.0,2,1
10542,29938249,29938249,229,145,1,87,87,32.0,1,1
10543,29938251,29938251,182,101,1,29,29,53.0,1,1
10544,29938255,29938255,71,25,1,50,50,25.0,3,1
10545,29938260,29938260,28,109,1,165,165,13.0,1,1
10546,29938260,29938260,41,108,0,25,25,13.0,1,1
10547,29938264,29938264,152,131,1,254,254,50.0,1,1
10548,29938266,29938266,232,133,1,176,176,40.0,2,1
10549,29938266,29938266,124,2,0,458,458,5.0,3,1
10550,29938270,29938270,100,87,1,67,67,25.0,1,1
10551,29938271,29938271,66,35,1,106,106,25.0,1,1
10552,29938271,29938271,96,88,1,67,67,2.0,1,1
10553,29938274,29938274,111,80,1,19,19,29.0,1,1
10554,29938277,29938277,165,46,1,344,344,2.0,4,1
10555,29938280,29938280,168,38,1,376,376,10.0,4,1
10556,29938281,29938281,136,128,1,-1,-1,nan,0,0
10557,29938281,29938281,191,102,1,125,125,9.0,2,1
10558,29938282,29938282,237,149,0,-1,-1,nan,0,0
10559,29938294,29938294,176,108,1,29,29,26.0,2,1
10560,29938295,29938295,177,104,1,29,29,5.0,3,1
10561,29938297,29938297,116,136,0,35,35,17.0,3,1
10562,29938299,29938299,178,45,0,197,197,2.0,4,1
10563,29938308,29938308,123,4,0,458,458,10.0,5,1
10564,29938308,29938308,73,26,1,144,144,13.0,3,1
10565,29938325,29938325,234,80,0,23,23,41.0,1,1
10566,29938326,29938326,237,146,0,87,87,41.0,1,1
10567,29938332,29938332,132,128,1,-1,-1,nan,0,0
10568,29938333,29938333,127,139,0,36,36,16.0,4,1
10569,29938341,29938341,230,142,1,87,87,10.0,1,1
10570,29938342,29938342,120,125,1,-1,-1,nan,0,0
10571,29938366,29938366,233,88,0,-1,-1,nan,0,0
10572,29938368,29938368,228,79,1,23,23,10.0,1,1
10573,29938368,29938368,193,113,0,-1,-1,nan,0,0
10574,29938374,29938374,126,126,1,-1,-1,nan,0,0
10575,29938377,29938377,162,49,1,344,344,20.0,3,1
10576,29938385,29938385,134,141,0,253,253,13.0,4,1
10577,29938387,29938387,236,140,0,87,87,10.0,2,1
10578,29938394,29938394,109,81,1,19,19,52.0,1,1
10579,29938395,29938395,230,151,1,47,47,29.0,2,1
10580,29938395,29938395,171,55,1,155,155,25.0,1,1
10581,29938403,29938403,178,106,1,29,29,18.0,2,1
10582,29938409,29938409,158,139,0,85,85,2.0,3,1
10583,29938419,29938419,119,137,0,388,388,25.0,3,1
10584,29938421,29938421,231,149,1,47,47,52.0,1,1
10585,29938431,29938431,88,39,0,10,10,26.0,1,1
10586,29938436,29938436,228,78,1,23,23,5.0,1,1
10587,29938441,29938441,179,99,1,29,29,32.0,3,1
10588,29938446,29938446,230,136,1,87,87,34.0,1,1
10589,29938447,29938447,168,44,1,275,275,13.0,4,1
10590,29938454,29938454,173,59,0,21,21,50.0,1,1
10591,29938455,29938455,36,114,0,25,25,18.0,1,1
10592,29938462,29938462,235,71,1,71,71,10.0,3,1
10593,29938466,29938466,135,140,1,253,253,13.0,3,1
10594,29938475,29938475,167,50,0,155,155,2.0,3,1
10595,29938476,29938476,131,126,1,-1,-1,nan,0,0
10596,29938486,29938486,113,134,1,35,35,8.0,2,1
10597,29938488,29938488,148,145,1,290,290,2.0,4,1
10598,29938497,29938497,161,129,1,37,37,9.0,3,1
10599,29938498,29938498,184,52,0,408,408,8.0,2,1
10600,29938506,29938506,231,131,1,39,39,18.0,1,1
10601,29938529,29938529,34,116,0,25,25,50.0,1,1
10602,29938529,29938529,34,99,0,166,166,2.0,1,1
10603,29938533,29938533,235,153,0,184,184,16.0,1,1
10604,29938536,29938536,177,114,0,286,286,17.0,2,1
10605,29938539,29938539,236,137,0,176,176,8.0,2,1
10606,29938542,29938542,133,141,0,253,253,20.0,4,1
10607,29938544,29938544,123,5,0,52,52,9.0,4,1
10608,29938554,29938554,87,42,0,10,10,32.0,1,1
10609,29938560,29938560,123,125,1,-1,-1,nan,0,0
10610,29938565,29938565,148,130,1,357,357,49.0,1,1
10611,29938582,29938582,116,99,0,27,27,8.0,2,1
10612,29938582,29938582,116,80,0,19,19,34.0,2,1
10613,29938583,29938583,148,144,0,290,290,1.0,3,1
10614,29938601,29938601,193,112,0,125,125,53.0,1,1
10615,29938604,29938604,35,114,0,25,25,25.0,1,1
10616,29938610,29938610,170,53,1,155,155,8.0,2,1
10617,29938610,29938610,167,46,1,344,344,10.0,3,1
10618,29938611,29938611,184,98,1,77,77,61.0,1,1
10619,29938611,29938611,182,53,0,408,408,17.0,2,1
10620,29938613,29938613,115,89,0,115,115,52.0,1,1
10621,29938620,29938620,228,137,1,87,87,41.0,1,1
10622,29938621,29938621,156,146,0,131,131,36.0,1,1
10623,29938622,29938622,128,139,0,36,36,17.0,4,1
10624,29938626,29938626,230,148,1,47,47,50.0,2,1
10625,29938632,29938632,178,40,1,197,197,17.0,4,1
10626,29938634,29938634,134,127,1,-1,-1,nan,0,0
10627,29938639,29938639,166,39,1,376,376,17.0,4,1
10628,29938640,29938640,182,100,1,29,29,58.0,1,1
10629,29938647,29938647,192,112,0,125,125,50.0,1,1
10630,29938649,29938649,159,133,1,215,215,5.0,3,1
10631,29938651,29938651,154,144,0,254,254,45.0,3,1
10632,29938656,29938656,152,145,0,290,290,26.0,2,1
10633,29938657,29938657,187,116,0,-1,-1,nan,0,0
10634,29938660,29938660,114,130,1,35,35,5.0,1,1
10635,29938660,29938660,115,100,0,27,27,10.0,2,1
10636,29938663,29938663,226,137,1,-1,-1,nan,0,0
10637,29938671,29938671,190,115,0,-1,-1,nan,0,0
10638,29938680,29938680,107,95,0,27,27,53.0,1,1
10639,29938682,29938682,192,114,0,-1,-1,nan,0,0
10640,29938683,29938683,152,144,0,290,290,25.0,2,1
10641,29938691,29938691,114,88,0,115,115,58.0,1,1
10642,29938693,29938693,169,40,1,310,310,17.0,4,1
10643,29938696,29938696,230,73,1,23,23,10.0,4,1
10644,29938697,29938697,175,108,1,29,29,25.0,1,1
10645,29938702,29938702,97,91,0,67,67,20.0,1,1
10646,29938707,29938707,77,19,1,2,2,17.0,2,1
10647,29938712,29938712,26,110,1,165,165,2.0,2,1
10648,29938713,29938713,174,57,0,-1,-1,nan,0,0
10649,29938713,29938713,192,113,0,-1,-1,nan,0,0
10650,29938717,29938717,149,143,0,290,290,5.0,3,1
10651,29938718,29938718,115,94,0,27,27,10.0,1,1
10652,29938724,29938724,234,154,0,184,184,10.0,1,1
10653,29938728,29938728,229,141,1,87,87,16.0,1,1
10654,29938729,29938729,106,95,0,-1,-1,nan,0,0
10655,29938744,29938744,29,112,1,165,165,17.0,1,1
10656,29938747,29938747,153,131,1,254,254,53.0,1,1
10657,29938748,29938748,139,128,1,324,324,53.0,1,1
10658,29938753,29938753,114,91,0,27,27,36.0,1,1
10659,29938763,29938763,22,104,1,24,24,1.0,2,1
10660,29938765,29938765,105,84,1,-1,-1,nan,0,0
10661,29938769,29938769,164,50,0,155,155,17.0,2,1
10662,29938774,29938774,131,127,1,-1,-1,nan,0,0
10663,29938781,29938781,39,109,0,25,25,4.0,1,1
10664,29938785,29938785,166,36,1,376,376,2.0,5,1
10665,29938786,29938786,158,141,0,85,85,10.0,3,1
10666,29938786,29938786,157,134,1,85,85,20.0,3,1
10667,29938791,29938791,239,136,0,176,176,2.0,2,1
10668,29938793,29938793,143,143,0,84,84,10.0,3,1
10669,29938809,29938809,116,124,1,75,75,36.0,1,1
10670,29938811,29938811,235,79,0,23,23,45.0,1,1
10671,29938821,29938821,180,102,1,29,29,26.0,2,1
10672,29938822,29938822,175,54,0,155,155,58.0,1,1
10673,29938822,29938822,115,81,0,19,19,40.0,2,1
10674,29938829,29938829,124,3,0,458,458,8.0,4,1
10675,29938830,29938830,174,55,0,155,155,52.0,1,1
10676,29938837,29938837,179,39,1,197,197,29.0,3,1
10677,29938838,29938838,79,44,0,58,58,1.0,2,1
10678,29938846,29938846,237,137,0,176,176,5.0,2,1
10679,29938851,29938851,180,40,0,197,197,25.0,4,1
10680,29938858,29938858,35,106,0,25,25,41.0,1,1
10681,29938862,29938862,169,51,0,155,155,1.0,3,1
10682,29938867,29938867,79,32,0,144,144,25.0,2,1
10683,29938868,29938868,86,42,0,10,10,25.0,2,1
10684,29938868,29938868,167,42,1,344,344,18.0,5,1
10685,29938878,29938878,236,145,0,87,87,25.0,1,1
10686,29938878,29938878,190,116,0,216,216,50.0,1,1
10687,29938884,29938884,35,104,0,166,166,40.0,1,1
10688,29938898,29938898,158,144,0,131,131,20.0,2,1
10689,29938905,29938905,178,101,1,29,29,13.0,2,1
10690,29938912,29938912,135,141,1,253,253,8.0,4,1
10691,29938914,29938914,89,40,0,10,10,40.0,2,1
10692,29938915,29938915,93,87,1,67,67,4.0,2,1
10693,29938928,29938928,88,40,0,10,10,29.0,1,1
10694,29938928,29938928,157,145,0,131,131,26.0,2,1
10695,29938933,29938933,85,43,0,10,10,29.0,2,1
10696,29938934,29938934,168,51,0,155,155,0.0,3,1
10697,29938941,29938941,125,2,0,458,458,10.0,3,1
10698,29938941,29938941,153,145,0,290,290,37.0,2,1
10699,29938941,29938941,159,128,1,37,37,8.0,3,1
10700,29938943,29938943,233,154,0,184,184,13.0,1,1
10701,29938949,29938949,176,52,0,275,275,61.0,1,1
10702,29938951,29938951,116,126,1,35,35,37.0,1,1
10703,29938951,29938951,36,104,0,166,166,45.0,2,1
10704,29938954,29938954,68,33,1,106,106,53.0,1,1
10705,29938955,29938955,114,79,1,19,19,17.0,1,1
10706,29938956,29938956,228,136,1,87,87,50.0,1,1
10707,29938961,29938961,231,151,1,47,47,40.0,2,1
10708,29938961,29938961,115,125,1,35,35,49.0,2,1
10709,29938968,29938968,131,128,1,-1,-1,nan,0,0
10710,29938968,29938968,74,24,1,2,2,17.0,3,1
10711,29938976,29938976,38,108,0,25,25,10.0,1,1
10712,29938977,29938977,138,142,0,253,253,2.0,4,1
10713,29938977,29938977,184,53,0,408,408,5.0,2,1
10714,29938982,29938982,147,144,0,290,290,0.0,3,1
10715,29938987,29938987,188,117,0,216,216,45.0,1,1
10716,29938992,29938992,148,132,1,254,254,45.0,1,1
10717,29938992,29938992,230,137,1,87,87,25.0,1,1
10718,29938994,29938994,158,140,0,85,85,5.0,3,1
10719,29938994,29938994,157,144,0,131,131,29.0,2,1
10720,29939013,29939013,187,117,0,216,216,52.0,1,1
10721,29939016,29939016,126,139,0,36,36,17.0,4,1
10722,29939028,29939028,232,71,1,118,118,5.0,3,1
10723,29939032,29939032,176,42,1,197,197,5.0,3,1
10724,29939036,29939036,234,87,0,-1,-1,nan,0,0
10725,29939051,29939051,178,179,1,139,139,36.0,2,1
10726,29939053,29939053,116,96,0,27,27,5.0,2,1
10727,29939056,29939056,168,40,1,310,310,26.0,5,1
10728,29939058,29939058,174,39,1,310,310,1.0,4,1
10729,29939059,29939059,117,78,0,19,19,25.0,2,1
10730,29939061,29939061,178,113,0,286,286,29.0,2,1
10731,29939064,29939064,232,131,1,39,39,25.0,2,1
10732,29939066,29939066,107,97,0,27,27,49.0,1,1
10733,29939067,29939067,85,42,0,10,10,20.0,2,1
10734,29939069,29939069,230,146,1,87,87,34.0,1,1
10735,29939069,29939069,231,155,0,184,184,20.0,2,1
10736,29939069,29939069,236,138,0,176,176,13.0,2,1
10737,29939074,29939074,153,133,1,254,254,29.0,2,1
10738,29939079,29939079,185,117,0,-1,-1,nan,0,0
10739,29939080,29939080,115,127,1,35,35,25.0,1,1
10740,29939090,29939090,233,85,0,-1,-1,nan,0,0
10741,29939097,29939097,116,135,0,35,35,10.0,2,1
10742,29939100,29939100,229,136,1,87,87,41.0,1,1
10743,29939105,29939105,152,133,1,254,254,26.0,1,1
10744,29939109,29939109,98,88,1,67,67,10.0,1,1
10745,29939116,29939116,229,147,1,47,47,52.0,2,1
10746,29939121,29939121,114,85,0,115,115,49.0,1,1
10747,29939128,29939128,115,130,1,35,35,4.0,1,1
10748,29939130,29939130,236,152,0,184,184,26.0,1,1
10749,29939131,29939131,180,39,0,276,276,26.0,4,1
10750,29939131,29939131,114,100,0,27,27,9.0,2,1
10751,29939134,29939134,143,129,1,357,357,61.0,1,1
10752,29939135,29939135,83,27,0,2,2,41.0,2,1
10753,29939136,29939136,186,118,0,216,216,50.0,1,1
10754,29939141,29939141,229,74,1,23,23,4.0,3,1
10755,29939146,29939146,149,144,0,290,290,4.0,3,1
10756,29939150,29939150,116,77,1,19,19,13.0,2,1
10757,29939152,29939152,116,100,0,27,27,13.0,2,1
10758,29939160,29939160,168,50,0,155,155,1.0,3,1
10759,29939164,29939164,231,135,1,87,87,40.0,3,1
10760,29939165,29939165,144,131,1,130,130,50.0,1,1
10761,29939171,29939171,114,134,1,35,35,5.0,2,1
10762,29939182,29939182,80,31,0,144,144,25.0,2,1
10763,29939183,29939183,78,30,0,144,144,8.0,2,1
10764,29939190,29939190,121,138,0,388,388,10.0,3,1
10765,29939191,29939191,37,111,0,25,25,4.0,1,1
10766,29939192,29939192,178,107,1,29,29,25.0,2,1
10767,29939196,29939196,193,111,1,125,125,40.0,1,1
10768,29939208,29939208,167,38,1,376,376,9.0,5,1
10769,29939210,29939210,115,86,0,115,115,37.0,1,1
10770,29939212,29939212,157,133,1,215,215,17.0,3,1
10771,29939217,29939217,84,41,0,10,10,10.0,2,1
10772,29939226,29939226,107,83,1,-1,-1,nan,0,0
10773,29939239,29939239,104,84,1,-1,-1,nan,0,0
10774,29939241,29939241,134,138,0,173,173,5.0,4,1
10775,29939254,29939254,167,51,0,155,155,1.0,3,1
10776,29939254,29939254,235,69,1,71,71,2.0,3,1
10777,29939257,29939257,231,73,1,23,23,13.0,4,1
10778,29939260,29939260,130,126,1,-1,-1,nan,0,0
10779,29939260,29939260,220,148,0,47,47,50.0,1,1
10780,29939262,29939262,38,109,0,25,25,5.0,1,1
10781,29939273,29939273,33,115,0,25,25,52.0,1,1
10782,29939278,29939278,116,127,1,35,35,26.0,1,1
10783,29939279,29939279,179,103,1,29,29,16.0,3,1
10784,29939279,29939279,228,140,0,87,87,26.0,1,1
10785,29939282,29939282,169,39,1,310,310,16.0,5,1
10786,29939288,29939288,81,27,0,2,2,25.0,2,1
10787,29939291,29939291,40,108,0,25,25,10.0,1,1
10788,29939296,29939296,173,58,0,-1,-1,nan,0,0
10789,29939304,29939304,234,82,0,23,23,61.0,1,1
10790,29939305,29939305,129,140,0,36,36,29.0,4,1
10791,29939308,29939308,180,41,0,197,197,18.0,4,1
10792,29939311,29939311,145,130,1,357,357,58.0,1,1
10793,29939316,29939316,235,134,1,176,176,10.0,2,1
10794,29939321,29939321,233,132,1,176,176,34.0,2,1
10795,29939321,29939321,194,107,0,125,125,13.0,1,1
10796,29939324,29939324,82,28,0,144,144,36.0,2,1
10797,29939325,29939325,230,72,1,118,118,10.0,4,1
10798,29939325,29939325,74,25,1,144,144,13.0,3,1
10799,29939326,29939326,179,43,0,197,197,5.0,4,1
10800,29939327,29939327,81,29,0,144,144,26.0,2,1
10801,29939327,29939327,232,134,1,176,176,37.0,3,1
10802,29939327,29939327,159,138,0,85,85,0.0,2,1
10803,29939327,29939327,174,54,0,155,155,45.0,1,1
10804,29939331,29939331,86,41,0,10,10,18.0,1,1
10805,29939332,29939332,84,46,0,58,58,26.0,1,1
10806,29939342,29939342,146,143,0,290,290,2.0,3,1
10807,29939345,29939345,115,83,0,115,115,40.0,1,1
10808,29939347,29939347,229,78,1,23,23,4.0,1,1
10809,29939347,29939347,118,136,0,35,35,25.0,3,1
10810,29939351,29939351,21,100,1,24,24,16.0,2,1
10811,29939352,29939352,238,148,0,-1,-1,nan,0,0
10812,29939357,29939357,156,133,1,215,215,26.0,3,1
10813,29939357,29939357,195,106,0,125,125,17.0,1,1
10814,29939358,29939358,78,31,0,144,144,13.0,1,1
10815,29939360,29939360,35,101,0,166,166,13.0,1,1
10816,29939365,29939365,179,42,0,197,197,8.0,4,1
10817,29939373,29939373,237,148,0,-1,-1,nan,0,0
10818,29939373,29939373,26,93,1,72,72,9.0,2,1
10819,29939378,29939378,184,119,0,-1,-1,nan,0,0
10820,29939378,29939378,104,80,1,-1,-1,nan,0,0
10821,29939382,29939382,133,140,0,173,173,16.0,5,1
10822,29939383,29939383,175,53,0,155,155,53.0,1,1
10823,29939385,29939385,170,179,1,45,45,5.0,2,1
10824,29939385,29939385,122,6,0,52,52,5.0,5,1
10825,29939388,29939388,168,45,1,275,275,10.0,4,1
10826,29939390,29939390,142,142,0,84,84,16.0,4,1
10827,29939390,29939390,80,29,0,144,144,17.0,2,1
10828,29939399,29939399,82,26,0,2,2,25.0,2,1
10829,29939402,29939402,147,130,1,357,357,50.0,1,1
10830,29939404,29939404,230,150,1,47,47,34.0,1,1
10831,29939411,29939411,191,116,0,216,216,49.0,1,1
10832,29939417,29939417,159,142,1,85,85,16.0,2,1
10833,29939418,29939418,135,129,1,173,173,53.0,1,1
10834,29939427,29939427,185,100,1,125,125,61.0,1,1
10835,29939429,29939429,183,99,1,77,77,61.0,1,1
10836,29939429,29939429,192,115,0,-1,-1,nan,0,0
10837,29939430,29939430,236,71,1,71,71,9.0,2,1
10838,29939430,29939430,33,98,0,166,166,0.0,3,1
10839,29939435,29939435,67,30,1,106,106,61.0,1,1
10840,29939442,29939442,115,80,0,19,19,29.0,2,1
10841,29939442,29939442,231,146,1,87,87,29.0,1,1
10842,29939445,29939445,109,82,1,-1,-1,nan,0,0
10843,29939445,29939445,34,104,0,166,166,37.0,1,1
10844,29939457,29939457,185,118,0,216,216,61.0,1,1
10845,29939459,29939459,35,116,0,25,25,41.0,1,1
10846,29939464,29939464,103,95,1,-1,-1,nan,0,0
10847,29939468,29939468,115,126,1,35,35,36.0,1,1
10848,29939469,29939469,229,75,1,23,23,1.0,3,1
10849,29939470,29939470,230,149,1,47,47,41.0,1,1
10850,29939476,29939476,105,95,0,-1,-1,nan,0,0
10851,29939480,29939480,180,100,1,29,29,34.0,3,1
10852,29939488,29939488,125,1,0,458,458,9.0,3,1
10853,29939489,29939489,178,52,0,198,198,61.0,1,1
10854,29939491,29939491,175,110,1,29,29,49.0,1,1
10855,29939493,29939493,178,42,0,197,197,5.0,3,1
10856,29939493,29939493,138,141,0,253,253,5.0,4,1
10857,29939495,29939495,87,43,0,10,10,41.0,2,1
10858,29939507,29939507,238,151,0,184,184,45.0,1,1
10859,29939507,29939507,82,29,0,144,144,37.0,2,1
10860,29939514,29939514,233,89,0,-1,-1,nan,0,0
10861,29939517,29939517,122,2,0,458,458,1.0,4,1
10862,29939524,29939524,183,119,0,286,286,50.0,1,1
10863,29939524,29939524,106,83,1,-1,-1,nan,0,0
10864,29939527,29939527,163,48,1,344,344,10.0,3,1
10865,29939527,29939527,78,43,0,58,58,5.0,2,1
10866,29939530,29939530,228,77,1,23,23,2.0,1,1
10867,29939535,29939535,102,86,1,67,67,50.0,1,1
10868,29939540,29939540,115,96,0,27,27,2.0,2,1
10869,29939541,29939541,71,29,1,144,144,26.0,1,1
10870,29939541,29939541,116,92,0,27,27,29.0,1,1
10871,29939550,29939550,95,89,1,67,67,4.0,1,1
10872,29939558,29939558,158,143,0,131,131,25.0,2,1
10873,29939558,29939558,115,98,0,27,27,2.0,2,1
10874,29939562,29939562,115,102,0,27,27,26.0,3,1
10875,29939567,29939567,180,113,0,30,30,25.0,2,1
10876,29939569,29939569,25,95,1,72,72,2.0,2,1
10877,29939574,29939574,234,81,0,23,23,50.0,1,1
10878,29939576,29939576,228,83,1,23,23,50.0,1,1
